Mod:Item:MetaData, Localized Name
minecraft:stone, Камень
minecraft:grass, Блок травы
minecraft:dirt:0, Земля
minecraft:dirt:2, Подзол
minecraft:cobblestone, Булыжник
minecraft:planks:0, Дубовые доски
minecraft:planks:1, Еловые доски
minecraft:planks:2, Берёзовые доски
minecraft:planks:3, Доски из тропического дерева
minecraft:planks:4, Доски из акации
minecraft:planks:5, Доски из тёмного дуба
minecraft:sapling:0, Саженец дуба
minecraft:sapling:1, Саженец ели
minecraft:sapling:2, Саженец берёзы
minecraft:sapling:3, Саженец тропического дерева
minecraft:sapling:4, Саженец акации
minecraft:sapling:5, Саженец тёмного дуба
minecraft:bedrock, Бедрок
minecraft:flowing_water, Вода
minecraft:water, Вода
minecraft:flowing_lava, Лава
minecraft:lava, Лава
minecraft:sand:0, Песок
minecraft:sand:1, Красный песок
minecraft:gravel, Гравий
minecraft:gold_ore, Золотая руда
minecraft:iron_ore, Железная руда
minecraft:coal_ore, Уголь
minecraft:log:0, Дуб
minecraft:log:1, Ель
minecraft:log:2, Берёза
minecraft:log:3, Тропическое дерево
minecraft:leaves:0, Дубовые листья
minecraft:leaves:1, Хвоя
minecraft:leaves:2, Берёзовые листья
minecraft:leaves:3, Листья тропического дерева
minecraft:sponge, Губка
minecraft:glass, Стекло
minecraft:lapis_ore, Лазуритовая руда
minecraft:lapis_block, Блок лазурита
minecraft:dispenser, Раздатчик
minecraft:sandstone:0, Песчаник
minecraft:sandstone:1, Резной песчаник
minecraft:sandstone:2, Гладкий песчаник
minecraft:noteblock, Нотный блок
minecraft:golden_rail, Энергорельсы
minecraft:detector_rail, Рельсы с датчиком
minecraft:sticky_piston, Липкий поршень
minecraft:web, Паутина
minecraft:tallgrass:1, Высокая трава
minecraft:tallgrass:2, Папоротник
minecraft:deadbush, Мертвый куст
minecraft:piston, Поршень
minecraft:wool:0, Шерсть
minecraft:wool:1, Оранжевая шерсть
minecraft:wool:2, Пурпурная шерсть
minecraft:wool:3, Голубая шерсть
minecraft:wool:4, Желтая шерсть
minecraft:wool:5, Лаймовая шерсть
minecraft:wool:6, Розовая шерсть
minecraft:wool:7, Серая шерсть
minecraft:wool:8, Светло-серая шерсть
minecraft:wool:9, Бирюзовая шерсть
minecraft:wool:10, Фиолетовая шерсть
minecraft:wool:11, Синяя шерсть
minecraft:wool:12, Коричневая шерсть
minecraft:wool:13, Зеленая шерсть
minecraft:wool:14, Красная шерсть
minecraft:wool:15, Черная шерсть
minecraft:yellow_flower:0, Одуванчик
minecraft:red_flower:0, Мак
minecraft:red_flower:1, Синяя орхидея
minecraft:red_flower:2, Лук
minecraft:red_flower:3, Голубой василек
minecraft:red_flower:4, Красный тюльпан
minecraft:red_flower:5, Оранжевый тюльпан
minecraft:red_flower:6, Белый тюльпан
minecraft:red_flower:7, Розовый тюльпан
minecraft:red_flower:8, Ромашка
minecraft:brown_mushroom, Гриб
minecraft:red_mushroom, Гриб
minecraft:gold_block, Золотой блок
minecraft:iron_block, Железный блок
minecraft:stone_slab:0, Каменная плита
minecraft:stone_slab:1, Плита из песчаника
minecraft:stone_slab:3, Плита из булыжника
minecraft:stone_slab:4, Кирпичная плита
minecraft:stone_slab:5, Плита из каменных кирпичей
minecraft:stone_slab:6, Плита из адского кирпича
minecraft:stone_slab:7, Кварцевая плита
minecraft:brick_block, Кирпичи
minecraft:tnt, Динамит
minecraft:bookshelf, Книжная полка
minecraft:mossy_cobblestone, Замшелый булыжник
minecraft:obsidian, Обсидиан
minecraft:torch, Факел
minecraft:fire, Огонь
minecraft:mob_spawner:0, Рассадник монстров
minecraft:oak_stairs, Дубовые ступеньки
minecraft:chest, Сундук
minecraft:diamond_ore, Алмазная руда
minecraft:diamond_block, Алмазный блок
minecraft:crafting_table, Верстак
minecraft:farmland, Пашня
minecraft:furnace, Печь
minecraft:lit_furnace, Печь
minecraft:ladder, Лестница
minecraft:rail, Рельсы
minecraft:stone_stairs, Ступеньки из булыжника
minecraft:lever, Рычаг
minecraft:stone_pressure_plate, Нажимная плита
minecraft:wooden_pressure_plate, Нажимная плита
minecraft:redstone_ore, Красная руда
minecraft:redstone_torch, Красный факел
minecraft:stone_button, Кнопка
minecraft:snow_layer:0, Снег
minecraft:ice, Лёд
minecraft:snow, Снег
minecraft:cactus, Кактус
minecraft:clay, Глина
minecraft:jukebox, Проигрыватель
minecraft:fence, Забор
minecraft:pumpkin, Тыква
minecraft:netherrack, Адский камень
minecraft:soul_sand, Песок душ
minecraft:glowstone, Светящийся камень
minecraft:portal, Админиум-портал
minecraft:lit_pumpkin, Светильник Джека
minecraft:stained_glass:0, Белое стекло
minecraft:stained_glass:1, Оранжевое стекло
minecraft:stained_glass:2, Пурпурное стекло
minecraft:stained_glass:3, Голубое стекло
minecraft:stained_glass:4, Жёлтое стекло
minecraft:stained_glass:5, Лаймовое стекло
minecraft:stained_glass:6, Розовое стекло
minecraft:stained_glass:7, Серое стекло
minecraft:stained_glass:8, Светло-серое стекло
minecraft:stained_glass:9, Бирюзовое стекло
minecraft:stained_glass:10, Фиолетовое стекло
minecraft:stained_glass:11, Синее стекло
minecraft:stained_glass:12, Коричневое стекло
minecraft:stained_glass:13, Зелёное стекло
minecraft:stained_glass:14, Красное стекло
minecraft:stained_glass:15, Чёрное стекло
minecraft:trapdoor, Люк
minecraft:monster_egg:0, Камень с монстрами
minecraft:monster_egg:1, Булыжник с монстрами
minecraft:monster_egg:2, Каменный кирпич с монстрами
minecraft:monster_egg:3, Замшелый каменный кирпич с монстрами
minecraft:monster_egg:4, Потрескавшийся каменный кирпич с монстрами
minecraft:monster_egg:5, Резной каменный кирпич с монстрами
minecraft:stonebrick:0, Каменные кирпичи
minecraft:stonebrick:1, Замшелые каменные кирпичи
minecraft:stonebrick:2, Потресканные каменные кирпичи
minecraft:stonebrick:3, Резные каменные кирпичи
minecraft:brown_mushroom_block, Гриб
minecraft:red_mushroom_block, Гриб
minecraft:iron_bars, Железные прутья
minecraft:glass_pane, Стеклянная панель
minecraft:melon_block, Арбуз
minecraft:vine, Лоза
minecraft:fence_gate, Калитка
minecraft:brick_stairs, Кирпичные ступеньки
minecraft:stone_brick_stairs, Ступеньки из каменного кирпича
minecraft:mycelium, Мицелий
minecraft:waterlily, Кувшинка
minecraft:nether_brick, Адские кирпичи
minecraft:nether_brick_fence, Адский забор
minecraft:nether_brick_stairs, Адские ступеньки
minecraft:enchanting_table, Стол зачарований
minecraft:end_portal, tile.null.name
minecraft:end_portal_frame, Портал в Энд
minecraft:end_stone, Эндерняк
minecraft:dragon_egg, Яйцо дракона
minecraft:redstone_lamp, Лампа
minecraft:wooden_slab:0, Дубовая плита
minecraft:wooden_slab:1, Еловая панель
minecraft:wooden_slab:2, Берёзовая плита
minecraft:wooden_slab:3, Плита из тропического дерева
minecraft:wooden_slab:4, Плита из акации
minecraft:wooden_slab:5, Плита из тёмного дуба
minecraft:cocoa, Какао
minecraft:sandstone_stairs, Ступеньки из песчаника
minecraft:emerald_ore, Изумрудная руда
minecraft:ender_chest, Сундук Эндера
minecraft:tripwire_hook, Крюк
minecraft:emerald_block, Изумрудный блок
minecraft:spruce_stairs, Еловые ступеньки
minecraft:birch_stairs, Березовые ступеньки
minecraft:jungle_stairs, Ступеньки из тропической древесины
minecraft:command_block, Командный блок
minecraft:beacon, Маяк
minecraft:cobblestone_wall:0, Каменная ограда
minecraft:cobblestone_wall:1, Ограда из замшелого булыжника
minecraft:carrots, Морковь
minecraft:potatoes, Картофель
minecraft:wooden_button, Кнопка
minecraft:anvil:0, Наковальня
minecraft:anvil:1, Повреждённая наковальня
minecraft:anvil:2, Сильно повреждённая наковальня
minecraft:trapped_chest, Сундук-ловушка
minecraft:light_weighted_pressure_plate, Утяжелённая нажимная пластина (Лёгкая)
minecraft:heavy_weighted_pressure_plate, Утяжелённая нажимная пластина (Тяжёлая)
minecraft:daylight_detector, Датчик дневного света
minecraft:redstone_block, Блок красного камня
minecraft:quartz_ore, Кварцевая руда
minecraft:hopper, Воронка
minecraft:quartz_block:0, Кварцевый блок
minecraft:quartz_block:1, Резной кварцевый блок
minecraft:quartz_block:2, Кварцевая колонна
minecraft:quartz_stairs, Кварцевые ступеньки
minecraft:activator_rail, Активирующие рельсы
minecraft:dropper, Выбрасыватель
minecraft:stained_hardened_clay:0, Белая обожжённая глина
minecraft:stained_hardened_clay:1, Оранжевая обожжённая глина
minecraft:stained_hardened_clay:2, Пурпурная обожжённая глина
minecraft:stained_hardened_clay:3, Голубая обожжённая глина
minecraft:stained_hardened_clay:4, Жёлтая обожжённая глина
minecraft:stained_hardened_clay:5, Лаймовая обожжённая глина
minecraft:stained_hardened_clay:6, Розовая обожжённая глина
minecraft:stained_hardened_clay:7, Серая обожжённая глина
minecraft:stained_hardened_clay:8, Светло-серая обожжённая глина
minecraft:stained_hardened_clay:9, Бирюзовая обожжённая глина
minecraft:stained_hardened_clay:10, Фиолетовая обожжённая глина
minecraft:stained_hardened_clay:11, Синяя обожжённая глина
minecraft:stained_hardened_clay:12, Коричневая обожжённая глина
minecraft:stained_hardened_clay:13, Зелёная обожжённая глина
minecraft:stained_hardened_clay:14, Красная обожжённая глина
minecraft:stained_hardened_clay:15, Чёрная обожжённая глина
minecraft:stained_glass_pane:0, Белая стеклянная панель
minecraft:stained_glass_pane:1, Оранжевая стеклянная панель
minecraft:stained_glass_pane:2, Пурпурная стеклянная панель
minecraft:stained_glass_pane:3, Голубая стеклянная панель
minecraft:stained_glass_pane:4, Жёлтая стеклянная панель
minecraft:stained_glass_pane:5, Лаймовая стеклянная панель
minecraft:stained_glass_pane:6, Розовая стеклянная панель
minecraft:stained_glass_pane:7, Серая стеклянная панель
minecraft:stained_glass_pane:8, Светло-серая стеклянная панель
minecraft:stained_glass_pane:9, Бирюзовая стеклянная панель
minecraft:stained_glass_pane:10, Фиолетовая стеклянная панель
minecraft:stained_glass_pane:11, Синяя стеклянная панель
minecraft:stained_glass_pane:12, Коричневая стеклянная панель
minecraft:stained_glass_pane:13, Зелёная стеклянная панель
minecraft:stained_glass_pane:14, Красная стеклянная панель
minecraft:stained_glass_pane:15, Чёрная стеклянная панель
minecraft:leaves2:0, Листья акации
minecraft:leaves2:1, Листья тёмного дуба
minecraft:log2:0, Древесина акации
minecraft:log2:1, Древесина тёмного дуба
minecraft:acacia_stairs, Ступеньки из древесины акации
minecraft:dark_oak_stairs, Ступеньки из тёмного дуба
IC2:blockOreCopper, ic2.blockOreCopper.name
IC2:blockOreTin, ic2.blockOreTin.name
IC2:blockOreUran, ic2.blockOreUran.name
IC2:blockOreLead, ic2.blockOreLead.name
IC2:blockRubWood, ic2.blockRubWood.name
minecraft:hay_block, Сноп сена
minecraft:carpet:0, Ковёр
minecraft:carpet:1, Оранжевый ковёр
minecraft:carpet:2, Пурпурный ковёр
minecraft:carpet:3, Голубой ковёр
minecraft:carpet:4, Жёлтый ковёр
minecraft:carpet:5, Лаймовый ковёр
minecraft:carpet:6, Розовый ковёр
minecraft:carpet:7, Серый ковёр
minecraft:carpet:8, Светло-серый ковёр
minecraft:carpet:9, Бирюзовый ковёр
minecraft:carpet:10, Фиолетовый ковёр
minecraft:carpet:11, Синий ковёр
minecraft:carpet:12, Коричневый ковёр
minecraft:carpet:13, Зелёный ковёр
minecraft:carpet:14, Красный ковёр
minecraft:carpet:15, Чёрный ковёр
minecraft:hardened_clay, Обожжёная глина
minecraft:coal_block, Угольный блок
minecraft:packed_ice, Плотный лёд
minecraft:double_plant:0, Подсолнух
minecraft:double_plant:1, Сирень
minecraft:double_plant:2, Двойная высокая трава
minecraft:double_plant:3, Раскидистый папоротник
minecraft:double_plant:4, Розовый куст
minecraft:double_plant:5, Пион
IC2:blockRubLeaves, ic2.blockRubLeaves.name
IC2:blockRubSapling, ic2.blockRubSapling.name
IC2:blockHarz, ic2.blockHarz.name
IC2:blockRubber, ic2.blockRubber.name
IC2:blockFenceIron, ic2.blockFenceIron.name
IC2:blockAlloy, ic2.blockAlloy.name
IC2:blockBasalt, ic2.blockBasalt.name
IC2:blockAlloyGlass, ic2.blockAlloyGlass.name
IC2:blockDoorAlloy, tile.blockDoorAlloy.name
IC2:blockReinforcedFoam, ic2.blockReinforcedFoam.name
IC2:blockFoam, ic2.blockFoam.name
IC2:blockWall, ic2.blockWall.name
IC2:blockScaffold, ic2.blockScaffold.name
IC2:blockIronScaffold, ic2.blockIronScaffold.name
IC2:blockMetal:0, ic2.blockMetalCopper
IC2:blockMetal:1, ic2.blockMetalTin
IC2:blockMetal:2, ic2.blockMetalBronze
IC2:blockMetal:3, ic2.blockMetalUranium
IC2:blockMetal:4, ic2.blockMetalLead
IC2:blockMetal:5, ic2.blockMetalAdvIron
IC2:blockCable, ic2.blockCable.name
IC2:blockKineticGenerator:0, ic2.blockWindKineticGenerator
IC2:blockKineticGenerator:1, ic2.blockSteamKineticGenerator
IC2:blockKineticGenerator:2, ic2.blockElectricKineticGenerator
IC2:blockKineticGenerator:3, ic2.blockManualKineticGenerator
IC2:blockKineticGenerator:4, ic2.blockWaterKineticGenerator
IC2:blockKineticGenerator:5, ic2.blockStirlingKineticGenerator
IC2:blockHeatGenerator:0, ic2.blockSolidHeatGenerator
IC2:blockHeatGenerator:1, ic2.blockFluidHeatGenerator
IC2:blockHeatGenerator:2, ic2.blockRTHeatGenerator
IC2:blockHeatGenerator:3, ic2.blockElectricHeatGenerator
IC2:blockGenerator:0, ic2.blockGenerator
IC2:blockGenerator:1, ic2.blockGeoGenerator
IC2:blockGenerator:2, ic2.blockWaterGenerator
IC2:blockGenerator:3, ic2.blockSolarGenerator
IC2:blockGenerator:4, ic2.blockWindGenerator
IC2:blockGenerator:5, ic2.blockNuclearReactor
IC2:blockGenerator:6, ic2.blockRTGenerator
IC2:blockGenerator:7, ic2.blockSemifluidGenerator
IC2:blockGenerator:8, ic2.blockStirlingGenerator
IC2:blockGenerator:9, ic2.blockKineticGenerator
IC2:blockReactorChamber, ic2.blockReactorChamber.name
IC2:blockReactorFluidPort, ic2.blockReactorFluidPort.name
IC2:blockReactorAccessHatch, ic2.blockReactorAccessHatch.name
IC2:blockReactorRedstonePort, ic2.blockReactorRedstonePort.name
IC2:blockreactorvessel, ic2.blockreactorvessel.name
IC2:blockElectric:3, ic2.blockTransformerLV
IC2:blockElectric:4, ic2.blockTransformerMV
IC2:blockElectric:5, ic2.blockTransformerHV
IC2:blockElectric:6, ic2.blockTransformerEV
IC2:blockElectric:0, ic2.blockBatBox
IC2:blockElectric:7, ic2.blockCESU
IC2:blockElectric:1, ic2.blockMFE
IC2:blockElectric:2, ic2.blockMFSU
IC2:blockElectric:0, ic2.blockBatBox
IC2:blockElectric:7, ic2.blockCESU
IC2:blockElectric:1, ic2.blockMFE
IC2:blockElectric:2, ic2.blockMFSU
IC2:blockChargepad:0, ic2.blockChargepadBatBox
IC2:blockChargepad:1, ic2.blockChargepadCESU
IC2:blockChargepad:2, ic2.blockChargepadMFE
IC2:blockChargepad:3, ic2.blockChargepadMFSU
IC2:blockChargepad:0, ic2.blockChargepadBatBox
IC2:blockChargepad:1, ic2.blockChargepadCESU
IC2:blockChargepad:2, ic2.blockChargepadMFE
IC2:blockChargepad:3, ic2.blockChargepadMFSU
IC2:blockMachine:0, ic2.blockMachine
IC2:blockMachine:1, ic2.blockIronFurnace
IC2:blockMachine:2, ic2.blockElecFurnace
IC2:blockMachine:3, ic2.blockMacerator
IC2:blockMachine:4, ic2.blockExtractor
IC2:blockMachine:5, ic2.blockCompressor
IC2:blockMachine:6, ic2.blockCanner
IC2:blockMachine:7, ic2.blockMiner
IC2:blockMachine:8, ic2.blockPump
IC2:blockMachine:9, ic2.blockMagnetizer
IC2:blockMachine:10, ic2.blockElectrolyzer
IC2:blockMachine:11, ic2.blockRecycler
IC2:blockMachine:12, ic2.blockAdvMachine
IC2:blockMachine:13, ic2.blockInduction
IC2:blockMachine:14, ic2.blockMatter
IC2:blockMachine:15, ic2.blockTerra
IC2:blockMachine2:0, ic2.blockTeleporter
IC2:blockMachine2:1, ic2.blockTesla
IC2:blockMachine2:2, ic2.blockCropmatron
IC2:blockMachine2:3, ic2.blockCentrifuge
IC2:blockMachine2:4, ic2.blockMetalFormer
IC2:blockMachine2:5, ic2.blockOreWashingPlant
IC2:blockMachine2:6, ic2.blockPatternStorage
IC2:blockMachine2:7, ic2.blockScanner
IC2:blockMachine2:8, ic2.blockReplicator
IC2:blockMachine2:9, ic2.blockSolidCanner
IC2:blockMachine2:10, ic2.blockFluidBottler
IC2:blockMachine2:11, ic2.blockAdvMiner
IC2:blockMachine2:12, ic2.blockLiquidHeatExchanger
IC2:blockMachine2:13, ic2.blockFermenter
IC2:blockMachine2:14, ic2.blockFluidRegulator
IC2:blockMachine2:15, ic2.blockCondenser
IC2:blockMachine3:0, ic2.blockSteamGenerator
IC2:blockMachine3:1, ic2.blockBlastFurnace
IC2:blockMachine3:2, ic2.blockBlockCutter
IC2:blockMachine3:3, ic2.blockSolarDestiller
IC2:blockMachine3:4, ic2.blockFluidDistributor
IC2:blockMachine3:5, ic2.blockSortingMachine
IC2:blockMachine3:6, ic2.blockItemBuffer
IC2:blockMachine3:7, ic2.blockCropHavester
IC2:blockMachine3:8, ic2.blockLathe
IC2:blockLuminatorDark, ic2.blockLuminatorDark.name
IC2:blockLuminator, ic2.blockLuminator.name
IC2:blockMiningPipe, ic2.blockMiningPipe.name
IC2:blockMiningTip, ic2.blockMiningTip.name
IC2:blockPersonal:0, ic2.blockPersonalChest
IC2:blockPersonal:1, ic2.blockPersonalTrader
IC2:blockPersonal:2, ic2.blockPersonalTraderEnergy
IC2:blockITNT, ic2.blockITNT.name
IC2:blockNuke, ic2.blockNuke.name
IC2:blockDynamite, ic2.blockDynamite.name
IC2:blockDynamiteRemote, ic2.blockDynamiteRemote.name
IC2:blockCrop, ic2.blockCrop.name
IC2:blockBarrel, ic2.blockBarrel.name
IC2:fluidUuMatter, ic2.fluidUuMatter.name
IC2:fluidConstructionFoam, ic2.fluidConstructionFoam.name
IC2:fluidCoolant, ic2.fluidCoolant.name
IC2:fluidHotCoolant, ic2.fluidHotCoolant.name
IC2:fluidPahoehoeLava, ic2.fluidPahoehoeLava.name
IC2:fluidBiomass, ic2.fluidBiomass.name
IC2:fluidBiogas, ic2.fluidBiogas.name
IC2:fluidDistilledWater, ic2.fluidDistilledWater.name
IC2:fluidSuperheatedSteam, ic2.fluidSuperheatedSteam.name
IC2:fluidSteam, ic2.fluidSteam.name
IC2:fluidHotWater, ic2.fluidHotWater.name
AdvancedMachines:blockAdvMachine:0, §6Роторный дробитель
AdvancedMachines:blockAdvMachine:1, §6Сингулярный компрессор
AdvancedMachines:blockAdvMachine:2, §6Центробежный экстрактор
AdvancedMachines:blockAdvMachine:3, §6Комбинированный утилизатор
AdvancedMachines:blockAdvMachine:4, §6Роторный рудопромывочный механизм
AdvancedSolarPanel:BlockMolecularTransformer, tile.null.name
AdvancedSolarPanel:BlockAdvSolarPanel:0, Улучшенная солнечная панель
AdvancedSolarPanel:BlockAdvSolarPanel:1, Гибридная солнечная панель
AdvancedSolarPanel:BlockAdvSolarPanel:2, Ультимейт гибридная солнечная панель
AdvancedSolarPanel:BlockAdvSolarPanel:3, Квантовая солнечная панель
AdvancedSolarPanel:BlockAdvSolarPanel:4, Квантовый генератор
appliedenergistics2:tile.OreQuartz, Руда истинного кварца
appliedenergistics2:tile.OreQuartzCharged, Заряженная руда истинного кварца
appliedenergistics2:tile.BlockMatrixFrame, Каркас матрицы
appliedenergistics2:tile.BlockQuartz, Блок истинного кварца
appliedenergistics2:tile.BlockQuartzPillar, Колонна истинного кварца
appliedenergistics2:tile.BlockQuartzChiseled, Резной блок истинного кварца
appliedenergistics2:tile.BlockQuartzGlass, Кварцевое стекло
appliedenergistics2:tile.BlockQuartzLamp, Энергичное кварцевое стекло
appliedenergistics2:tile.BlockQuartzTorch, Светильник из заряженного кварца
appliedenergistics2:tile.BlockFluix, Изменчивый блок
appliedenergistics2:tile.BlockSkyStone:0, Небесный камень
appliedenergistics2:tile.BlockSkyStone:1, Блок небесного камня
appliedenergistics2:tile.BlockSkyStone:2, Кирпич небесного камня
appliedenergistics2:tile.BlockSkyStone:3, Малый кирпич небесного камня
appliedenergistics2:tile.BlockSkyChest:0, Сундук из небесного камня
appliedenergistics2:tile.BlockSkyChest:1, Сундук из блока небесного камня
appliedenergistics2:tile.BlockSkyCompass, Метеоритный компас
appliedenergistics2:tile.BlockGrinder, Кварцевый дробитель
appliedenergistics2:tile.BlockCrank, Деревянная рукоятка
appliedenergistics2:tile.BlockInscriber, Высекатель
appliedenergistics2:tile.BlockWireless, МЭ беспроводная точка доступа
appliedenergistics2:tile.BlockCharger, Зарядник
appliedenergistics2:tile.BlockTinyTNT, Маленький динамит
appliedenergistics2:tile.BlockSecurity, МЭ терминал безопасности
appliedenergistics2:tile.BlockQuantumRing, МЭ квантовое кольцо
appliedenergistics2:tile.BlockQuantumLinkChamber, МЭ камера квантовой связи
appliedenergistics2:tile.BlockSpatialPylon, Пространственный пилон
appliedenergistics2:tile.BlockSpatialIOPort, Пространственный порт ввода\вывода
appliedenergistics2:tile.BlockCableBus, AE2 кабель и/или шина
appliedenergistics2:tile.BlockController, МЭ контроллер
minecraft:iron_shovel, Железная лопата
minecraft:iron_pickaxe, Железная кирка
minecraft:iron_axe, Железный топор
minecraft:flint_and_steel, Огниво
minecraft:apple, Яблоко
minecraft:bow, Лук
minecraft:arrow, Стрела
minecraft:coal:0, Уголь
minecraft:coal:1, Древесный уголь
minecraft:diamond, Алмаз
minecraft:iron_ingot, Железный слиток
minecraft:gold_ingot, Золотой слиток
minecraft:iron_sword, Железный меч
minecraft:wooden_sword, Деревянный меч
minecraft:wooden_shovel, Деревянная лопата
minecraft:wooden_pickaxe, Деревянная кирка
minecraft:wooden_axe, Деревянный топор
minecraft:stone_sword, Каменный меч
minecraft:stone_shovel, Каменная лопата
minecraft:stone_pickaxe, Каменная кирка
minecraft:stone_axe, Каменный топор
minecraft:diamond_sword, Алмазный меч
minecraft:diamond_shovel, Алмазная лопата
minecraft:diamond_pickaxe, Алмазная кирка
minecraft:diamond_axe, Алмазный топор
minecraft:stick, Палка
minecraft:bowl, Миска
minecraft:mushroom_stew, Тушеные грибы
minecraft:golden_sword, Золотой меч
minecraft:golden_shovel, Золотая лопата
minecraft:golden_pickaxe, Золотая кирка
minecraft:golden_axe, Золотой топор
minecraft:string, Нить
minecraft:feather, Перо
minecraft:gunpowder, Порох
minecraft:wooden_hoe, Деревянная мотыга
minecraft:stone_hoe, Каменная мотыга
minecraft:iron_hoe, Железная мотыга
minecraft:diamond_hoe, Алмазная мотыга
minecraft:golden_hoe, Золотая мотыга
minecraft:wheat_seeds, Семена пшеницы
minecraft:wheat, Пшеница
minecraft:bread, Хлеб
minecraft:leather_helmet, Кожаный шлем
minecraft:leather_chestplate, Кожаная куртка
minecraft:leather_leggings, Кожаные штаны
minecraft:leather_boots, Кожаные ботинки
minecraft:chainmail_helmet, Койф
minecraft:chainmail_chestplate, Кольчуга
minecraft:chainmail_leggings, Кольчужные поножи
minecraft:chainmail_boots, Кольчужные ботинки
minecraft:iron_helmet, Железный шлем
minecraft:iron_chestplate, Железный нагрудник
minecraft:iron_leggings, Железные поножи
minecraft:iron_boots, Железные ботинки
minecraft:diamond_helmet, Алмазный шлем
minecraft:diamond_chestplate, Алмазный нагрудник
minecraft:diamond_leggings, Алмазные поножи
minecraft:diamond_boots, Алмазные ботинки
minecraft:golden_helmet, Золотой шлем
minecraft:golden_chestplate, Золотой нагрудник
minecraft:golden_leggings, Золотые поножи
minecraft:golden_boots, Золотые ботинки
minecraft:flint, Кремень
minecraft:porkchop, Сырая свинина
minecraft:cooked_porkchop, Жареная свинина
minecraft:painting, Картина
minecraft:golden_apple:0, Золотое яблоко
minecraft:golden_apple:1, Золотое яблоко
minecraft:sign, Табличка
minecraft:wooden_door, Деревянная дверь
minecraft:bucket, Ведро
minecraft:water_bucket, Ведро воды
minecraft:lava_bucket, Ведро лавы
minecraft:minecart, Вагонетка
minecraft:saddle, Седло
minecraft:iron_door, Железная дверь
minecraft:redstone, Красная пыль
minecraft:snowball, Снежок
minecraft:boat, Лодка
minecraft:leather, Кожа
minecraft:milk_bucket, Ведро молока
minecraft:brick, Кирпич
minecraft:clay_ball, Глина
minecraft:reeds, Сахарный тростник
minecraft:paper, Бумага
minecraft:book, Книга
minecraft:slime_ball, Сгусток слизи
minecraft:chest_minecart, Грузовая вагонетка
minecraft:furnace_minecart, Самоходная вагонетка
minecraft:egg, Яйцо
minecraft:compass, Компас
minecraft:fishing_rod, Удочка
minecraft:clock, Часы
minecraft:glowstone_dust, Светящаяся пыль
minecraft:fish:0, Сырая рыба
minecraft:fish:1, Сырой лосось
minecraft:fish:2, Рыба-клоун
minecraft:fish:3, Рыба фугу
minecraft:cooked_fished:0, Приготовленная рыба
minecraft:cooked_fished:1, Приготовленный лосось
minecraft:dye:0, Чернильный мешок
minecraft:dye:1, Красный краситель
minecraft:dye:2, Зеленый краситель
minecraft:dye:3, Какао-бобы
minecraft:dye:4, Лазурит
minecraft:dye:5, Фиолетовый краситель
minecraft:dye:6, Бирюзовый краситель
minecraft:dye:7, Светло-серый краситель
minecraft:dye:8, Серый краситель
minecraft:dye:9, Розовый краситель
minecraft:dye:10, Лаймовый краситель
minecraft:dye:11, Желтый краситель
minecraft:dye:12, Голубой краситель
minecraft:dye:13, Пурпурный краситель
minecraft:dye:14, Оранжевый краситель
minecraft:dye:15, Костная мука
minecraft:bone, Кость
minecraft:sugar, Сахар
minecraft:cake, Торт
minecraft:bed, Кровать
minecraft:repeater, Повторитель
minecraft:cookie, Печенье
minecraft:filled_map:0, Карта
minecraft:shears, Ножницы
minecraft:melon, Арбуз
minecraft:pumpkin_seeds, Семена тыквы
minecraft:melon_seeds, Семена арбуза
minecraft:beef, Сырая говядина
minecraft:cooked_beef, Стейк
minecraft:chicken, Курятина
minecraft:cooked_chicken, Жареная курица
minecraft:rotten_flesh, Гнилая плоть
minecraft:ender_pearl, Жемчуг Эндера
minecraft:blaze_rod, Стержень ифрита
minecraft:ghast_tear, Слеза Гаста
minecraft:gold_nugget, Золотой самородок
minecraft:nether_wart, Адский нарост
minecraft:potion:0, Пузырёк воды
minecraft:potion:8193, Зелье регенерации
minecraft:potion:8225, Зелье регенерации
minecraft:potion:8257, Зелье регенерации
minecraft:potion:16385, Взрывное Зелье регенерации
minecraft:potion:16417, Взрывное Зелье регенерации
minecraft:potion:16449, Взрывное Зелье регенерации
minecraft:potion:8194, Зелье стремительности
minecraft:potion:8226, Зелье стремительности
minecraft:potion:8258, Зелье стремительности
minecraft:potion:16386, Взрывное Зелье стремительности
minecraft:potion:16418, Взрывное Зелье стремительности
minecraft:potion:16450, Взрывное Зелье стремительности
minecraft:potion:8227, Зелье огнестойкости
minecraft:potion:8259, Зелье огнестойкости
minecraft:potion:16419, Взрывное Зелье огнестойкости
minecraft:potion:16451, Взрывное Зелье огнестойкости
minecraft:potion:8196, Зелье отравления
minecraft:potion:8228, Зелье отравления
minecraft:potion:8260, Зелье отравления
minecraft:potion:16388, Взрывное Зелье отравления
minecraft:potion:16420, Взрывное Зелье отравления
minecraft:potion:16452, Взрывное Зелье отравления
minecraft:potion:8261, Лечебное зелье
minecraft:potion:8229, Лечебное зелье
minecraft:potion:16453, Взрывное Лечебное зелье
minecraft:potion:16421, Взрывное Лечебное зелье
minecraft:potion:8230, Зелье ночного зрения
minecraft:potion:8262, Зелье ночного зрения
minecraft:potion:16422, Взрывное Зелье ночного зрения
minecraft:potion:16454, Взрывное Зелье ночного зрения
minecraft:potion:8232, Зелье слабости
minecraft:potion:8264, Зелье слабости
minecraft:potion:16424, Взрывное Зелье слабости
minecraft:potion:16456, Взрывное Зелье слабости
minecraft:potion:8201, Зелье силы
minecraft:potion:8233, Зелье силы
minecraft:potion:8265, Зелье силы
minecraft:potion:16393, Взрывное Зелье силы
minecraft:potion:16425, Взрывное Зелье силы
minecraft:potion:16457, Взрывное Зелье силы
minecraft:potion:8234, Зелье замедления
minecraft:potion:8266, Зелье замедления
minecraft:potion:16426, Взрывное Зелье замедления
minecraft:potion:16458, Взрывное Зелье замедления
minecraft:potion:8268, Зелье вреда
minecraft:potion:8236, Зелье вреда
minecraft:potion:16460, Взрывное Зелье вреда
minecraft:potion:16428, Взрывное Зелье вреда
minecraft:potion:8237, Зелье подводного дыхания
minecraft:potion:8269, Зелье подводного дыхания
minecraft:potion:16429, Взрывное Зелье подводного дыхания
minecraft:potion:16461, Взрывное Зелье подводного дыхания
minecraft:potion:8238, Зелье невидимости
minecraft:potion:8270, Зелье невидимости
minecraft:potion:16430, Взрывное Зелье невидимости
minecraft:potion:16462, Взрывное Зелье невидимости
minecraft:glass_bottle, Пузырёк
minecraft:spider_eye, Паучий глаз
minecraft:fermented_spider_eye, Маринованный паучий глаз
minecraft:blaze_powder, Огненный порошок
minecraft:magma_cream, Сгусток магмы
minecraft:brewing_stand, Варочная стойка
minecraft:cauldron, Котёл
minecraft:ender_eye, Око Эндера
minecraft:speckled_melon, Сверкающий арбуз
minecraft:spawn_egg:50, Призвать существо - Крипер
minecraft:spawn_egg:51, Призвать существо - Скелет
minecraft:spawn_egg:52, Призвать существо - Паук
minecraft:spawn_egg:54, Призвать существо - Зомби
minecraft:spawn_egg:55, Призвать существо - Слизень
minecraft:spawn_egg:56, Призвать существо - Гаст
minecraft:spawn_egg:57, Призвать существо - Свинозомби
minecraft:spawn_egg:58, Призвать существо - Эндермен
minecraft:spawn_egg:59, Призвать существо - Пещерный паук
minecraft:spawn_egg:60, Призвать существо - Чешуйница
minecraft:spawn_egg:61, Призвать существо - Ифрит
minecraft:spawn_egg:62, Призвать существо - Адский слизень
minecraft:spawn_egg:65, Призвать существо - Летучая мышь
minecraft:spawn_egg:66, Призвать существо - Ведьма
minecraft:spawn_egg:90, Призвать существо - Свинья
minecraft:spawn_egg:91, Призвать существо - Овца
minecraft:spawn_egg:92, Призвать существо - Корова
minecraft:spawn_egg:93, Призвать существо - Курица
minecraft:spawn_egg:94, Призвать существо - Спрут
minecraft:spawn_egg:95, Призвать существо - Волк
minecraft:spawn_egg:96, Призвать существо - Мууухомор
minecraft:spawn_egg:98, Призвать существо - Оцелот
minecraft:spawn_egg:100, Призвать существо - Лошадь
minecraft:spawn_egg:120, Призвать существо - Житель
minecraft:spawn_egg:2500, Призвать существо - Ender Watcher
minecraft:spawn_egg:2501, Призвать существо - Crab
minecraft:spawn_egg:2502, Призвать существо - Undead Miner
minecraft:spawn_egg:2503, Призвать существо - King Crab
minecraft:spawn_egg:2504, Призвать существо - Desert Crawler
minecraft:spawn_egg:2505, Призвать существо - Cave Crawler
minecraft:spawn_egg:2506, Призвать существо - Jungle Dramcryx
minecraft:spawn_egg:2507, Призвать существо - Jungle Spider
minecraft:spawn_egg:2508, Призвать существо - Cyclops
minecraft:spawn_egg:2509, Призвать существо - Caveclops
minecraft:spawn_egg:2510, Призвать существо - Ancient Entity
minecraft:spawn_egg:2511, Призвать существо - Whale
minecraft:spawn_egg:2512, Призвать существо - Hell Spider
minecraft:spawn_egg:2513, Призвать существо - Scorcher
minecraft:spawn_egg:2514, Призвать существо - Ender Spider
minecraft:spawn_egg:2515, Призвать существо - Ender Triplets
minecraft:spawn_egg:2516, Призвать существо - Arid Warrior
minecraft:spawn_egg:2517, Призвать существо - Ayeraco Blue
minecraft:spawn_egg:2518, Призвать существо - Ayeraco Green
minecraft:spawn_egg:2519, Призвать существо - Ayeraco Purple
minecraft:spawn_egg:2520, Призвать существо - Ayeraco Red
minecraft:spawn_egg:2521, Призвать существо - Ayeraco Yellow
minecraft:spawn_egg:2522, Призвать существо - Enthralled Dramcryx
minecraft:spawn_egg:2523, Призвать существо - The Eye
minecraft:spawn_egg:2524, Призвать существо - Frost
minecraft:spawn_egg:2525, Призвать существо - King of Scorchers
minecraft:spawn_egg:2526, Призвать существо - Rainbour
minecraft:spawn_egg:2527, Призвать существо - Rotatick
minecraft:spawn_egg:2528, Призвать существо - Shark
minecraft:spawn_egg:2529, Призвать существо - The Watcher
minecraft:spawn_egg:2530, Призвать существо - Wildfire
minecraft:spawn_egg:2531, Призвать существо - Glacon
minecraft:spawn_egg:2532, Призвать существо - Jack O'Man
minecraft:spawn_egg:2533, Призвать существо - Livestock Merchant
minecraft:spawn_egg:2534, Призвать существо - Jungle Bat
minecraft:spawn_egg:2535, Призвать существо - Hell Pig
minecraft:spawn_egg:2536, Призвать существо - Kobblin
minecraft:spawn_egg:2537, Призвать существо - The Grue
minecraft:spawn_egg:2538, Призвать существо - Saguaro Worm
minecraft:spawn_egg:2539, Призвать существо - Pumpkin Spider
minecraft:spawn_egg:2540, Призвать существо - Liopleurodon
minecraft:spawn_egg:2547, Призвать существо - Eden Cadillion
minecraft:spawn_egg:2548, Призвать существо - Eden Tomo
minecraft:spawn_egg:2549, Призвать существо - Bunny
minecraft:spawn_egg:2550, Призвать существо - Angry Bunny
minecraft:spawn_egg:2551, Призвать существо - Weak Cori
minecraft:spawn_egg:2552, Призвать существо - Madivel
minecraft:spawn_egg:2553, Призвать существо - Greenfeet
minecraft:spawn_egg:2554, Призвать существо - Sun Archer
minecraft:spawn_egg:2555, Призвать существо - Wildwood Golem
minecraft:spawn_egg:2556, Призвать существо - Wildwood Tomo
minecraft:spawn_egg:2557, Призвать существо - Wildwood Cadillion
minecraft:spawn_egg:2558, Призвать существо - Epiphite
minecraft:spawn_egg:2559, Призвать существо - Behemoth
minecraft:spawn_egg:2560, Призвать существо - Mage
minecraft:spawn_egg:2561, Призвать существо - Spellbinder
minecraft:spawn_egg:2562, Призвать существо - Mystic
minecraft:spawn_egg:2563, Призвать существо - Sorcerer
minecraft:spawn_egg:2564, Призвать существо - Verek
minecraft:spawn_egg:2565, Призвать существо - Moon Wolf
minecraft:spawn_egg:2566, Призвать существо - Apalachia Cadillion
minecraft:spawn_egg:2567, Призвать существо - Apalachia Tomo
minecraft:spawn_egg:2568, Призвать существо - Apalachia Golem
minecraft:spawn_egg:2569, Призвать существо - Enchanted Warrior
minecraft:spawn_egg:2570, Призвать существо - Skythern Archer
minecraft:spawn_egg:2571, Призвать существо - Enchanted Archer
minecraft:spawn_egg:2572, Призвать существо - Twilight Archer
minecraft:spawn_egg:2573, Призвать существо - Samek
minecraft:spawn_egg:2574, Призвать существо - Skythern Golem
minecraft:spawn_egg:2575, Призвать существо - Skythern Cori
minecraft:spawn_egg:2576, Призвать существо - Skythern Fiend
minecraft:spawn_egg:2577, Призвать существо - Megalith
minecraft:spawn_egg:2578, Призвать существо - Mortum Cadillion
minecraft:spawn_egg:2579, Призвать существо - Demon of Darkness
minecraft:spawn_egg:2580, Призвать существо - Baslisk
minecraft:spawn_egg:2581, Призвать существо - Soul Stealer
minecraft:spawn_egg:2582, Призвать существо - Densos
minecraft:spawn_egg:2583, Призвать существо - Reyvor
minecraft:spawn_egg:2584, Призвать существо - Twilight Demon
minecraft:spawn_egg:2585, Призвать существо - Soul Fiend
minecraft:spawn_egg:2586, Призвать существо - Vamacheron
minecraft:spawn_egg:2587, Призвать существо - Karot
minecraft:spawn_egg:2588, Призвать существо - Eternal Archer
minecraft:spawn_egg:2589, Призвать существо - Soul Spider
minecraft:spawn_egg:2590, Призвать существо - Alicanto
minecraft:spawn_egg:2591, Призвать существо - Fractite
minecraft:spawn_egg:2592, Призвать существо - Glacide
minecraft:spawn_egg:2593, Призвать существо - Hastreus
minecraft:spawn_egg:2594, Призвать существо - Frost Archer
minecraft:spawn_egg:2595, Призвать существо - Rollum
minecraft:spawn_egg:2596, Призвать существо - Frosty
minecraft:spawn_egg:2597, Призвать существо - Workshop Tinkerer
minecraft:spawn_egg:2598, Призвать существо - Workshop Merchant
minecraft:spawn_egg:2599, Призвать существо - Vermenous
minecraft:spawn_egg:2600, Призвать существо - Ent
minecraft:spawn_egg:2601, Призвать существо - Cymesoid
minecraft:spawn_egg:2602, Призвать существо - Dreamwrecker
minecraft:spawn_egg:2603, Призвать существо - Tocaxin
minecraft:spawn_egg:2604, Призвать существо - Shadahier
minecraft:spawn_egg:2605, Призвать существо - Acid Hag
minecraft:spawn_egg:2606, Призвать существо - Kazrotic
minecraft:spawn_egg:2607, Призвать существо - Helio
minecraft:spawn_egg:2608, Призвать существо - Gorgosion
minecraft:spawn_egg:2609, Призвать существо - Hoverstinger
minecraft:spawn_egg:2610, Призвать существо - Zone
minecraft:spawn_egg:2611, Призвать существо - Zoragon
minecraft:spawn_egg:2612, Призвать существо - Dissiment
minecraft:spawn_egg:2613, Призвать существо - Vhraak
minecraft:spawn_egg:2614, Призвать существо - Galroid
minecraft:spawn_egg:2615, Призвать существо - Lady Luna
minecraft:spawn_egg:2616, Призвать существо - Bohemite
minecraft:spawn_egg:2617, Призвать существо - Wreck
minecraft:spawn_egg:2618, Призвать существо - Biphron
minecraft:spawn_egg:2619, Призвать существо - Hive Queen
minecraft:spawn_egg:2620, Призвать существо - Hive Soldier
minecraft:spawn_egg:2621, Призвать существо - L'Heiva
minecraft:spawn_egg:2622, Призвать существо - Mandragora
minecraft:spawn_egg:2623, Призвать существо - Twins
minecraft:spawn_egg:2624, Призвать существо - Dr. Karos
minecraft:spawn_egg:2625, Призвать существо - Raglok Gog'dure
minecraft:spawn_egg:2626, Призвать существо - Quadro
minecraft:spawn_egg:2627, Призвать существо - Duo
minecraft:spawn_egg:2628, Призвать существо - Lorga
minecraft:spawn_egg:2629, Призвать существо - Flying Lorga
minecraft:spawn_egg:2630, Призвать существо - Mysterious Man
minecraft:spawn_egg:2631, Призвать существо - Mysterious Man
minecraft:spawn_egg:2632, Призвать существо - Mysterious Man
minecraft:spawn_egg:2633, Призвать существо - The Hunger
minecraft:spawn_egg:2634, Призвать существо - Crypt Keeper
minecraft:spawn_egg:2635, Призвать существо - Temple Guardian
minecraft:spawn_egg:2636, Призвать существо - Captain Merik
minecraft:spawn_egg:2637, Призвать существо - Dungeon Constructor
minecraft:spawn_egg:2638, Призвать существо - Datticon
minecraft:spawn_egg:2639, Призвать существо - War General
minecraft:spawn_egg:2640, Призвать существо - Deathcryx
minecraft:spawn_egg:2641, Призвать существо - Death Hound
minecraft:spawn_egg:2642, Призвать существо - Dramix
minecraft:spawn_egg:2643, Призвать существо - Dungeon Prisoner
minecraft:spawn_egg:2644, Призвать существо - Dungeon Demon
minecraft:spawn_egg:2645, Призвать существо - Leorna
minecraft:spawn_egg:2646, Призвать существо - Living Statue
minecraft:spawn_egg:2647, Призвать существо - Parasecta
minecraft:spawn_egg:2648, Призвать существо - Razorback
minecraft:spawn_egg:2649, Призвать существо - Lord Vatticus
minecraft:spawn_egg:2650, Призвать существо - Zelus
minecraft:spawn_egg:2651, Призвать существо - Roamer
minecraft:spawn_egg:6396, Призвать существо - Демон
minecraft:spawn_egg:6397, Призвать существо - Мандрагора
minecraft:spawn_egg:6398, Призвать существо - Триффид
minecraft:spawn_egg:6399, Призвать существо - Рогатый охотник
minecraft:spawn_egg:6400, Призвать существо - Энт
minecraft:spawn_egg:6401, Призвать существо - Сова
minecraft:spawn_egg:6402, Призвать существо - Жаба
minecraft:spawn_egg:6403, Призвать существо - Баба Яга
minecraft:spawn_egg:6404, Призвать существо - Шабашная ведьма
minecraft:spawn_egg:6405, Призвать существо - Кошмар
minecraft:spawn_egg:6406, Призвать существо - Призрак
minecraft:spawn_egg:6407, Призвать существо - Полтергейст
minecraft:spawn_egg:6408, Призвать существо - Баньши
minecraft:spawn_egg:6409, Призвать существо - Дух
minecraft:spawn_egg:6410, Призвать существо - Смерть
minecraft:spawn_egg:6411, Призвать существо - Охотник на ведьм
minecraft:spawn_egg:6412, Призвать существо - Лорд Мучений
minecraft:spawn_egg:6413, Призвать существо - Огненный Имп
minecraft:spawn_egg:6414, Призвать существо - Майндрейк
minecraft:spawn_egg:6415, Призвать существо - Хобгоблин
minecraft:spawn_egg:6416, Призвать существо - Мог
minecraft:spawn_egg:6417, Призвать существо - Гулг
minecraft:spawn_egg:6418, Призвать существо - Shade of Leonard
minecraft:spawn_egg:6419, Призвать существо - Lost Soul
minecraft:spawn_egg:6420, Призвать существо - Werewolf
minecraft:spawn_egg:6421, Призвать существо - Hellhound
minecraft:spawn_egg:6422, Призвать существо - Villager
minecraft:spawn_egg:6423, Призвать существо - Guard
minecraft:spawn_egg:6424, Призвать существо - Vampire
minecraft:spawn_egg:6425, Призвать существо - Lilith
minecraft:spawn_egg:6426, Призвать существо - Winged Monkey
minecraft:spawn_egg:6427, Призвать существо - Reflection
minecraft:experience_bottle, Пузырёк опыта
minecraft:fire_charge, Огненный шар
minecraft:writable_book, Книга и перо
minecraft:written_book, Завершенная книга
minecraft:emerald, Изумруд
minecraft:item_frame, Рамка
minecraft:flower_pot, Цветочный горшок
minecraft:carrot, Морковь
minecraft:potato, Картофель
minecraft:baked_potato, Печёный картофель
minecraft:poisonous_potato, Ядовитый картофель
minecraft:map, Чистая карта
minecraft:golden_carrot, Золотая морковь
minecraft:skull:0, Череп
minecraft:skull:1, Череп Скелета-Иссушителя
minecraft:skull:2, Голова зомби
minecraft:skull:3, Голова
minecraft:skull:4, Голова крипера
minecraft:carrot_on_a_stick, Удочка с морковью
minecraft:nether_star, Адская звезда
minecraft:pumpkin_pie, Тыквенный пирог
minecraft:fireworks, Фейерверк
minecraft:firework_charge, Звёздочка
minecraft:enchanted_book, Зачарованная книга
minecraft:comparator, Компаратор
minecraft:netherbrick, Адский кирпич
minecraft:quartz, Кварц
minecraft:tnt_minecart, Вагонетка с динамитом
minecraft:hopper_minecart, Вагонетка с загрузочной воронкой
appliedenergistics2:tile.BlockDrive, МЭ накопитель
appliedenergistics2:tile.BlockChest, МЭ сундук
appliedenergistics2:tile.BlockInterface, МЭ интерфейс
appliedenergistics2:tile.BlockCellWorkbench, Верстак для ячеек
appliedenergistics2:tile.BlockIOPort, МЭ порт ввода\вывода
appliedenergistics2:tile.BlockCondenser, Конденсатор материи
appliedenergistics2:tile.BlockEnergyAcceptor, Приёмщик энергии
appliedenergistics2:tile.BlockVibrationChamber, Вибрационная камера
minecraft:iron_horse_armor, Железная конская броня
minecraft:golden_horse_armor, Золотая конская броня
minecraft:diamond_horse_armor, Алмазная конская броня
minecraft:lead, Поводок
minecraft:name_tag, Бирка
minecraft:command_block_minecart, Вагонетка с командным блоком
appliedenergistics2:tile.BlockQuartzGrowthAccelerator, Ускоритель роста кристаллов
appliedenergistics2:tile.BlockEnergyCell, Энергетическая ячейка
appliedenergistics2:tile.BlockDenseEnergyCell, Плотная энергетическая ячейка
appliedenergistics2:tile.BlockCreativeEnergyCell, Творческая энергетическая ячейка
appliedenergistics2:tile.BlockCraftingUnit:0, Блок создания
appliedenergistics2:tile.BlockCraftingUnit:1, Блок обработки создания
appliedenergistics2:tile.BlockCraftingStorage:0, 1К хранилище создания
appliedenergistics2:tile.BlockCraftingStorage:1, 4К хранилище создания
appliedenergistics2:tile.BlockCraftingStorage:2, 16К хранилище создания
appliedenergistics2:tile.BlockCraftingStorage:3, 64К хранилище создания
appliedenergistics2:tile.BlockCraftingMonitor:0, Монитор создания
appliedenergistics2:tile.BlockMolecularAssembler, Молекулярный сборщик
appliedenergistics2:tile.BlockLightDetector, Светильник обнаружения света
appliedenergistics2:tile.BlockPaint, tile.appliedenergistics2.BlockPaint.name
appliedenergistics2:tile.SkyStoneStairBlock, Ступеньки из небесного камня
appliedenergistics2:tile.SkyStoneBlockStairBlock, Ступеньки из блока небесного камня
appliedenergistics2:tile.SkyStoneBrickStairBlock, Ступеньки из кирпича небесного камня
appliedenergistics2:tile.SkyStoneSmallBrickStairBlock, Ступеньки из малого кирпича небесного камня
appliedenergistics2:tile.FluixStairBlock, Изменчивые ступеньки
appliedenergistics2:tile.QuartzStairBlock, Ступеньки из истинного кварца
appliedenergistics2:tile.ChiseledQuartzStairBlock, Ступеньки из резного истинного кварца
appliedenergistics2:tile.QuartzPillarStairBlock, Ступеньки из колонны истинного кварца
appliedenergistics2:tile.SkyStoneSlabBlock:0, Sky Stone Slabs
appliedenergistics2:tile.SkyStoneSlabBlock.double:0, Sky Stone Slabs
appliedenergistics2:tile.SkyStoneBlockSlabBlock:0, Sky Stone Block Slabs
appliedenergistics2:tile.SkyStoneBlockSlabBlock.double:0, Sky Stone Block Slabs
appliedenergistics2:tile.SkyStoneBrickSlabBlock:0, Sky Stone Brick Slabs
appliedenergistics2:tile.SkyStoneBrickSlabBlock.double:0, Sky Stone Brick Slabs
appliedenergistics2:tile.SkyStoneSmallBrickSlabBlock:0, Sky Stone Small Brick Slabs
appliedenergistics2:tile.SkyStoneSmallBrickSlabBlock.double:0, Sky Stone Small Brick Slabs
appliedenergistics2:tile.FluixSlabBlock:0, Fluix Slabs
appliedenergistics2:tile.FluixSlabBlock.double:0, Fluix Slabs
appliedenergistics2:tile.QuartzSlabBlock:0, Certus Quartz Slabs
appliedenergistics2:tile.QuartzSlabBlock.double:0, Certus Quartz Slabs
appliedenergistics2:tile.ChiseledQuartzSlabBlock:0, Chiseled Certus Quartz Slabs
appliedenergistics2:tile.ChiseledQuartzSlabBlock.double:0, Chiseled Certus Quartz Slabs
appliedenergistics2:tile.QuartzPillarSlabBlock:0, Certus Quartz Pillar Slabs
appliedenergistics2:tile.QuartzPillarSlabBlock.double:0, Certus Quartz Pillar Slabs
Aroma1997sDimension:aromicPortal, Mining Portal
Aroma1997sDimension:portalFrame, Portal Frame
Aroma1997sDimension:stickyOre, Sticky Ore
MineFactoryReloaded:conveyor:16, Конвейерная лента
MineFactoryReloaded:conveyor:0, Конвейерная лента (Белая)
MineFactoryReloaded:conveyor:1, Конвейерная лента (Оранжевая)
MineFactoryReloaded:conveyor:2, Конвейерная лента (Сиреневая)
MineFactoryReloaded:conveyor:3, Конвейерная лента (Светло-синяя)
MineFactoryReloaded:conveyor:4, Конвейерная лента (Жёлтая)
MineFactoryReloaded:conveyor:5, Конвейерная лента (Лаймовая)
MineFactoryReloaded:conveyor:6, Конвейерная лента (Розовая)
MineFactoryReloaded:conveyor:7, Конвейерная лента (Серая)
MineFactoryReloaded:conveyor:8, Конвейерная лента (Светло-серая)
MineFactoryReloaded:conveyor:9, Конвейерная лента (Бирюзовая)
MineFactoryReloaded:conveyor:10, Конвейерная лента (Фиолетовая)
MineFactoryReloaded:conveyor:11, Конвейерная лента (Синяя)
MineFactoryReloaded:conveyor:12, Конвейерная лента (Коричневая)
MineFactoryReloaded:conveyor:13, Конвейерная лента (Зелёная)
MineFactoryReloaded:conveyor:14, Конвейерная лента (Красная)
MineFactoryReloaded:conveyor:15, Конвейерная лента (Чёрная)
MineFactoryReloaded:machineblock:0, Фабричный блок механизма
MineFactoryReloaded:machineblock:1, Корпус программируемого RedNet контроллера
MineFactoryReloaded:machine.0:0, Сеятель
MineFactoryReloaded:machine.0:1, Рыболов
MineFactoryReloaded:machine.0:2, Комбайн
MineFactoryReloaded:machine.0:3, Фермер
MineFactoryReloaded:machine.0:4, Удобритель
MineFactoryReloaded:machine.0:5, Ветеринарная станция
MineFactoryReloaded:machine.0:6, Сборщик предметов
MineFactoryReloaded:machine.0:7, Разрушитель блоков
MineFactoryReloaded:machine.0:8, Погодный коллектор
MineFactoryReloaded:machine.0:9, Перерабатывающий котёл
MineFactoryReloaded:machine.0:10, Коллектор
MineFactoryReloaded:machine.0:11, Компостер
MineFactoryReloaded:machine.0:12, Селекционер
MineFactoryReloaded:machine.0:13, Молотилка
MineFactoryReloaded:machine.0:14, Авто-зачарователь
MineFactoryReloaded:machine.0:15, Сепаратор
MineFactoryReloaded:machine.1:0, Выталкиватель
MineFactoryReloaded:machine.1:1, Маршрутизатор предметов
MineFactoryReloaded:machine.1:2, Маршрутизатор жидкостей
MineFactoryReloaded:machine.1:3, Глубокое хранилище
MineFactoryReloaded:machine.1:4, Создатель жидкостей
MineFactoryReloaded:machine.1:5, Производитель лавы
MineFactoryReloaded:machine.1:6, Паровой бойлер
MineFactoryReloaded:machine.1:7, Авто-проигрыватель
MineFactoryReloaded:machine.1:8, Унификатор
MineFactoryReloaded:machine.1:9, Авто-спаунер
MineFactoryReloaded:machine.1:10, Биореактор
MineFactoryReloaded:machine.1:11, Генератор биотоплива
MineFactoryReloaded:machine.1:12, Авто-дизэнчантер
MineFactoryReloaded:machine.1:13, Бойня
MineFactoryReloaded:machine.1:14, Мясная лавка
MineFactoryReloaded:machine.1:15, Маршрутизатор зачарований
MineFactoryReloaded:machine.2:0, Лазерный бур
MineFactoryReloaded:machine.2:1, Зарядник лазерного бура
MineFactoryReloaded:machine.2:2, Авто-наковальня
MineFactoryReloaded:machine.2:3, Сокрушитель блоков
MineFactoryReloaded:machine.2:4, RedNote-блок
MineFactoryReloaded:machine.2:5, Авто-варщик
MineFactoryReloaded:machine.2:6, Сборщик фруктов
MineFactoryReloaded:machine.2:7, Размещатель блоков
MineFactoryReloaded:machine.2:8, Подсчитыватель мобов
MineFactoryReloaded:machine.2:9, Паровая турбина
MineFactoryReloaded:machine.2:10, Загрузчик чанков
MineFactoryReloaded:machine.2:11, Фонтан
MineFactoryReloaded:machine.2:12, Маршрутизатор мобов
MineFactoryReloaded:tank, Пластиковый резервуар
MineFactoryReloaded:cable.plastic, Пластиковая труба
MineFactoryReloaded:cable.redstone:0, RedNet кабель
MineFactoryReloaded:cable.redstone:1, RedNet кабель
MineFactoryReloaded:cable.redstone:2, RedNet энергетический кабель
MineFactoryReloaded:cable.redstone:3, RedNet энергетический кабель
MineFactoryReloaded:rednet.logic, Программируемый RedNet контроллер
MineFactoryReloaded:rednet.panel:0, RedNet гистограф
MineFactoryReloaded:rail.cargo.pickup, Грузовой погружающий путь
MineFactoryReloaded:rail.cargo.dropoff, Грузовой высаживающий путь
MineFactoryReloaded:rail.passenger.pickup, Пассажирский погружающий путь
MineFactoryReloaded:rail.passenger.dropoff, Пассажирский высаживающий путь
MineFactoryReloaded:rubberwood.sapling:0, Саженец гевеи
MineFactoryReloaded:rubberwood.sapling:1, Священный саженец гевеи
MineFactoryReloaded:rubberwood.sapling:2, Большой саженец гевеи
MineFactoryReloaded:rubberwood.sapling:3, Священный саженец гевеи
MineFactoryReloaded:rubberwood.log, Древесина гевеи
MineFactoryReloaded:rubberwood.leaves:0, Листва гевеи
MineFactoryReloaded:rubberwood.leaves:1, Сухая листва гевеи
MineFactoryReloaded:stainedglass.block:0, Цветное стекло (Белое)
MineFactoryReloaded:stainedglass.block:1, Цветное стекло (Оранжевое)
MineFactoryReloaded:stainedglass.block:2, Цветное стекло (Сиреневое)
MineFactoryReloaded:stainedglass.block:3, Цветное стекло(Светло-синее)
MineFactoryReloaded:stainedglass.block:4, Цветное стекло (Жёлтое)
MineFactoryReloaded:stainedglass.block:5, Цветное стекло (Лаймовое)
MineFactoryReloaded:stainedglass.block:6, Цветное стекло (Розовое)
MineFactoryReloaded:stainedglass.block:7, Цветное стекло (Серое)
MineFactoryReloaded:stainedglass.block:8, Цветное стекло (Светло-серое)
MineFactoryReloaded:stainedglass.block:9, Цветное стекло (Бирюзовое)
MineFactoryReloaded:stainedglass.block:10, Цветное стекло (Фиолетовое)
MineFactoryReloaded:stainedglass.block:11, Цветное стекло (Синее)
MineFactoryReloaded:stainedglass.block:12, Цветное стекло (Коричневое)
MineFactoryReloaded:stainedglass.block:13, Цветное стекло (Зелёное)
MineFactoryReloaded:stainedglass.block:14, Цветное стекло (Красное)
MineFactoryReloaded:stainedglass.block:15, Цветное стекло (Чёрное)
MineFactoryReloaded:stainedglass.pane:0, Цветная стеклянная панель (Белая)
MineFactoryReloaded:stainedglass.pane:1, Цветная стеклянная панель (Оранжевая)
MineFactoryReloaded:stainedglass.pane:2, Цветная стеклянная панель (Сиреневая)
MineFactoryReloaded:stainedglass.pane:3, Цветная стеклянная панель (Светло-синяя)
MineFactoryReloaded:stainedglass.pane:4, Цветная стеклянная панель (Жёлтая)
MineFactoryReloaded:stainedglass.pane:5, Цветная стеклянная панель (Лаймовая)
MineFactoryReloaded:stainedglass.pane:6, Цветная стеклянная панель (Розовая)
MineFactoryReloaded:stainedglass.pane:7, Цветная стеклянная панель (Серая)
MineFactoryReloaded:stainedglass.pane:8, Цветная стеклянная панель (Светло-серая)
MineFactoryReloaded:stainedglass.pane:9, Цветная стеклянная панель (Бирюзовая)
MineFactoryReloaded:stainedglass.pane:10, Цветная стеклянная панель (Фиолетовая)
MineFactoryReloaded:stainedglass.pane:11, Цветная стеклянная панель (Синяя)
MineFactoryReloaded:stainedglass.pane:12, Цветная стеклянная панель (Коричневая)
MineFactoryReloaded:stainedglass.pane:13, Цветная стеклянная панель (Зелёная)
MineFactoryReloaded:stainedglass.pane:14, Цветная стеклянная панель (Красная)
MineFactoryReloaded:stainedglass.pane:15, Цветная стеклянная панель (Чёрная)
MineFactoryReloaded:road:0, Дорожка
MineFactoryReloaded:road:1, Светящаяся дорожка
MineFactoryReloaded:road:4, Светящаяся дорожка (Перевёрнутая)
MineFactoryReloaded:plastic:0, Блок пластика
MineFactoryReloaded:plastic:1, Plastic Paver
MineFactoryReloaded:plastic:2, Plastic Column
MineFactoryReloaded:plastic:3, Large Plastic Bricks
MineFactoryReloaded:plastic:4, Chiseled Plastic Bricks
MineFactoryReloaded:plastic:5, Plastic Road
MineFactoryReloaded:plastic:6, Plastic Bricks
MineFactoryReloaded:brick:0, Ледяные кирпичи
MineFactoryReloaded:brick:1, Светящиеся кирпичи
MineFactoryReloaded:brick:2, Лазуритовые кирпичи
MineFactoryReloaded:brick:3, Обсидиановые кирпичи
MineFactoryReloaded:brick:4, Асфальтовые кирпичи
MineFactoryReloaded:brick:5, Снежные кирпичи
MineFactoryReloaded:brick:6, Большие ледяные кирпичи
MineFactoryReloaded:brick:7, Большие светящиеся кирпичи
MineFactoryReloaded:brick:8, Большие лазуритовые кирпичи
MineFactoryReloaded:brick:9, Большие обсидиановые кирпичи
MineFactoryReloaded:brick:10, Большие мощённые каменные кирпичи
MineFactoryReloaded:brick:11, Большие снежные кирпичи
MineFactoryReloaded:brick:12, Блок сырого мяса
MineFactoryReloaded:brick:13, Блок приготовленного мяса
MineFactoryReloaded:brick:14, Большие кирпичи
MineFactoryReloaded:brick:15, Сахарный древесноугольный блок
MineFactoryReloaded:stone:0, Гладкий чёрный камень
MineFactoryReloaded:stone:1, Гладкий белый камень
MineFactoryReloaded:stone:2, Чёрный булыжник
MineFactoryReloaded:stone:3, Белый булыжник
MineFactoryReloaded:stone:4, Большие чёрные кирпичи
MineFactoryReloaded:stone:5, Большие белые кирпичи
MineFactoryReloaded:stone:6, Маленькие чёрные кирпичи
MineFactoryReloaded:stone:7, Маленькие белые кирпичи
MineFactoryReloaded:stone:8, Гравиевый чёрный камень
MineFactoryReloaded:stone:9, Гравиевый белый камень
MineFactoryReloaded:stone:10, Мощёный чёрный камень
MineFactoryReloaded:stone:11, Мощёный белый камень
MineFactoryReloaded:pinkslime.block, Блок розовой слизи
MineFactoryReloaded:vinescaffold, Лиановые строительные леса
MineFactoryReloaded:farmland, Плодородная почва
MineFactoryReloaded:detcord, DetCord
MineFactoryReloaded:milk.still, Молоко
MineFactoryReloaded:sludge.still, Шлам
MineFactoryReloaded:sewage.still, Навоз
MineFactoryReloaded:mobessence.still, Эссенция
MineFactoryReloaded:biofuel.still, Биотопливо
MineFactoryReloaded:meat.still, Фарш
MineFactoryReloaded:pinkslime.still, Розовая слизь
MineFactoryReloaded:chocolatemilk.still, Молочный шоколад
MineFactoryReloaded:mushroomsoup.still, Грибной суп
MineFactoryReloaded:steam.still, Пар
Thaumcraft:blockFluxGoo:0, Заражённая слизь
Thaumcraft:blockFluxGas:0, Заражённый газ
Thaumcraft:blockFluidPure, Очищающая жидкость
Thaumcraft:blockFluidDeath, Жидкая смерть
Thaumcraft:blockCustomOre:0, Киноварь
Thaumcraft:blockCustomOre:1, Грозовая руда
Thaumcraft:blockCustomOre:2, Огненная руда
Thaumcraft:blockCustomOre:3, Ледяная руда
Thaumcraft:blockCustomOre:4, Руда земляного кристалла
Thaumcraft:blockCustomOre:5, Руда кристалла порядка
Thaumcraft:blockCustomOre:6, Энтропийная руда
Thaumcraft:blockCustomOre:7, Янтарная руда
Thaumcraft:blockMagicalLog:0, Древесина великого дерева
Thaumcraft:blockMagicalLog:1, Древесина серебряного дерева
Thaumcraft:blockMagicalLeaves:0, Листва великого дерева
Thaumcraft:blockMagicalLeaves:1, Листва серебряного дерева
Thaumcraft:blockCustomPlant:0, Саженец великого дерева
Thaumcraft:blockCustomPlant:1, Саженец серебрянного дерева
Thaumcraft:blockCustomPlant:2, Сребролист
Thaumcraft:blockCustomPlant:3, Огненный жемчуг
Thaumcraft:blockCustomPlant:4, Эфирный цветок
Thaumcraft:blockCustomPlant:5, Висомор
Thaumcraft:blockTaint:0, Заражённый камень
Thaumcraft:blockTaint:1, Заражённая земля
Thaumcraft:blockTaint:2, Блок плоти
Thaumcraft:blockTaintFibres:0, Заражённое волокно
Thaumcraft:blockTaintFibres:1, Заражённая трава
Thaumcraft:blockTaintFibres:2, Заражённое растение
Thaumcraft:blockTaintFibres:3, Спороцвет
Thaumcraft:blockCosmeticOpaque:0, Янтарный блок
Thaumcraft:blockCosmeticOpaque:1, Янтарный кирпич
Thaumcraft:blockCosmeticOpaque:2, Усиленное стекло
Thaumcraft:blockCosmeticSolid:0, Обсидиановый тотем
Thaumcraft:blockCosmeticSolid:1, Обсидиановая основа
Thaumcraft:blockCosmeticSolid:2, Камень путешественника
Thaumcraft:blockCosmeticSolid:3, Камень сдерживания
Thaumcraft:blockCosmeticSolid:4, Блок таум-металла
Thaumcraft:blockCosmeticSolid:5, Блок магического жира
Thaumcraft:blockCosmeticSolid:6, Магический камень
Thaumcraft:blockCosmeticSolid:7, Магический кирпич
Thaumcraft:blockCosmeticSolid:8, Заряженный обсидиановый тотем
Thaumcraft:blockCosmeticSolid:9, Голем-деактиватор
Thaumcraft:blockCosmeticSolid:11, Древний камень
Thaumcraft:blockCosmeticSolid:12, Древняя скала
Thaumcraft:blockCosmeticSolid:14, Заросший камень
Thaumcraft:blockCosmeticSolid:15, Древний пьедестал
Thaumcraft:blockCrystal:0, Грозовой кристальный кластер
Thaumcraft:blockCrystal:1, Огненный кристальный кластер
Thaumcraft:blockCrystal:2, Ледяной кристальный кластер
Thaumcraft:blockCrystal:3, Земляной кристальный кластер
Thaumcraft:blockCrystal:4, Кристальный кластер порядка
Thaumcraft:blockCrystal:5, Энтропийный кристальный кластер
Thaumcraft:blockCrystal:6, Смешанный кристальный кластер
Thaumcraft:blockTube:0, Труба для эссенции
Thaumcraft:blockTube:1, Клапан для эссенции
Thaumcraft:blockTube:2, Алхимическая центрифуга
Thaumcraft:blockTube:3, Фильтрующая труба для эссенции
Thaumcraft:blockTube:4, Буфер для эссенции
Thaumcraft:blockTube:5, Ограничивающая труба для эссенции
Thaumcraft:blockTube:6, Направляющая труба для эссенции
Thaumcraft:blockTube:7, Кристаллизатор эссенции
Thaumcraft:blockMetalDevice:0, Тигель
Thaumcraft:blockMetalDevice:1, Перегонный куб
Thaumcraft:blockMetalDevice:5, Железная решетка
Thaumcraft:blockMetalDevice:7, Магический светильник
Thaumcraft:blockMetalDevice:8, Светильник роста
Thaumcraft:blockMetalDevice:13, Светильник скрещивания
Thaumcraft:blockMetalDevice:9, Алхимическая конструкция
Thaumcraft:blockMetalDevice:3, Улучшенная алхимическая конструкция
Thaumcraft:blockMetalDevice:12, Мнемоническая матрица
Thaumcraft:blockMetalDevice:14, Вис-канал
Thaumcraft:blockMetalDevice:2, Вис-заряжатель
Thaumcraft:blockWoodenDevice:0, Магические меха
Thaumcraft:blockWoodenDevice:1, Магическое ухо
Thaumcraft:blockWoodenDevice:2, Магическая нажимная плита
Thaumcraft:blockWoodenDevice:4, Основа магического бура
Thaumcraft:blockWoodenDevice:5, Магический бур
Thaumcraft:blockWoodenDevice:6, Доски великого дерева
Thaumcraft:blockWoodenDevice:7, Доски серебряного дерева
Thaumcraft:blockWoodenDevice:8, Вымпел
Thaumcraft:blockWoodenDevice:8, Белый вымпел
Thaumcraft:blockWoodenDevice:8, Оранжевый вымпел
Thaumcraft:blockWoodenDevice:8, Пурпурный вымпел
Thaumcraft:blockWoodenDevice:8, Голубой вымпел
Thaumcraft:blockWoodenDevice:8, Жёлтый вымпел
Thaumcraft:blockWoodenDevice:8, Лаймовый вымпел
Thaumcraft:blockWoodenDevice:8, Розовый вымпел
Thaumcraft:blockWoodenDevice:8, Серый вымпел
Thaumcraft:blockWoodenDevice:8, Светло-серый вымпел
Thaumcraft:blockWoodenDevice:8, Бирюзовый вымпел
Thaumcraft:blockWoodenDevice:8, Фиолетовый вымпел
Thaumcraft:blockWoodenDevice:8, Синий вымпел
Thaumcraft:blockWoodenDevice:8, Коричневый вымпел
Thaumcraft:blockWoodenDevice:8, Зелёный вымпел
Thaumcraft:blockWoodenDevice:8, Красный вымпел
Thaumcraft:blockWoodenDevice:8, Чёрный вымпел
Thaumcraft:blockStoneDevice:0, Алхимическая печь
Thaumcraft:blockStoneDevice:1, Магический пьедестал
Thaumcraft:blockStoneDevice:2, Руническая матрица
Thaumcraft:blockStoneDevice:5, Пьедестал перезарядки
Thaumcraft:blockStoneDevice:8, Расщепитель аспектов
Thaumcraft:blockStoneDevice:9, Узел-стабилизатор
Thaumcraft:blockStoneDevice:10, Улучшенный узел-стабилизатор
Thaumcraft:blockStoneDevice:11, Узел-преобразователь
Thaumcraft:blockStoneDevice:12, Магическая ванна
Thaumcraft:blockStoneDevice:13, Набалдашниковый верстак
Thaumcraft:blockStoneDevice:14, Полотёр порчи
Thaumcraft:blockMirror:0, Магическое зеркало
Thaumcraft:blockMirror:6, Зеркало для эссенции
Thaumcraft:blockTable:0, Стол
Thaumcraft:blockTable:14, Стол расщепления
Thaumcraft:blockTable:15, Магический верстак
Thaumcraft:blockChestHungry, Голодный сундук
Thaumcraft:blockArcaneDoor, Магическая дверь
Thaumcraft:blockLifter, Магический подъёмник
Thaumcraft:blockMagicBox, tile.blockMagicBox.name
Thaumcraft:blockAlchemyFurnace, Улучшенная алхимическая печь
Thaumcraft:blockJar:0, Банка
Thaumcraft:blockJar:1, Мозг в банке
Thaumcraft:blockJar:3, Пустотная банка
Thaumcraft:blockCandle:0, Белая свеча
Thaumcraft:blockCandle:1, Оранжевая свеча
Thaumcraft:blockCandle:2, Сиреневая свеча
Thaumcraft:blockCandle:3, Светло-синяя свеча
Thaumcraft:blockCandle:4, Жёлтая свеча
Thaumcraft:blockCandle:5, Лаймовая свеча
Thaumcraft:blockCandle:6, Розовая свеча
Thaumcraft:blockCandle:7, Серая свеча
Thaumcraft:blockCandle:8, Светло-серая свеча
Thaumcraft:blockCandle:9, Бирюзовая свеча
Thaumcraft:blockCandle:10, Фиолетовая свеча
Thaumcraft:blockCandle:11, Синяя свеча
Thaumcraft:blockCandle:12, Коричневая свеча
Thaumcraft:blockCandle:13, Зелёная свеча
Thaumcraft:blockCandle:14, Красная свеча
Thaumcraft:blockCandle:15, Чёрная свеча
Thaumcraft:blockEldritch:4, Светящийся заросший камень
Thaumcraft:blockAiry:0, Узел ауры
Thaumcraft:blockManaPod, tile.blockManaPod.name
Thaumcraft:blockArcaneFurnace, Адская печь
Thaumcraft:blockWarded, tile.blockWarded.name
Thaumcraft:blockHole, Пустое место
Thaumcraft:blockPortalEldritch, Древний портал
Thaumcraft:blockEssentiaReservoir:0, Резервуар эссенции
Thaumcraft:blockEldritchNothing, tile.blockPortalNothing.name
Thaumcraft:blockStairsArcaneStone, Лестница из магического камня
Thaumcraft:blockStairsGreatwood, Лестница из великого дерева
Thaumcraft:blockStairsSilverwood, Лестница из серебряного дерева
Thaumcraft:blockStairsEldritch, Лестница из древнего камня
Thaumcraft:blockCosmeticSlabWood:0, Плита из великого дерева
Thaumcraft:blockCosmeticSlabWood:1, Плита из серебряного дерева
Thaumcraft:blockCosmeticSlabStone:0, Плита из магического камня
Thaumcraft:blockCosmeticSlabStone:1, Плита из древнего камня
Thaumcraft:blockCosmeticDoubleSlabWood, tile.blockCosmeticDoubleSlabWood.name
Thaumcraft:blockCosmeticDoubleSlabStone, tile.blockCosmeticDoubleSlabStone.name
Thaumcraft:blockLootUrn:0, Старая ваза
Thaumcraft:blockLootUrn:1, Старая ваза
Thaumcraft:blockLootUrn:2, Старая ваза
Thaumcraft:blockLootCrate:0, Забытый ящик
Thaumcraft:blockLootCrate:1, Забытый ящик
Thaumcraft:blockLootCrate:2, Забытый ящик
Automagy:blockRedcrystal, Красный кристалл
Automagy:blockRedcrystalAmp, Усиленный красный кристалл
Automagy:blockRedcrystalDim, Слабый красный кристалл
Automagy:blockRedcrystalDense, Плотный красный кристалл
Automagy:blockRedcrystalRes, Резонирующий красный кристалл
Automagy:blockRedcrystalMerc, Ртутный красный кристалл
Automagy:blockTorchInversion, Красный факел инверсии
Automagy:blockTorchInversion_off, Красный факел инверсии
Automagy:blockRemoteComparator, Дистанционный компаратор
Automagy:blockVisReader, Считыватель виса
Automagy:blockTally, Ящик с ярлыком
Automagy:blockHourglass, Песочные часы
Automagy:blockHourglassMagic, Магические песочные часы
Automagy:blockGreedyChest, Жадный сундук
Automagy:blockEagerChest, Стремительный сундук
Automagy:blockTenaciousChest, Tenacious Chest
Automagy:blockHungryMaw, Голодный мо
Automagy:blockFinicalMaw, Мелочно-требовательный Мо
Automagy:blockGolemInhibitor, Замедлитель големов
Automagy:blockEntitySignal, Сигнализация
Automagy:blockEssentiaLocus, Место эссенции
Automagy:blockEssentiaLocusAggregator, Агрегатор эссенции
Automagy:blockInventarium, Ядро инвентаря
Automagy:blockUnseenScribe, Невидимый писарь
Automagy:blockScribePointer, Scrivener's Oculus
Automagy:blockGolemTaskmaster, Надсмотрщик голема
Automagy:blockReqTome, Том реквизиции
Automagy:blockBookshelfEnchanted:0, Зачарованная книжная полка
Automagy:blockBookshelfEnchanted:1, Заколдованная книжная полка
Automagy:blockTranslucent:0, Пылающий янтарь
Automagy:blockTranslucent:1, Пылающие янтарные кирпичи
Automagy:blockMetalGlow:0, Блок памяти
Automagy:blockNethermind, Разум нижнего мира
Automagy:blockRunedObsidian, Руннический обсидиан
Automagy:blockNetherRune:0, Рунный обсидиан (Гора)
Automagy:blockNetherRune:1, Рунный обсидиан (Море)
Automagy:blockNetherRune:2, Рунный обсидиан (Кристалл)
Automagy:blockNetherRune:3, Рунный обсидиан (Свет)
Automagy:blockNetherRune:4, Рунный обсидиан (Душа)
Automagy:blockNetherRune:6, Рунный обсидиан (Быстрота)
Automagy:blockNetherRuneMob:0, Runed Obsidian (Zombie)
Automagy:blockNetherRuneMob:1, Runed Obsidian (Blaze)
Automagy:blockNetherRuneMob:2, Runed Obsidian (Ghast)
Automagy:blockNetherRuneMob:3, Runed Obsidian (Skull)
Automagy:blockNetherRuneMob:4, Runed Obsidian (Slime)
Automagy:blockNetherRuneMob:5, Runed Obsidian (Bat)
Automagy:blockNetherRuneMob:6, Runed Obsidian (Wisp)
Automagy:blockMobLure, Siren's Lure
Automagy:blockDimensionLure, Dimensional Lure
Automagy:blockGolemWorkbench, Верстак голема
Automagy:blockThirstyTank, Иссохший танк
Automagy:blockBoiler, Алхимический котёл
Automagy:blockCreativeJar:3, Бесдонная банка
Automagy:blockAmnesiac, Камень амнезии
Automagy:blockXPStone, Soul Stone
Automagy:blockXPJar, Jar of Enchanter's Concentrate
Automagy:blockThaumostaticPylon:0, Таумостатическая опора
Automagy:blockThaumostaticPylon:1, Таумостатический контроллер
Automagy:blockMirrorAlt:0, Melding Mirror
Automagy:blockMirrorMultiDest:0, Dispersing Mirror
Automagy:blockFluidMilk, Молоко
Automagy:blockFluidMushroom, Грибной суп
Automagy:blockFluidVishroom, Суп из висомора
Automagy:blockPhenomenon, Феномен
Automagy:blockThaumostaticSpire, Таумостатический шпиль
Automagy:blockTallyLensWorld, Ящик с ярлыком (Объектив: Свобода)
Automagy:blockTallyLensDrops, Ящик с ярлыком (Объектив: Доход)
AWWayofTime:Altar, Кровавый алтарь
AWWayofTime:AlchemicalWizardrybloodRune:0, Кровавая руна
AWWayofTime:AlchemicalWizardrybloodRune:1, Руна дополнительной ёмкости
AWWayofTime:AlchemicalWizardrybloodRune:2, Руна дислокации
AWWayofTime:AlchemicalWizardrybloodRune:3, Руна шара
AWWayofTime:AlchemicalWizardrybloodRune:4, Руна улучшенной ёмкости
AWWayofTime:AlchemicalWizardrybloodRune:5, Руна ускорения
AWWayofTime:lifeEssence, Жизненная эссенция
AWWayofTime:speedRune, Руна скорости
AWWayofTime:efficiencyRune, Руна эффективности
AWWayofTime:runeOfSacrifice, Руна жертвоприношения
AWWayofTime:runeOfSelfSacrifice, Руна самопожертвования
AWWayofTime:ritualStone, Ритуальный камень
AWWayofTime:masterStone, Ритуальный камень мастера
AWWayofTime:bloodSocket, Заполненный сокет
AWWayofTime:imperfectRitualStone, Несовершенный ритуальный камень
AWWayofTime:armourForge, Кузница душевной брони
AWWayofTime:emptySocket, Пустой сокет
AWWayofTime:bloodStoneBrick, Кровавый кирпич
AWWayofTime:largeBloodStoneBrick, Большой кровавый кирпич
AWWayofTime:blockWritingTable, Алхимическая и химическая установка
AWWayofTime:blockHomHeart, Стол заклинаний
AWWayofTime:blockPedestal, Тайный пьедестал
AWWayofTime:blockPlinth, Тайный постамент
AWWayofTime:blockTeleposer, Телепозер
AWWayofTime:spectralBlock, Призрачный блок
AWWayofTime:bloodLight, Кровавый свет
AWWayofTime:blockConduit, Труба для заклинаний
AWWayofTime:AlchemicalWizardrytile.blockSpellParadigm:0, Генератор частиц
AWWayofTime:AlchemicalWizardrytile.blockSpellParadigm:1, Self Augmentator
AWWayofTime:AlchemicalWizardrytile.blockSpellParadigm:2, Агрегатор ближнего действия
AWWayofTime:AlchemicalWizardrytile.blockSpellParadigm:3, Кузница инструментов
AWWayofTime:AlchemicalWizardrytile.blockSpellEnhancement:0, Нестабильный усилитель заклинаний
AWWayofTime:AlchemicalWizardrytile.blockSpellEnhancement:1, Обычный усилитель заклинаний
AWWayofTime:AlchemicalWizardrytile.blockSpellEnhancement:2, Усиленный усилитель заклинаний
AWWayofTime:AlchemicalWizardrytile.blockSpellEnhancement:3, Пропитанный усилитель заклинаний
AWWayofTime:AlchemicalWizardrytile.blockSpellEnhancement:4, Демонический усилитель заклинаний
AWWayofTime:AlchemicalWizardrytile.blockSpellEnhancement:5, Нестабильный удешевитель заклинаний
AWWayofTime:AlchemicalWizardrytile.blockSpellEnhancement:6, Обычный удешевитель заклинаний
AWWayofTime:AlchemicalWizardrytile.blockSpellEnhancement:7, Усиленный удешевитель заклинаний
AWWayofTime:AlchemicalWizardrytile.blockSpellEnhancement:8, Пропитанный удешевитель заклинаний
AWWayofTime:AlchemicalWizardrytile.blockSpellEnhancement:9, Демонический удешевитель заклинаний
AWWayofTime:AlchemicalWizardrytile.blockSpellEnhancement:10, Нестабильный стимулятор заклинаний
AWWayofTime:AlchemicalWizardrytile.blockSpellEnhancement:11, Обычный стимулятор заклинаний
AWWayofTime:AlchemicalWizardrytile.blockSpellEnhancement:12, Усиленный стимулятор заклинаний
AWWayofTime:AlchemicalWizardrytile.blockSpellEnhancement:13, Пропитанный стимулятор заклинаний
AWWayofTime:AlchemicalWizardrytile.blockSpellEnhancement:14, Демонический стимулятор заклинаний
AWWayofTime:AlchemicalWizardrytile.blockSpellModifier:0, Модификатор обычных заклинаний
AWWayofTime:AlchemicalWizardrytile.blockSpellModifier:1, Модификатор заклинаний нападения
AWWayofTime:AlchemicalWizardrytile.blockSpellModifier:2, Модификатор заклинаний обороны
AWWayofTime:AlchemicalWizardrytile.blockSpellModifier:3, Модификатор заклинаний на окружающую природу
AWWayofTime:AlchemicalWizardrytile.blockSpellEffect:0, Тигель огня
AWWayofTime:AlchemicalWizardrytile.blockSpellEffect:1, Производитель льда
AWWayofTime:AlchemicalWizardrytile.blockSpellEffect:2, Ветрогенератор
AWWayofTime:AlchemicalWizardrytile.blockSpellEffect:3, Формировщик земли
AWWayofTime:spectralContainer, Призрачный контейнер
AWWayofTime:demonPortalMain, Демонический портал
AWWayofTime:blockSchemSaver, Schematic Saver
AWWayofTime:blockReagentConduit, Алхимическое реле
AWWayofTime:blockAlchemicCalcinator, Алхимический кальцинатор
AWWayofTime:blockCrystalBelljar:0, Кристальный стеклянный колпак
AWWayofTime:blockDemonChest, Сундук демона
AWWayofTime:blockCrystal:0, Кристальное скопление
AWWayofTime:blockCrystal:1, Кирпич кристального скопления
AWWayofTime:blockMimic, Блок-имитатор
AWWayofTime:blockEnchantmentGlyph:0, Глиф искусного зачарователя
AWWayofTime:blockEnchantmentGlyph:1, Глиф магической силы
AWWayofTime:blockStabilityGlyph:0, Глиф непреклонный стабильности
AWWayofTime:blockCrucible, Incense Crucible
Botania:flower:0, Мистический белый цветок
Botania:flower:1, Мистический оранжевый цветок
Botania:flower:2, Мистический сиреневый цветок
Botania:flower:3, Мистический светло-синий цветок
Botania:flower:4, Мистический жёлтый цветок
Botania:flower:5, Мистический лаймовый цветок
Botania:flower:6, Мистический розовый цветок
Botania:flower:7, Мистический серый цветок
Botania:flower:8, Мистический светло-серый цветок
Botania:flower:9, Мистический бирюзовый цветок
Botania:flower:10, Мистический фиолетовый цветок
Botania:flower:11, Мистический синий цветок
Botania:flower:12, Мистический коричневый цветок
Botania:flower:13, Мистический зелёный цветок
Botania:flower:14, Мистический красный цветок
Botania:flower:15, Мистический чёрный цветок
Botania:altar:0, Лепестковый аптекарь
Botania:altar:1, Forest Petal Apothecary
Botania:altar:2, Plains Petal Apothecary
Botania:altar:3, Mountain Petal Apothecary
Botania:altar:4, Fungal Petal Apothecary
Botania:altar:5, Swamp Petal Apothecary
Botania:altar:6, Desert Petal Apothecary
Botania:altar:7, Taiga Petal Apothecary
Botania:altar:8, Mesa Petal Apothecary
Botania:livingrock:0, Жизнекамень
Botania:livingrock:1, Кирпич из жизнекамня
Botania:livingrock:2, Замшелый кирпич из жизнекамня
Botania:livingrock:3, Потрескавшийся кирпич из жизнекамня
Botania:livingrock:4, Обрамленный кирпич из жизнекамня
Botania:livingwood:0, Жизнедерево
Botania:livingwood:1, Доски из жизнедерева
Botania:livingwood:2, Замшелые доски из жизнедерева
Botania:livingwood:3, Обрамленное жизнедерево
Botania:livingwood:4, Резное жизнедерево
Botania:livingwood:5, Светящееся жизнедерево
Botania:specialFlower, tile.specialFlower.name
Botania:spreader:0, Распространитель маны
Botania:spreader:1, Красный распространитель маны
Botania:spreader:2, Эльфийский распространитель маны
Botania:spreader:3, Распространитель маны Гайи
Botania:pool:0, Бассейн маны
Botania:pool:2, Бассейн разбавленной маны
Botania:pool:3, Fabulous Mana Pool
Botania:pool:1, Вечно наполненный бассейн
Botania:runeAltar, tile.runeAltar.name
Botania:unstableBlock:0, Белый нестабильный куб
Botania:unstableBlock:1, Оранжевый нестабильный куб
Botania:unstableBlock:2, Сиреневый нестабильный куб
Botania:unstableBlock:3, Светло-синий нестабильный куб
Botania:unstableBlock:4, Жёлтый нестабильный куб
Botania:unstableBlock:5, Лаймовый нестабильный куб
Botania:unstableBlock:6, Розовый нестабильный куб
Botania:unstableBlock:7, Серый нестабильный куб
Botania:unstableBlock:8, Светло-серый нестабильный куб
Botania:unstableBlock:9, Бирюзовый нестабильный куб
Botania:unstableBlock:10, Фиолетовый нестабильный куб
Botania:unstableBlock:11, Синий нестабильный куб
Botania:unstableBlock:12, Коричневый нестабильный куб
Botania:unstableBlock:13, Зелёный нестабильный куб
Botania:unstableBlock:14, Красный нестабильный куб
Botania:unstableBlock:15, Чёрный нестабильный куб
Botania:pylon:0, Пилон маны
Botania:pylon:1, Природный пилон
Botania:pylon:2, Гайа пилон
Botania:pistonRelay, tile.pistonRelay.name
Botania:distributor, Распределитель кислородных пузырей
Botania:manaBeacon:0, Белый нестабильный маяк
Botania:manaBeacon:1, Оранжевый нестабильный маяк
Botania:manaBeacon:2, Сиреневый нестабильный маяк
Botania:manaBeacon:3, Светло-синий нестабильный маяк
Botania:manaBeacon:4, Желтый нестабильный маяк
Botania:manaBeacon:5, Лаймовый нестабильный маяк
Botania:manaBeacon:6, Розовый нестабильный маяк
Botania:manaBeacon:7, Серый нестабильный маяк
Botania:manaBeacon:8, Светло-серый нестабильный маяк
Botania:manaBeacon:9, Бирюзовый нестабильный маяк
Botania:manaBeacon:10, Фиолетовый нестабильный маяк
Botania:manaBeacon:11, Синий нестабильный маяк
Botania:manaBeacon:12, Коричневый нестабильный маяк
Botania:manaBeacon:13, Зелёный нестабильный маяк
Botania:manaBeacon:14, Красный нестабильный маяк
Botania:manaBeacon:15, Чёрный нестабильный маяк
Botania:manaVoid, tile.manaVoid.name
Botania:manaDetector, tile.manaDetector.name
Botania:enchanter, Осмотический стол зачарований
Botania:turntable, tile.turntable.name
Botania:tinyPlanetBlock, tile.tinyPlanetBlock.name
Botania:alchemyCatalyst, tile.alchemyCatalyst.name
Botania:openCrate:0, Открытый ящик
Botania:openCrate:1, Сборочный ящик
Botania:forestEye, tile.forestEye.name
Botania:storage:0, Блок манастали
Botania:storage:1, Блок террастали
Botania:storage:2, Блок элементия
Botania:storage:3, Block of Mana Diamond
Botania:storage:4, Block of Dragonstone
Botania:forestDrum:0, Барабан дикой природы
Botania:forestDrum:1, Барабан сбора
Botania:forestDrum:2, Drum of the Canopy
Botania:shinyFlower:0, Светящийся белый цветок
Botania:shinyFlower:1, Светящийся оранжевый цветок
Botania:shinyFlower:2, Светящийся сиреневый цветок
Botania:shinyFlower:3, Светящийся светло-синий цветок
Botania:shinyFlower:4, Светящийся жёлтый цветок
Botania:shinyFlower:5, Светящийся лаймовый цветок
Botania:shinyFlower:6, Светящийся розовый цветок
Botania:shinyFlower:7, Светящийся серый цветок
Botania:shinyFlower:8, Светящийся светло-серый цветок
Botania:shinyFlower:9, Светящийся бирюзовый цветок
Botania:shinyFlower:10, Светящийся фиолетовый цветок
Botania:shinyFlower:11, Светящийся синий цветок
Botania:shinyFlower:12, Светящийся коричневый цветок
Botania:shinyFlower:13, Светящийся зелёный цветок
Botania:shinyFlower:14, Светящийся красный цветок
Botania:shinyFlower:15, Светящийся чёрный цветок
Botania:platform:0, Заумная платформа
Botania:platform:1, Спектральная платформа
Botania:platform:2, Нерушимая платформа
Botania:alfheimPortal, tile.alfheimPortal.name
Botania:dreamwood:0, Древесина мечтаний
Botania:dreamwood:1, Доски из древесины мечтаний
Botania:dreamwood:2, Замшелые доски из древесины мечтаний
Botania:dreamwood:3, Обрамленная древесина мечтаний
Botania:dreamwood:4, Резная древесина мечтаний
Botania:dreamwood:5, Светящаяся древесина мечтаний
Botania:conjurationCatalyst, tile.conjurationCatalyst.name
Botania:bifrost, tile.bifrost.name
Botania:solidVine, tile.solidVine.name
Botania:buriedPetals:0, Buried White Petal
Botania:buriedPetals:1, Buried Orange Petal
Botania:buriedPetals:2, Buried Magenta Petal
Botania:buriedPetals:3, Buried Light Blue Petal
Botania:buriedPetals:4, Buried Yellow Petal
Botania:buriedPetals:5, Buried Lime Petal
Botania:buriedPetals:6, Buried Pink Petal
Botania:buriedPetals:7, Buried Gray Petal
Botania:buriedPetals:8, Buried Light Gray Petal
Botania:buriedPetals:9, Buried Cyan Petal
Botania:buriedPetals:10, Buried Purple Petal
Botania:buriedPetals:11, Buried Blue Petal
Botania:buriedPetals:12, Buried Brown Petal
Botania:buriedPetals:13, Buried Green Petal
Botania:buriedPetals:14, Buried Red Petal
Botania:buriedPetals:15, Buried Black Petal
Botania:prismarine:0, Призмарин
Botania:prismarine:1, Призмариновые кирпичи
Botania:prismarine:2, Тёмный призмарин
Botania:seaLamp, tile.seaLamp.name
Botania:miniIsland:0, Парящий белый цветок
Botania:miniIsland:1, Парящий оранжевый цветок
Botania:miniIsland:2, Парящий сиреневый цветок
Botania:miniIsland:3, Парящий светло-синий цветок
Botania:miniIsland:4, Парящий жёлтый цветок
Botania:miniIsland:5, Парящий лаймовый цветок
Botania:miniIsland:6, Парящий розовый цветок
Botania:miniIsland:7, Парящий серый цветок
Botania:miniIsland:8, Парящий светло-серый цветок
Botania:miniIsland:9, Парящий бирюзовый цветок
Botania:miniIsland:10, Парящий фиолетовый цветок
Botania:miniIsland:11, Парящий синий цветок
Botania:miniIsland:12, Парящий коричневый цветок
Botania:miniIsland:13, Парящий зелёный цветок
Botania:miniIsland:14, Парящий красный цветок
Botania:miniIsland:15, Парящий чёрный цветок
Botania:tinyPotato, tile.tinyPotato.name
Botania:spawnerClaw, tile.spawnerClaw.name
Botania:reedBlock, tile.reedBlock.name
Botania:thatch, tile.thatch.name
Botania:customBrick:0, Адский кирпич
Botania:customBrick:1, Душевный кирпич
Botania:customBrick:2, Ледяной кирпич
Botania:customBrick:3, Черепица
Botania:customBrick:4, Азулежу
Botania:customBrick:5, Азулежу
Botania:customBrick:6, Азулежу
Botania:customBrick:7, Азулежу
Botania:customBrick:8, Азулежу
Botania:customBrick:9, Азулежу
Botania:customBrick:10, Азулежу
Botania:customBrick:11, Азулежу
Botania:customBrick:12, Азулежу
Botania:customBrick:13, Азулежу
Botania:customBrick:14, Азулежу
Botania:customBrick:15, Азулежу
Botania:enderEyeBlock, tile.enderEyeBlock.name
Botania:starfield, tile.starfield.name
Botania:rfGenerator, tile.rfGenerator.name
Botania:elfGlass, tile.elfGlass.name
Botania:brewery, tile.brewery.name
Botania:manaGlass, tile.manaGlass.name
Botania:terraPlate, tile.terraPlate.name
Botania:redStringContainer, tile.redStringContainer.name
Botania:redStringDispenser, tile.redStringDispenser.name
Botania:redStringFertilizer, tile.redStringFertilizer.name
Botania:redStringComparator, tile.redStringComparator.name
Botania:redStringRelay, tile.redStringRelay.name
Botania:floatingSpecialFlower, tile.floatingSpecialFlower.name
Botania:manaFlame, tile.manaFlame.name
Botania:prism, tile.prism.name
Botania:dirtPath, tile.dirtPath.name
Botania:enchantedSoil, tile.enchantedSoil.name
Botania:petalBlock:0, White Petal Block
Botania:petalBlock:1, Orange Petal Block
Botania:petalBlock:2, Magenta Petal Block
Botania:petalBlock:3, Light Blue Petal Block
Botania:petalBlock:4, Yellow Petal Block
Botania:petalBlock:5, Lime Petal Block
Botania:petalBlock:6, Pink Petal Block
Botania:petalBlock:7, Gray Petal Block
Botania:petalBlock:8, Light Gray Petal Block
Botania:petalBlock:9, Cyan Petal Block
Botania:petalBlock:10, Purple Petal Block
Botania:petalBlock:11, Blue Petal Block
Botania:petalBlock:12, Brown Petal Block
Botania:petalBlock:13, Green Petal Block
Botania:petalBlock:14, Red Petal Block
Botania:petalBlock:15, Black Petal Block
Botania:corporeaIndex, tile.corporeaIndex.name
Botania:corporeaFunnel, tile.corporeaFunnel.name
Botania:endStoneBrick:0, End Stone Bricks
Botania:endStoneBrick:1, Chiseled End Stone Brick
Botania:endStoneBrick:2, Ender Bricks
Botania:endStoneBrick:3, Pillar Ender Bricks
Botania:mushroom:0, White Shimmering Mushroom
Botania:mushroom:1, Orange Shimmering Mushroom
Botania:mushroom:2, Magenta Shimmering Mushroom
Botania:mushroom:3, Light Blue Shimmering Mushroom
Botania:mushroom:4, Yellow Shimmering Mushroom
Botania:mushroom:5, Lime Shimmering Mushroom
Botania:mushroom:6, Pink Shimmering Mushroom
Botania:mushroom:7, Gray Shimmering Mushroom
Botania:mushroom:8, Light Gray Shimmering Mushroom
Botania:mushroom:9, Cyan Shimmering Mushroom
Botania:mushroom:10, Purple Shimmering Mushroom
Botania:mushroom:11, Blue Shimmering Mushroom
Botania:mushroom:12, Brown Shimmering Mushroom
Botania:mushroom:13, Green Shimmering Mushroom
Botania:mushroom:14, Red Shimmering Mushroom
Botania:mushroom:15, Black Shimmering Mushroom
Botania:pump, tile.pump.name
Botania:doubleFlower1:0, Tall Mystical White Flower
Botania:doubleFlower1:1, Tall Mystical Orange Flower
Botania:doubleFlower1:2, Tall Mystical Magenta Flower
Botania:doubleFlower1:3, Tall Mystical Light Blue Flower
Botania:doubleFlower1:4, Tall Mystical Yellow Flower
Botania:doubleFlower1:5, Tall Mystical Lime Flower
Botania:doubleFlower1:6, Tall Mystical Pink Flower
Botania:doubleFlower1:7, Tall Mystical Gray Flower
Botania:doubleFlower2:0, Tall Mystical Light Gray Flower
Botania:doubleFlower2:1, Tall Mystical Cyan Flower
Botania:doubleFlower2:2, Tall Mystical Purple Flower
Botania:doubleFlower2:3, Tall Mystical Blue Flower
Botania:doubleFlower2:4, Tall Mystical Brown Flower
Botania:doubleFlower2:5, Tall Mystical Green Flower
Botania:doubleFlower2:6, Tall Mystical Red Flower
Botania:doubleFlower2:7, Tall Mystical Black Flower
Botania:fakeAir, tile.fakeAir.name
Botania:blazeBlock, tile.blazeBlock.name
Botania:corporeaInterceptor, tile.corporeaInterceptor.name
Botania:corporeaCrystalCube, tile.corporeaCrystalCube.name
Botania:incensePlate, tile.incensePlate.name
Botania:hourglass, tile.hourglass.name
Botania:ghostRail, tile.ghostRail.name
Botania:sparkChanger, tile.sparkChanger.name
Botania:root, tile.root.name
Botania:felPumpkin, tile.felPumpkin.name
Botania:cocoon, tile.cocoon.name
Botania:lightRelay:0, Luminizer
Botania:lightRelay:1, Detector Luminizer
Botania:lightLauncher, tile.lightLauncher.name
Botania:manaBomb, tile.manaBomb.name
Botania:cacophoniumBlock, tile.cacophoniumBlock.name
Botania:bellows, tile.bellows.name
Botania:bifrostPerm, tile.bifrostPerm.name
Botania:cellBlock, tile.cellBlock.name
Botania:redStringInterceptor, tile.redStringInterceptor.name
Botania:gaiaHeadBlock, tile.gaiaHeadBlock.name
Botania:corporeaRetainer, tile.corporeaRetainer.name
Botania:teruTeruBozu, tile.teruTeruBozu.name
Botania:shimmerrock, tile.shimmerrock.name
Botania:shimmerwoodPlanks, tile.shimmerwoodPlanks.name
Botania:avatar, tile.avatar.name
Botania:altGrass:0, Dry Grass
Botania:altGrass:1, Golden Grass
Botania:altGrass:2, Vivid Grass
Botania:altGrass:3, Scorched Grass
Botania:altGrass:4, Infused Grass
Botania:altGrass:5, Mutated Grass
Botania:livingwood0Stairs, tile.livingwood0Stairs.name
Botania:livingwood0Wall, tile.livingwood0Wall.name
Botania:livingwood1Stairs, tile.livingwood1Stairs.name
Botania:livingrock0Stairs, tile.livingrock0Stairs.name
Botania:livingrock0Wall, tile.livingrock0Wall.name
Botania:livingrock1Stairs, tile.livingrock1Stairs.name
Botania:dreamwood0Stairs, tile.dreamwood0Stairs.name
Botania:dreamwood0Wall, tile.dreamwood0Wall.name
Botania:dreamwood1Stairs, tile.dreamwood1Stairs.name
Botania:prismarine0Stairs, tile.prismarine0Stairs.name
Botania:prismarine0Wall, tile.prismarine0Wall.name
Botania:prismarine1Stairs, tile.prismarine1Stairs.name
Botania:prismarine2Stairs, tile.prismarine2Stairs.name
Botania:reedBlock0Stairs, tile.reedBlock0Stairs.name
Botania:reedBlock0Wall, tile.reedBlock0Wall.name
Botania:thatch0Stairs, tile.thatch0Stairs.name
Botania:customBrick0Stairs, tile.customBrick0Stairs.name
Botania:customBrick1Stairs, tile.customBrick1Stairs.name
Botania:customBrick2Stairs, tile.customBrick2Stairs.name
Botania:customBrick3Stairs, tile.customBrick3Stairs.name
Botania:biomeStoneA:0, Metamorphic Forest Stone
Botania:biomeStoneA:1, Metamorphic Plains Stone
Botania:biomeStoneA:2, Metamorphic Mountain Stone
Botania:biomeStoneA:3, Metamorphic Fungal Stone
Botania:biomeStoneA:4, Metamorphic Swamp Stone
Botania:biomeStoneA:5, Metamorphic Desert Stone
Botania:biomeStoneA:6, Metamorphic Taiga Stone
Botania:biomeStoneA:7, Metamorphic Mesa Stone
Botania:biomeStoneA:8, Metamorphic Forest Cobblestone
Botania:biomeStoneA:9, Metamorphic Plains Cobblestone
Botania:biomeStoneA:10, Metamorphic Mountain Cobblestone
Botania:biomeStoneA:11, Metamorphic Fungal Cobblestone
Botania:biomeStoneA:12, Metamorphic Swamp Cobblestone
Botania:biomeStoneA:13, Metamorphic Desert Cobblestone
Botania:biomeStoneA:14, Metamorphic Taiga Cobblestone
Botania:biomeStoneA:15, Metamorphic Mesa Cobblestone
Botania:biomeStoneB:0, Metamorphic Forest Stone Bricks
Botania:biomeStoneB:1, Metamorphic Plains Stone Bricks
Botania:biomeStoneB:2, Metamorphic Mountain Stone Bricks
Botania:biomeStoneB:3, Metamorphic Fungal Stone Bricks
Botania:biomeStoneB:4, Metamorphic Swamp Stone Bricks
Botania:biomeStoneB:5, Metamorphic Desert Stone Bricks
Botania:biomeStoneB:6, Metamorphic Taiga Stone Bricks
Botania:biomeStoneB:7, Metamorphic Mesa Stone Bricks
Botania:biomeStoneB:8, Chiseled Metamorphic Forest Stone Brick
Botania:biomeStoneB:9, Chiseled Metamorphic Plains Stone Brick
Botania:biomeStoneB:10, Chiseled Metamorphic Mountain Stone Brick
Botania:biomeStoneB:11, Chiseled Metamorphic Fungal Stone Brick
Botania:biomeStoneB:12, Chiseled Metamorphic Swamp Stone Brick
Botania:biomeStoneB:13, Chiseled Metamorphic Desert Stone Brick
Botania:biomeStoneB:14, Chiseled Metamorphic Taiga Stone Brick
Botania:biomeStoneB:15, Chiseled Metamorphic Mesa Stone Brick
Botania:stone:0, Andesite
Botania:stone:1, Basalt
Botania:stone:2, Diorite
Botania:stone:3, Granite
Botania:stone:4, Polished Andesite
Botania:stone:5, Polished Basalt
Botania:stone:6, Polished Diorite
Botania:stone:7, Polished Granite
Botania:stone:8, Andesite Bricks
Botania:stone:9, Basalt Bricks
Botania:stone:10, Diorite Bricks
Botania:stone:11, Granite Bricks
Botania:stone:12, Chiseled Andesite Brick
Botania:stone:13, Chiseled Basalt Brick
Botania:stone:14, Chiseled Diorite Brick
Botania:stone:15, Chiseled Granite Brick
Botania:pavement:0, White Portuguese Pavement
Botania:pavement:1, Black Portuguese Pavement
Botania:pavement:2, Blue Portuguese Pavement
Botania:pavement:3, Red Portuguese Pavement
Botania:pavement:4, Yellow Portuguese Pavement
Botania:pavement:5, Green Portuguese Pavement
Botania:quartzTypeDark:0, Блок дымного кварца
Botania:quartzTypeDark:1, Резной блок дымного кварца
Botania:quartzTypeDark:2, Колонна из дымного кварца
Botania:quartzStairsDark, tile.quartzStairsDark.name
Botania:quartzTypeMana:0, Блок манакварца
Botania:quartzTypeMana:1, Резной блок манакварца
Botania:quartzTypeMana:2, Колонна из манакварца
Botania:quartzStairsMana, tile.quartzStairsMana.name
Botania:quartzTypeBlaze:0, Блок пламенного кварца
Botania:quartzTypeBlaze:1, Резной блок пламенного кварца
Botania:quartzTypeBlaze:2, Колонна из пламенного кварца
Botania:quartzStairsBlaze, tile.quartzStairsBlaze.name
Botania:quartzTypeLavender:0, Блок лавандового кварца
Botania:quartzTypeLavender:1, Резной блок лавандового кварца
Botania:quartzTypeLavender:2, Колонна из лавандового кварца
Botania:quartzStairsLavender, tile.quartzStairsLavender.name
Botania:quartzTypeRed:0, Блок красного кварца
Botania:quartzTypeRed:1, Резной блок красного кварца
Botania:quartzTypeRed:2, Колонна из красного кварца
Botania:quartzStairsRed, tile.quartzStairsRed.name
Botania:quartzTypeElf:0, Блок эльфийского кварца
Botania:quartzTypeElf:1, Резной блок эльфийского кварца
Botania:quartzTypeElf:2, Колонна из эльфийского кварца
Botania:quartzStairsElf, tile.quartzStairsElf.name
Botania:quartzTypeSunny:0, Block of Sunny Quartz
Botania:quartzTypeSunny:1, Chiseled Sunny Quartz Block
Botania:quartzTypeSunny:2, Pillar Sunny Quartz Block
Botania:quartzStairsSunny, tile.quartzStairsSunny.name
Botania:biomeStoneA0Stairs, tile.biomeStoneA0Stairs.name
Botania:biomeStoneA1Stairs, tile.biomeStoneA1Stairs.name
Botania:biomeStoneA2Stairs, tile.biomeStoneA2Stairs.name
Botania:biomeStoneA3Stairs, tile.biomeStoneA3Stairs.name
Botania:biomeStoneA4Stairs, tile.biomeStoneA4Stairs.name
Botania:biomeStoneA5Stairs, tile.biomeStoneA5Stairs.name
Botania:biomeStoneA6Stairs, tile.biomeStoneA6Stairs.name
Botania:biomeStoneA7Stairs, tile.biomeStoneA7Stairs.name
Botania:biomeStoneA8Stairs, tile.biomeStoneA8Stairs.name
Botania:biomeStoneA9Stairs, tile.biomeStoneA9Stairs.name
Botania:biomeStoneA10Stairs, tile.biomeStoneA10Stairs.name
Botania:biomeStoneA11Stairs, tile.biomeStoneA11Stairs.name
Botania:biomeStoneA12Stairs, tile.biomeStoneA12Stairs.name
Botania:biomeStoneA13Stairs, tile.biomeStoneA13Stairs.name
Botania:biomeStoneA14Stairs, tile.biomeStoneA14Stairs.name
Botania:biomeStoneA15Stairs, tile.biomeStoneA15Stairs.name
Botania:biomeStoneB0Stairs, tile.biomeStoneB0Stairs.name
Botania:biomeStoneB1Stairs, tile.biomeStoneB1Stairs.name
Botania:biomeStoneB2Stairs, tile.biomeStoneB2Stairs.name
Botania:biomeStoneB3Stairs, tile.biomeStoneB3Stairs.name
Botania:biomeStoneB4Stairs, tile.biomeStoneB4Stairs.name
Botania:biomeStoneB5Stairs, tile.biomeStoneB5Stairs.name
Botania:biomeStoneB6Stairs, tile.biomeStoneB6Stairs.name
Botania:biomeStoneB7Stairs, tile.biomeStoneB7Stairs.name
Botania:biomeStoneA0Wall:0, Metamorphic Forest Cobblestone Wall
Botania:biomeStoneA0Wall:1, Metamorphic Plains Cobblestone Wall
Botania:biomeStoneA0Wall:2, Metamorphic Mountain Cobblestone Wall
Botania:biomeStoneA0Wall:3, Metamorphic Fungal Cobblestone Wall
Botania:biomeStoneA0Wall:4, Metamorphic Swamp Cobblestone Wall
Botania:biomeStoneA0Wall:5, Metamorphic Desert Cobblestone Wall
Botania:biomeStoneA0Wall:6, Metamorphic Taiga Cobblestone Wall
Botania:biomeStoneA0Wall:7, Metamorphic Mesa Cobblestone Wall
Botania:stone0Stairs, tile.stone0Stairs.name
Botania:stone1Stairs, tile.stone1Stairs.name
Botania:stone2Stairs, tile.stone2Stairs.name
Botania:stone3Stairs, tile.stone3Stairs.name
Botania:stone8Stairs, tile.stone8Stairs.name
Botania:stone9Stairs, tile.stone9Stairs.name
Botania:stone10Stairs, tile.stone10Stairs.name
Botania:stone11Stairs, tile.stone11Stairs.name
Botania:stone0Wall:0, Andesite Wall
Botania:stone0Wall:1, Basalt Wall
Botania:stone0Wall:2, Diorite Wall
Botania:stone0Wall:3, Granite Wall
Botania:pavement0Stairs, tile.pavement0Stairs.name
Botania:pavement1Stairs, tile.pavement1Stairs.name
Botania:pavement2Stairs, tile.pavement2Stairs.name
Botania:pavement3Stairs, tile.pavement3Stairs.name
Botania:pavement4Stairs, tile.pavement4Stairs.name
Botania:pavement5Stairs, tile.pavement5Stairs.name
Botania:endStoneBrick0Stairs, tile.endStoneBrick0Stairs.name
Botania:endStoneBrick2Stairs, tile.endStoneBrick2Stairs.name
Botania:shimmerrock0Stairs, tile.shimmerrock0Stairs.name
Botania:shimmerwoodPlanks0Stairs, tile.shimmerwoodPlanks0Stairs.name
Botania:manaGlassPane, tile.manaGlassPane.name
Botania:elfGlassPane, tile.elfGlassPane.name
Botania:bifrostPermPane, tile.bifrostPermPane.name
Botania:quartzSlabDarkHalf:0, Плита из дымного кварца
Botania:quartzSlabDarkFull:0, Smokey Quartz Slab
Botania:quartzSlabManaHalf:0, Плита из манакварца
Botania:quartzSlabManaFull:0, Mana Quartz Slab
Botania:quartzSlabBlazeHalf:0, Плита из пламенного кварца
Botania:quartzSlabBlazeFull:0, Blaze Quartz Slab
Botania:quartzSlabLavenderHalf:0, Плита из лавандового кварца
Botania:quartzSlabLavenderFull:0, Lavender Quartz Slab
Botania:quartzSlabRedHalf:0, Плита из красного кварца
Botania:quartzSlabRedFull:0, Redquartz Slab
Botania:quartzSlabElfHalf:0, Плита из эльфийского кварца
Botania:quartzSlabElfFull:0, Elven Quartz Slab
Botania:quartzSlabSunnyHalf:0, Sunny Quartz Slab
Botania:quartzSlabSunnyFull:0, Sunny Quartz Slab
Botania:livingwood0Slab:0, Плита из жизнедерева
Botania:livingwood0SlabFull:0, Livingwood Slab
Botania:livingwood1Slab:0, Плита из живых досок
Botania:livingwood1SlabFull:0, Livingwood Plank Slab
Botania:livingrock0Slab:0, Плита из жизнекамня
Botania:livingrock0SlabFull:0, Livingrock Slab
Botania:livingrock1Slab:0, Плита из живого кирпича
Botania:livingrock1SlabFull:0, Livingrock Brick Slab
Botania:dreamwood0Slab:0, Плита из древесины мечтаний
Botania:dreamwood0SlabFull:0, Dreamwood Slab
Botania:dreamwood1Slab:0, Плита из досок мечтаний
Botania:dreamwood1SlabFull:0, Dreamwood Plank Slab
Botania:reedBlock0Slab:0, Тростниковая плита
Botania:reedBlock0SlabFull:0, Reed Slab
Botania:thatch0Slab:0, Соломенная плита
Botania:thatch0SlabFull:0, Thatch Slab
Botania:prismarine0Slab:0, Плита из призмарина
Botania:prismarine0SlabFull:0, Prismarine Slab
Botania:prismarine1Slab:0, Плита из призмаринового кирпича
Botania:prismarine1SlabFull:0, Prismarine Brick Slab
Botania:prismarine2Slab:0, Плита из тёмного призмарина
Botania:prismarine2SlabFull:0, Dark Prismarine Slab
Botania:customBrick0Slab:0, Плита из адского кирпича
Botania:customBrick0SlabFull:0, Hellish Brick Slab
Botania:customBrick1Slab:0, Плита из душевного кирпича
Botania:customBrick1SlabFull:0, Soul Brick Slab
Botania:customBrick2Slab:0, Плита из ледяного кирпича
Botania:customBrick2SlabFull:0, Frosty Brick Slab
Botania:customBrick3Slab:0, Плита из черепицы
Botania:customBrick3SlabFull:0, Roof Tile Slab
Botania:dirtPath0Slab:0, Trodden Dirt Slab
Botania:dirtPath0SlabFull:0, Trodden Dirt Slab
Botania:endStoneBrick0Slab:0, End Stone Brick Slab
Botania:endStoneBrick0SlabFull:0, End Stone Brick Slab
Botania:endStoneBrick2Slab:0, Ender Brick Slab
Botania:endStoneBrick2SlabFull:0, Ender Brick Slab
Botania:shimmerrock0Slab:0, Shimmerrock Slab
Botania:shimmerrock0SlabFull:0, Shimmerrock Slab
Botania:shimmerwoodPlanks0Slab:0, Shimmerwood Plank Slab
Botania:shimmerwoodPlanks0SlabFull:0, Shimmerwood Plank Slab
Botania:biomeStoneA0Slab:0, Metamorphic Forest Stone Slab
Botania:biomeStoneA0SlabFull:0, Metamorphic Forest Stone Slab
Botania:biomeStoneA1Slab:0, Metamorphic Plains Stone Slab
Botania:biomeStoneA1SlabFull:0, Metamorphic Plains Stone Slab
Botania:biomeStoneA2Slab:0, Metamorphic Mountain Stone Slab
Botania:biomeStoneA2SlabFull:0, Metamorphic Mountain Stone Slab
Botania:biomeStoneA3Slab:0, Metamorphic Fungal Stone Slab
Botania:biomeStoneA3SlabFull:0, Metamorphic Fungal Stone Slab
Botania:biomeStoneA4Slab:0, Metamorphic Swamp Stone Slab
Botania:biomeStoneA4SlabFull:0, Metamorphic Swamp Stone Slab
Botania:biomeStoneA5Slab:0, Metamorphic Desert Stone Slab
Botania:biomeStoneA5SlabFull:0, Metamorphic Desert Stone Slab
Botania:biomeStoneA6Slab:0, Metamorphic Taiga Stone Slab
Botania:biomeStoneA6SlabFull:0, Metamorphic Taiga Stone Slab
Botania:biomeStoneA7Slab:0, Metamorphic Mesa Stone Slab
Botania:biomeStoneA7SlabFull:0, Metamorphic Mesa Stone Slab
Botania:biomeStoneA8Slab:0, Metamorphic Forest Cobblestone Slab
Botania:biomeStoneA8SlabFull:0, Metamorphic Forest Cobblestone Slab
Botania:biomeStoneA9Slab:0, Metamorphic Plains Cobblestone Slab
Botania:biomeStoneA9SlabFull:0, Metamorphic Plains Cobblestone Slab
Botania:biomeStoneA10Slab:0, Metamorphic Mountain Cobblestone Slab
Botania:biomeStoneA10SlabFull:0, Metamorphic Mountain Cobblestone Slab
Botania:biomeStoneA11Slab:0, Metamorphic Fungal Cobblestone Slab
Botania:biomeStoneA11SlabFull:0, Metamorphic Fungal Cobblestone Slab
Botania:biomeStoneA12Slab:0, Metamorphic Swamp Cobblestone Slab
Botania:biomeStoneA12SlabFull:0, Metamorphic Swamp Cobblestone Slab
Botania:biomeStoneA13Slab:0, Metamorphic Desert Cobblestone Slab
Botania:biomeStoneA13SlabFull:0, Metamorphic Desert Cobblestone Slab
Botania:biomeStoneA14Slab:0, Metamorphic Taiga Cobblestone Slab
Botania:biomeStoneA14SlabFull:0, Metamorphic Taiga Cobblestone Slab
Botania:biomeStoneA15Slab:0, Metamorphic Mesa Cobblestone Slab
Botania:biomeStoneA15SlabFull:0, Metamorphic Mesa Cobblestone Slab
Botania:biomeStoneB0Slab:0, Metamorphic Forest Stone Brick Slab
Botania:biomeStoneB0SlabFull:0, Metamorphic Forest Stone Brick Slab
Botania:biomeStoneB1Slab:0, Metamorphic Plains Stone Brick Slab
Botania:biomeStoneB1SlabFull:0, Metamorphic Plains Stone Brick Slab
Botania:biomeStoneB2Slab:0, Metamorphic Mountain Stone Brick Slab
Botania:biomeStoneB2SlabFull:0, Metamorphic Mountain Stone Brick Slab
Botania:biomeStoneB3Slab:0, Metamorphic Fungal Stone Brick Slab
Botania:biomeStoneB3SlabFull:0, Metamorphic Fungal Stone Brick Slab
Botania:biomeStoneB4Slab:0, Metamorphic Swamp Stone Brick Slab
Botania:biomeStoneB4SlabFull:0, Metamorphic Swamp Stone Brick Slab
Botania:biomeStoneB5Slab:0, Metamorphic Desert Stone Brick Slab
Botania:biomeStoneB5SlabFull:0, Metamorphic Desert Stone Brick Slab
Botania:biomeStoneB6Slab:0, Metamorphic Taiga Stone Brick Slab
Botania:biomeStoneB6SlabFull:0, Metamorphic Taiga Stone Brick Slab
Botania:biomeStoneB7Slab:0, Metamorphic Mesa Stone Bricks Slab
Botania:biomeStoneB7SlabFull:0, Metamorphic Mesa Stone Bricks Slab
Botania:stone0Slab:0, Andesite Slab
Botania:stone0SlabFull:0, Andesite Slab
Botania:stone1Slab:0, Basalt Slab
Botania:stone1SlabFull:0, Basalt Slab
Botania:stone2Slab:0, Diorite Slab
Botania:stone2SlabFull:0, Diorite Slab
Botania:stone3Slab:0, Granite Slab
Botania:stone3SlabFull:0, Granite Slab
Botania:stone8Slab:0, Andesite Brick Slab
Botania:stone8SlabFull:0, Andesite Brick Slab
Botania:stone9Slab:0, Basalt Brick Slab
Botania:stone9SlabFull:0, Basalt Brick Slab
Botania:stone10Slab:0, Diorite Brick Slab
Botania:stone10SlabFull:0, Diorite Brick Slab
Botania:stone11Slab:0, Granite Brick Slab
Botania:stone11SlabFull:0, Granite Brick Slab
Botania:pavement0Slab:0, White Portuguese Pavement Slab
Botania:pavement0SlabFull:0, White Portuguese Pavement Slab
Botania:pavement1Slab:0, Black Portuguese Pavement Slab
Botania:pavement1SlabFull:0, Black Portuguese Pavement Slab
Botania:pavement2Slab:0, Blue Portuguese Pavement Slab
Botania:pavement2SlabFull:0, Blue Portuguese Pavement Slab
Botania:pavement3Slab:0, Red Portuguese Pavement Slab
Botania:pavement3SlabFull:0, Red Portuguese Pavement Slab
Botania:pavement4Slab:0, Yellow Portuguese Pavement Slab
Botania:pavement4SlabFull:0, Yellow Portuguese Pavement Slab
Botania:pavement5Slab:0, Green Portuguese Pavement Slab
Botania:pavement5SlabFull:0, Green Portuguese Pavement Slab
Avaritia:Double_Craft, Compressed Crafting Table
Avaritia:Triple_Craft, Double Compressed Crafting Table
Avaritia:Dire_Crafting, Dire Crafting Table
Avaritia:Crystal_Matrix, Crystal Matrix
Avaritia:Resource_Block:0, Neutronium Block
Avaritia:Resource_Block:1, Infinity Block
Avaritia:Neutron_Collector, Neutron Collector
Avaritia:Neutronium_Compressor, Neutronium Compressor
avaritiaddons:CompressedChest, Compressed Chest
avaritiaddons:InfinityChest, Infinity Chest
avaritiaddons:ExtremeAutoCrafter, Dire Autocrafting Table
HardcoreEnderExpansion:enhanced_tnt, Динамит
HardcoreEnderExpansion:ravaged_brick:0, Разрушенный кирпич
HardcoreEnderExpansion:ravaged_brick:1, Разрушенный кирпич
HardcoreEnderExpansion:ravaged_brick:2, Разрушенный кирпич
HardcoreEnderExpansion:ravaged_brick:3, Разрушенный кирпич
HardcoreEnderExpansion:ravaged_brick:4, Разрушенный кирпич
HardcoreEnderExpansion:ravaged_brick:5, Разрушенный кирпич
HardcoreEnderExpansion:sphalerite:0, Сфалерит
HardcoreEnderExpansion:sphalerite:1, Сфалерит с звёздной пылью
HardcoreEnderExpansion:ravaged_brick_fence, Забор из разрушенного кирпича
HardcoreEnderExpansion:end_powder_ore, Руда порошка Края
HardcoreEnderExpansion:biome_core, tile.biomeIslandCore.name
HardcoreEnderExpansion:essence_altar:0, Основной алтарь эссенции
HardcoreEnderExpansion:essence_altar:1, Алтарь драконий эссенции
HardcoreEnderExpansion:essence_altar:2, Алтарь пламенной эссенции
HardcoreEnderExpansion:essence_altar:3, Алтарь спектральной эссенции
HardcoreEnderExpansion:void_chest, Void Chest
HardcoreEnderExpansion:end_stone_terrain:0, Заражённый камень Края
HardcoreEnderExpansion:end_stone_terrain:1, Сожжённый камень Края
HardcoreEnderExpansion:end_stone_terrain:2, Зачарованный камень Края
HardcoreEnderExpansion:laboratory_stairs, Laboratory Stairs
HardcoreEnderExpansion:death_flower_pot, tile.flowerPot.name
HardcoreEnderExpansion:obsidian_special_glow:0, Гладкий светящийся обсидиан
HardcoreEnderExpansion:obsidian_special_glow:1, Резной светящийся обсидиан
HardcoreEnderExpansion:obsidian_special_glow:2, Колонна из светящегося обсидиана
HardcoreEnderExpansion:obsidian_stairs, Обсидиановые ступеньки
HardcoreEnderExpansion:ravaged_brick_slab:0, Плита из разрушенного кирпича
HardcoreEnderExpansion:persegrit:0, Persegrit
HardcoreEnderExpansion:persegrit:1, Persegrit
HardcoreEnderExpansion:persegrit:2, Persegrit
HardcoreEnderExpansion:persegrit:3, Persegrit
HardcoreEnderExpansion:persegrit:4, Persegrit
HardcoreEnderExpansion:persegrit:5, Persegrit
HardcoreEnderExpansion:persegrit:6, Persegrit
HardcoreEnderExpansion:persegrit:7, Persegrit
HardcoreEnderExpansion:persegrit:8, Persegrit
HardcoreEnderExpansion:persegrit:9, Persegrit
HardcoreEnderExpansion:persegrit:10, Persegrit
HardcoreEnderExpansion:persegrit:11, Persegrit
HardcoreEnderExpansion:persegrit:12, Persegrit
HardcoreEnderExpansion:persegrit:13, Persegrit
HardcoreEnderExpansion:persegrit:14, Persegrit
HardcoreEnderExpansion:persegrit:15, Persegrit
HardcoreEnderExpansion:stardust_ore, Руда звёздной пыли
HardcoreEnderExpansion:endium_block, Endium Block
HardcoreEnderExpansion:death_flower:0, Цветок смерти
HardcoreEnderExpansion:death_flower:15, Цветок смерти
HardcoreEnderExpansion:corrupted_energy_low, tile.null.name
HardcoreEnderExpansion:decomposition_table, Стол разложения
HardcoreEnderExpansion:laboratory_obsidian, Laboratory Obsidian
HardcoreEnderExpansion:energy_extraction_table, Стол извлечения энергии
HardcoreEnderExpansion:corrupted_energy_high, tile.null.name
HardcoreEnderExpansion:laboratory_glass, Laboratory Glass
HardcoreEnderExpansion:ravaged_brick_glow, Светящийся разрушенный кирпич
HardcoreEnderExpansion:dungeon_puzzle:0, Головоломка темницы (Выкл)
HardcoreEnderExpansion:dungeon_puzzle:1, Головоломка темницы (Вкл)
HardcoreEnderExpansion:dungeon_puzzle:2, Головоломка темницы (Стена)
HardcoreEnderExpansion:dungeon_puzzle:11, Головоломка темницы (Каменная стена)
HardcoreEnderExpansion:dungeon_puzzle:12, Головоломка темницы (Горящая стена)
HardcoreEnderExpansion:laboratory_floor, Laboratory Floor
HardcoreEnderExpansion:custom_spawner, Рассадник монстров
HardcoreEnderExpansion:spooky_log, Жуткое бревно
HardcoreEnderExpansion:cinder, Пепел
HardcoreEnderExpansion:spooky_leaves, Жуткие листья
HardcoreEnderExpansion:energy_cluster, Энергетический кластер
HardcoreEnderExpansion:enhanced_brewing_stand_block, tile.brewingStand.name
HardcoreEnderExpansion:igneous_rock_ore, Руда магматической породы
HardcoreEnderExpansion:ender_goo, Слизь Края
HardcoreEnderExpansion:enderman_head_block, Голова странника Края
HardcoreEnderExpansion:temple_end_portal, tile.templeEndPortal.name
HardcoreEnderExpansion:obsidian_end, Падающий обсидиан
HardcoreEnderExpansion:endium_ore, Endium Ore
HardcoreEnderExpansion:ravaged_brick_smooth, Гладкий разрушенный кирпич
HardcoreEnderExpansion:ravaged_brick_stairs, Ступеньки из разрушенного кирпича
HardcoreEnderExpansion:crossed_decoration:2, Колючий куст
HardcoreEnderExpansion:crossed_decoration:3, Заражённый куст
HardcoreEnderExpansion:crossed_decoration:4, Заражённый папоротник
HardcoreEnderExpansion:crossed_decoration:5, Заражённая трава
HardcoreEnderExpansion:crossed_decoration:6, Огненная лилия
HardcoreEnderExpansion:crossed_decoration:7, Высокий фиолетовый мох
HardcoreEnderExpansion:crossed_decoration:8, Средний фиолетовый мох
HardcoreEnderExpansion:crossed_decoration:9, Короткий фиолетовый мох
HardcoreEnderExpansion:laser_beam, tile.laserBeam.name
HardcoreEnderExpansion:obsidian_special:0, Гладкий обсидиан
HardcoreEnderExpansion:obsidian_special:1, Резной обсидиан
HardcoreEnderExpansion:obsidian_special:2, Колонна из обсидиана
HardcoreEnderExpansion:block_special_effects:1, specialEffects.1.name
HardcoreEnderExpansion:block_special_effects:2, specialEffects.2.name
HardcoreEnderExpansion:block_special_effects:3, specialEffects.3.name
HardcoreEnderExpansion:block_special_effects:4, specialEffects.4.name
HardcoreEnderExpansion:block_special_effects:5, specialEffects.5.name
HardcoreEnderExpansion:instability_orb_ore, Руда сферы нестабильности
HardcoreEnderExpansion:soul_charm:0, Амулет души
HardcoreEnderExpansion:soul_charm:1, Пустой амулет души
Forestry:core:0, Анализатор
Forestry:core:1, Секретер
Forestry:soil:0, Гумус
Forestry:soil:1, Болотная земля
Forestry:resources:0, Апатитовая руда
Forestry:resources:1, Медная руда
Forestry:resources:2, Оловянная руда
Forestry:resourceStorage:0, Апатитовый блок
Forestry:resourceStorage:1, Медный блок
Forestry:resourceStorage:2, Оловянный блок
Forestry:resourceStorage:3, Бронзовый блок
Forestry:fluid.bioethanol, Этанол
Forestry:fluid.biomass, Биомасса
Forestry:fluid.glass, Жидкое стекло
Forestry:fluid.honey, Мёд
Forestry:fluid.ice, Молотый лёд
Forestry:fluid.juice, Фруктовый сок
Forestry:fluid.seedoil, Растительное масло
Forestry:fluid.short.mead, Питный мёд
Forestry:fluid.mead, Mead
Forestry:apiculture:0, Пасека
Forestry:apiculture:2, Пчелиный домик
Forestry:apicultureChest:0, Сундук пчеловода
Forestry:beehives:1, Лесной улей
Forestry:beehives:2, Луговой улей
Forestry:beehives:3, Пустынный улей
Forestry:beehives:4, Тропический улей
Forestry:beehives:6, Снежный улей
Forestry:beehives:7, Болотный улей
Forestry:candle:0, Тёмная свеча
Forestry:stump:0, Потухшая свеча
Forestry:alveary:0, Пчелиный улей
Forestry:alveary:2, Роевня
Forestry:alveary:3, Вентилятор улья
Forestry:alveary:4, Обогреватель улья
Forestry:alveary:5, Кондиционер улья
Forestry:alveary:6, Стабилизатор улья
Forestry:alveary:7, Сито улья
Forestry:logs:0, Древесина лиственницы
Forestry:logs:1, Древесина тикового дерева
Forestry:logs:2, Древесина акации
Forestry:logs:3, Древесина липы
Forestry:logs:4, Древесина каштана
Forestry:logs:5, Древесина дерева Венге
Forestry:logs:6, Древесина баобаба
Forestry:logs:7, Древесина секвойи
Forestry:logs:8, Древесина хлопкового дерева
Forestry:logs:9, Древесина мирта
Forestry:logs:10, Древесина красного дерева
Forestry:logs:11, Древесина бальзы
Forestry:logs:12, Древесина ивы
Forestry:logs:13, Древесина орехового дерева
Forestry:logs:14, Древесина гринхарта
Forestry:logs:15, Древесина вишнёвого дерева
Forestry:logs:16, Древесина гибискуса
Forestry:logs:17, Древесина тополя
Forestry:logs:18, Древесина пальмы
Forestry:logs:19, Древесина дынного дерева
Forestry:logs:20, Древесина сосны
Forestry:logs:21, Древесина сливового дерева
Forestry:logs:22, Древесина клёна
Forestry:logs:23, Древесина цитрусового дерева
Forestry:logs:24, Древесина гигантской секвойи
Forestry:logs:25, Древесина муравьиного дерева
Forestry:logs:26, Древесина падука
Forestry:logs:27, Древесина кокоболо
Forestry:logs:28, Древесина зебрано
Forestry:planks:0, Доски из лиственницы
Forestry:planks:1, Доски из тикового дерева
Forestry:planks:2, Доски из акации
Forestry:planks:3, Доски из липы
Forestry:planks:4, Доски из каштана
Forestry:planks:5, Доски из дерева Венге
Forestry:planks:6, Доски из баобаба
Forestry:planks:7, Доски из секвойи
Forestry:planks:8, Доски из хлопкового дерева
Forestry:planks:9, Доски из мирта
Forestry:planks:10, Доски из красного дерева
Forestry:planks:11, Доски из бальзы
Forestry:planks:12, Доски из ивы
Forestry:planks:13, Доски из орехового дерева
Forestry:planks:14, Доски из гринхарта
Forestry:planks:15, Доски из вишнёвого дерева
Forestry:planks:16, Доски из гибискуса
Forestry:planks:17, Доски из тополя
Forestry:planks:18, Доски из пальмы
Forestry:planks:19, Доски из дынного дерева
Forestry:planks:20, Доски из сосны
Forestry:planks:21, Доски из сливового дерева
Forestry:planks:22, Доски из клёна
Forestry:planks:23, Доски из цитрусового дерева
Forestry:planks:24, Доски из гигантской секвойи
Forestry:planks:25, Доски из муравьиного дерева
Forestry:planks:26, Доски из падука
Forestry:planks:27, Доски из кокоболо
Forestry:planks:28, Доски из зебрано
Forestry:slabs:0, Плита из лиственницы
Forestry:slabs:1, Плита из тикового дерева
Forestry:slabs:2, Плита из акации
Forestry:slabs:3, Плита из липы
Forestry:slabs:4, Плита из каштана
Forestry:slabs:5, Плита из дерева Венге
Forestry:slabs:6, Плита из баобаба
Forestry:slabs:7, Плита из секвойи
Forestry:slabs:8, Плита из хлопкового дерева
Forestry:slabs:9, Плита из мирта
Forestry:slabs:10, Плита из красного дерева
Forestry:slabs:11, Плита из бальзы
Forestry:slabs:12, Плита из ивы
Forestry:slabs:13, Плита из орехового дерева
Forestry:slabs:14, Плита из гринхарта
Forestry:slabs:15, Плита из вишнёвого дерева
Forestry:slabs:16, Плита из гибискуса
Forestry:slabs:17, Плита из тополя
Forestry:slabs:18, Плита из пальмы
Forestry:slabs:19, Плита из дынного дерева
Forestry:slabs:20, Плита из сосны
Forestry:slabs:21, Плита из сливового дерева
Forestry:slabs:22, Плита из клёна
Forestry:slabs:23, Плита из цитрусового дерева
Forestry:slabs:24, Плита из гигантской секвойи
Forestry:slabs:25, Плита из муравьиного дерева
Forestry:slabs:26, Плита из падука
Forestry:slabs:27, Плита из кокоболо
Forestry:slabs:28, Плита из зебрано
Forestry:fences:0, Забор из лиственницы
Forestry:fences:1, Забор из тикового дерева
Forestry:fences:2, Забор из акации
Forestry:fences:3, Забор из липы
Forestry:fences:4, Забор из каштана
Forestry:fences:5, Забор из дерева Венге
Forestry:fences:6, Забор из баобаба
Forestry:fences:7, Забор из секвойи
Forestry:fences:8, Забор из хлопкового дерева
Forestry:fences:9, Забор из мирта
Forestry:fences:10, Забор из красного дерева
Forestry:fences:11, Забор из бальзы
Forestry:fences:12, Забор из ивы
Forestry:fences:13, Забор из орехового дерева
Forestry:fences:14, Забор из гринхарта
Forestry:fences:15, Забор из вишнёвого дерева
Forestry:fences:16, Забор из гибискуса
Forestry:fences:17, Забор из тополя
Forestry:fences:18, Забор из пальмы
Forestry:fences:19, Забор из дынного дерева
Forestry:fences:20, Забор из сосны
Forestry:fences:21, Забор из сливового дерева
Forestry:fences:22, Забор из клёна
Forestry:fences:23, Забор из цитрусового дерева
Forestry:fences:24, Забор из гигантской секвойи
Forestry:fences:25, Забор из муравьиного дерева
Forestry:fences:26, Забор из падука
Forestry:fences:27, Забор из кокоболо
Forestry:fences:28, Забор из зебрано
Forestry:stairs:0, Ступеньки из лиственницы
Forestry:stairs:1, Ступеньки из тикового дерева
Forestry:stairs:2, Ступеньки из акации
Forestry:stairs:3, Ступеньки из липы
Forestry:stairs:4, Ступеньки из каштана
Forestry:stairs:5, Ступеньки из дерева Венге
Forestry:stairs:6, Ступеньки из баобаба
Forestry:stairs:7, Ступеньки из секвойи
Forestry:stairs:8, Ступеньки из хлопкового дерева
Forestry:stairs:9, Ступеньки из мирта
Forestry:stairs:10, Ступеньки из красного дерева
Forestry:stairs:11, Ступеньки из бальзы
Forestry:stairs:12, Ступеньки из ивы
Forestry:stairs:13, Ступеньки из орехового дерева
Forestry:stairs:14, Ступеньки из гринхарта
Forestry:stairs:15, Ступеньки из вишнёвого дерева
Forestry:stairs:16, Ступеньки из гибискуса
Forestry:stairs:17, Ступеньки из тополя
Forestry:stairs:18, Ступеньки из пальмы
Forestry:stairs:19, Ступеньки из дынного дерева
Forestry:stairs:20, Ступеньки из сосны
Forestry:stairs:21, Ступеньки из сливового дерева
Forestry:stairs:22, Ступеньки из клёна
Forestry:stairs:23, Ступеньки из цитрусового дерева
Forestry:stairs:24, Ступеньки из гигантской секвойи
Forestry:stairs:25, Ступеньки из муравьиного дерева
Forestry:stairs:26, Ступеньки из падука
Forestry:stairs:27, Ступеньки из кокоболо
Forestry:stairs:28, Ступеньки из зебрано
Forestry:logsFireproof:0, Древесина лиственницы (Огнестойкость)
Forestry:logsFireproof:1, Древесина тикового дерева (Огнестойкость)
Forestry:logsFireproof:2, Древесина акации (Огнестойкость)
Forestry:logsFireproof:3, Древесина липы (Огнестойкость)
Forestry:logsFireproof:4, Древесина каштана (Огнестойкость)
Forestry:logsFireproof:5, Древесина дерева Венге (Огнестойкость)
Forestry:logsFireproof:6, Древесина баобаба (Огнестойкость)
Forestry:logsFireproof:7, Древесина секвойи (Огнестойкость)
Forestry:logsFireproof:8, Древесина хлопкового дерева (Огнестойкость)
Forestry:logsFireproof:9, Древесина мирта (Огнестойкость)
Forestry:logsFireproof:10, Древесина красного дерева (Огнестойкость)
Forestry:logsFireproof:11, Древесина бальзы (Огнестойкость)
Forestry:logsFireproof:12, Древесина ивы (Огнестойкость)
Forestry:logsFireproof:13, Древесина орехового дерева (Огнестойкость)
Forestry:logsFireproof:14, Древесина гринхарта (Огнестойкость)
Forestry:logsFireproof:15, Древесина вишнёвого дерева (Огнестойкость)
Forestry:logsFireproof:16, Древесина гибискуса (Огнестойкость)
Forestry:logsFireproof:17, Древесина тополя (Огнестойкость)
Forestry:logsFireproof:18, Древесина пальмы (Огнестойкость)
Forestry:logsFireproof:19, Древесина дынного дерева (Огнестойкость)
Forestry:logsFireproof:20, Древесина сосны (Огнестойкость)
Forestry:logsFireproof:21, Древесина сливового дерева (Огнестойкость)
Forestry:logsFireproof:22, Древесина клёна (Огнестойкость)
Forestry:logsFireproof:23, Древесина цитрусового дерева (Огнестойкость)
Forestry:logsFireproof:24, Древесина гигантской секвойи (Огнестойкость)
Forestry:logsFireproof:25, Древесина муравьиного дерева (Огнестойкость)
Forestry:logsFireproof:26, Древесина падука (Огнестойкость)
Forestry:logsFireproof:27, Древесина кокоболо (Огнестойкость)
Forestry:logsFireproof:28, Древесина зебрано (Огнестойкость)
Forestry:planksFireproof:0, Доски из лиственницы (Огнестойкость)
Forestry:planksFireproof:1, Доски из тикового дерева (Огнестойкость)
Forestry:planksFireproof:2, Доски из акации (Огнестойкость)
Forestry:planksFireproof:3, Доски из липы (Огнестойкость)
Forestry:planksFireproof:4, Доски из каштана (Огнестойкость)
Forestry:planksFireproof:5, Доски из дерева Венге (Огнестойкость)
Forestry:planksFireproof:6, Доски из баобаба (Огнестойкость)
Forestry:planksFireproof:7, Доски из секвойи (Огнестойкость)
Forestry:planksFireproof:8, Доски из хлопкового дерева (Огнестойкость)
Forestry:planksFireproof:9, Доски из мирта (Огнестойкость)
Forestry:planksFireproof:10, Доски из красного дерева (Огнестойкость)
Forestry:planksFireproof:11, Доски из бальзы (Огнестойкость)
Forestry:planksFireproof:12, Доски из ивы (Огнестойкость)
Forestry:planksFireproof:13, Доски из орехового дерева (Огнестойкость)
Forestry:planksFireproof:14, Доски из гринхарта (Огнестойкость)
Forestry:planksFireproof:15, Доски из вишнёвого дерева (Огнестойкость)
Forestry:planksFireproof:16, Доски из гибискуса (Огнестойкость)
Forestry:planksFireproof:17, Доски из тополя (Огнестойкость)
Forestry:planksFireproof:18, Доски из пальмы (Огнестойкость)
Forestry:planksFireproof:19, Доски из дынного дерева (Огнестойкость)
Forestry:planksFireproof:20, Доски из сосны (Огнестойкость)
Forestry:planksFireproof:21, Доски из сливового дерева (Огнестойкость)
Forestry:planksFireproof:22, Доски из клёна (Огнестойкость)
Forestry:planksFireproof:23, Доски из цитрусового дерева (Огнестойкость)
Forestry:planksFireproof:24, Доски из гигантской секвойи (Огнестойкость)
Forestry:planksFireproof:25, Доски из муравьиного дерева (Огнестойкость)
Forestry:planksFireproof:26, Доски из падука (Огнестойкость)
Forestry:planksFireproof:27, Доски из кокоболо (Огнестойкость)
Forestry:planksFireproof:28, Доски из зебрано (Огнестойкость)
Forestry:slabsFireproof:0, Плита из лиственницы (Огнестойкость)
Forestry:slabsFireproof:1, Плита из тикового дерева (Огнестойкость)
Forestry:slabsFireproof:2, Плита из акации (Огнестойкость)
Forestry:slabsFireproof:3, Плита из липы (Огнестойкость)
Forestry:slabsFireproof:4, Плита из каштана (Огнестойкость)
Forestry:slabsFireproof:5, Плита из дерева Венге (Огнестойкость)
Forestry:slabsFireproof:6, Плита из баобаба (Огнестойкость)
Forestry:slabsFireproof:7, Плита из секвойи (Огнестойкость)
Forestry:slabsFireproof:8, Плита из хлопкового дерева (Огнестойкость)
Forestry:slabsFireproof:9, Плита из мирта (Огнестойкость)
Forestry:slabsFireproof:10, Плита из красного дерева (Огнестойкость)
Forestry:slabsFireproof:11, Плита из бальзы (Огнестойкость)
Forestry:slabsFireproof:12, Плита из ивы (Огнестойкость)
Forestry:slabsFireproof:13, Плита из орехового дерева (Огнестойкость)
Forestry:slabsFireproof:14, Плита из гринхарта (Огнестойкость)
Forestry:slabsFireproof:15, Плита из вишнёвого дерева (Огнестойкость)
Forestry:slabsFireproof:16, Плита из гибискуса (Огнестойкость)
Forestry:slabsFireproof:17, Плита из тополя (Огнестойкость)
Forestry:slabsFireproof:18, Плита из пальмы (Огнестойкость)
Forestry:slabsFireproof:19, Плита из дынного дерева (Огнестойкость)
Forestry:slabsFireproof:20, Плита из сосны (Огнестойкость)
Forestry:slabsFireproof:21, Плита из сливового дерева (Огнестойкость)
Forestry:slabsFireproof:22, Плита из клёна (Огнестойкость)
Forestry:slabsFireproof:23, Плита из цитрусового дерева (Огнестойкость)
Forestry:slabsFireproof:24, Плита из гигантской секвойи (Огнестойкость)
Forestry:slabsFireproof:25, Плита из муравьиного дерева (Огнестойкость)
Forestry:slabsFireproof:26, Плита из падука (Огнестойкость)
Forestry:slabsFireproof:27, Плита из кокоболо (Огнестойкость)
Forestry:slabsFireproof:28, Плита из зебрано (Огнестойкость)
Forestry:fencesFireproof:0, Забор из лиственницы (Огнестойкость)
Forestry:fencesFireproof:1, Забор из тикового дерева (Огнестойкость)
Forestry:fencesFireproof:2, Забор из акации (Огнестойкость)
Forestry:fencesFireproof:3, Забор из липы (Огнестойкость)
Forestry:fencesFireproof:4, Забор из каштана (Огнестойкость)
Forestry:fencesFireproof:5, Забор из дерева Венге (Огнестойкость)
Forestry:fencesFireproof:6, Забор из баобаба (Огнестойкость)
Forestry:fencesFireproof:7, Забор из секвойи (Огнестойкость)
Forestry:fencesFireproof:8, Забор из хлопкового дерева (Огнестойкость)
Forestry:fencesFireproof:9, Забор из мирта (Огнестойкость)
Forestry:fencesFireproof:10, Забор из красного дерева (Огнестойкость)
Forestry:fencesFireproof:11, Забор из бальзы (Огнестойкость)
Forestry:fencesFireproof:12, Забор из ивы (Огнестойкость)
Forestry:fencesFireproof:13, Забор из орехового дерева (Огнестойкость)
Forestry:fencesFireproof:14, Забор из гринхарта (Огнестойкость)
Forestry:fencesFireproof:15, Забор из вишнёвого дерева (Огнестойкость)
Forestry:fencesFireproof:16, Забор из гибискуса (Огнестойкость)
Forestry:fencesFireproof:17, Забор из тополя (Огнестойкость)
Forestry:fencesFireproof:18, Забор из пальмы (Огнестойкость)
Forestry:fencesFireproof:19, Забор из дынного дерева (Огнестойкость)
Forestry:fencesFireproof:20, Забор из сосны (Огнестойкость)
Forestry:fencesFireproof:21, Забор из сливового дерева (Огнестойкость)
Forestry:fencesFireproof:22, Забор из клёна (Огнестойкость)
Forestry:fencesFireproof:23, Забор из цитрусового дерева (Огнестойкость)
Forestry:fencesFireproof:24, Забор из гигантской секвойи (Огнестойкость)
Forestry:fencesFireproof:25, Забор из муравьиного дерева (Огнестойкость)
Forestry:fencesFireproof:26, Забор из падука (Огнестойкость)
Forestry:fencesFireproof:27, Забор из кокоболо (Огнестойкость)
Forestry:fencesFireproof:28, Забор из зебрано (Огнестойкость)
Forestry:stairsFireproof:0, Ступеньки из лиственницы (Огнестойкость)
Forestry:stairsFireproof:1, Ступеньки из тикового дерева (Огнестойкость)
Forestry:stairsFireproof:2, Ступеньки из акации (Огнестойкость)
Forestry:stairsFireproof:3, Ступеньки из липы (Огнестойкость)
Forestry:stairsFireproof:4, Ступеньки из каштана (Огнестойкость)
Forestry:stairsFireproof:5, Ступеньки из дерева Венге (Огнестойкость)
Forestry:stairsFireproof:6, Ступеньки из баобаба (Огнестойкость)
Forestry:stairsFireproof:7, Ступеньки из секвойи (Огнестойкость)
Forestry:stairsFireproof:8, Ступеньки из хлопкового дерева (Огнестойкость)
Forestry:stairsFireproof:9, Ступеньки из мирта (Огнестойкость)
Forestry:stairsFireproof:10, Ступеньки из красного дерева (Огнестойкость)
Forestry:stairsFireproof:11, Ступеньки из бальзы (Огнестойкость)
Forestry:stairsFireproof:12, Ступеньки из ивы (Огнестойкость)
Forestry:stairsFireproof:13, Ступеньки из орехового дерева (Огнестойкость)
Forestry:stairsFireproof:14, Ступеньки из гринхарта (Огнестойкость)
Forestry:stairsFireproof:15, Ступеньки из вишнёвого дерева (Огнестойкость)
Forestry:stairsFireproof:16, Ступеньки из гибискуса (Огнестойкость)
Forestry:stairsFireproof:17, Ступеньки из тополя (Огнестойкость)
Forestry:stairsFireproof:18, Ступеньки из пальмы (Огнестойкость)
Forestry:stairsFireproof:19, Ступеньки из дынного дерева (Огнестойкость)
Forestry:stairsFireproof:20, Ступеньки из сосны (Огнестойкость)
Forestry:stairsFireproof:21, Ступеньки из сливового дерева (Огнестойкость)
Forestry:stairsFireproof:22, Ступеньки из клёна (Огнестойкость)
Forestry:stairsFireproof:23, Ступеньки из цитрусового дерева (Огнестойкость)
Forestry:stairsFireproof:24, Ступеньки из гигантской секвойи (Огнестойкость)
Forestry:stairsFireproof:25, Ступеньки из муравьиного дерева (Огнестойкость)
Forestry:stairsFireproof:26, Ступеньки из падука (Огнестойкость)
Forestry:stairsFireproof:27, Ступеньки из кокоболо (Огнестойкость)
Forestry:stairsFireproof:28, Ступеньки из зебрано (Огнестойкость)
Forestry:saplingGE:0, Саженец
Forestry:pods:0, Стручок
Forestry:arboriculture:0, Сундук лесовода
Forestry:engine:0, Электродвигатель
Forestry:engine:1, Торфяной двигатель
Forestry:engine:2, Биогазовый двигатель
Forestry:engine:3, Биогенератор
Forestry:engine:4, Заводной двигатель
Forestry:factory:0, Разливочный механизм
Forestry:factory:1, Плотник
Forestry:factory:2, Центрифуга
Forestry:factory:3, Бродильный аппарат
Forestry:factory:4, Увлажнитель
Forestry:factory:5, Соковыжималка
Forestry:factory:6, Дистиллятор
Forestry:factory:7, Вызыватель дождя
Forestry:factory2:0, Электроламповый завод
Forestry:factory2:1, Сборщик дождя
Forestry:factory2:2, Рабочий стол
Forestry:mushroom:0, Гриб
Forestry:mushroom:1, Гриб
Forestry:ffarm:0, Блок фермы
Forestry:ffarm:0, Блок фермы
Forestry:ffarm:0, Блок фермы
Forestry:ffarm:0, Блок фермы
Forestry:ffarm:0, Блок фермы
Forestry:ffarm:0, Блок фермы
Forestry:ffarm:0, Блок фермы
Forestry:ffarm:0, Блок фермы
Forestry:ffarm:0, Блок фермы
Forestry:ffarm:0, Блок фермы
Forestry:ffarm:0, Блок фермы
Forestry:ffarm:2, Редуктор фермы
Forestry:ffarm:2, Редуктор фермы
Forestry:ffarm:2, Редуктор фермы
Forestry:ffarm:2, Редуктор фермы
Forestry:ffarm:2, Редуктор фермы
Forestry:ffarm:2, Редуктор фермы
Forestry:ffarm:2, Редуктор фермы
Forestry:ffarm:2, Редуктор фермы
Forestry:ffarm:2, Редуктор фермы
Forestry:ffarm:2, Редуктор фермы
Forestry:ffarm:2, Редуктор фермы
Forestry:ffarm:3, Люк фермы
Forestry:ffarm:3, Люк фермы
Forestry:ffarm:3, Люк фермы
Forestry:ffarm:3, Люк фермы
Forestry:ffarm:3, Люк фермы
Forestry:ffarm:3, Люк фермы
Forestry:ffarm:3, Люк фермы
Forestry:ffarm:3, Люк фермы
Forestry:ffarm:3, Люк фермы
Forestry:ffarm:3, Люк фермы
Forestry:ffarm:3, Люк фермы
Forestry:ffarm:4, Вентиль фермы
Forestry:ffarm:4, Вентиль фермы
Forestry:ffarm:4, Вентиль фермы
Forestry:ffarm:4, Вентиль фермы
Forestry:ffarm:4, Вентиль фермы
Forestry:ffarm:4, Вентиль фермы
Forestry:ffarm:4, Вентиль фермы
Forestry:ffarm:4, Вентиль фермы
Forestry:ffarm:4, Вентиль фермы
Forestry:ffarm:4, Вентиль фермы
Forestry:ffarm:4, Вентиль фермы
Forestry:ffarm:5, Блок управления фермы
Forestry:ffarm:5, Блок управления фермы
Forestry:ffarm:5, Блок управления фермы
Forestry:ffarm:5, Блок управления фермы
Forestry:ffarm:5, Блок управления фермы
Forestry:ffarm:5, Блок управления фермы
Forestry:ffarm:5, Блок управления фермы
Forestry:ffarm:5, Блок управления фермы
Forestry:ffarm:5, Блок управления фермы
Forestry:ffarm:5, Блок управления фермы
Forestry:ffarm:5, Блок управления фермы
Forestry:lepidopterology:0, Сундук лепидоптеролога
Forestry:mail:0, Почтовый ящик
Forestry:mail:1, Торговая станция
Forestry:mail:2, Сборщик марок
BuildCraft|Core:eternalSpring:0, Water Spring
BuildCraft|Core:eternalSpring:1, Oil Spring
BuildCraft|Core:buildToolBlock, tile.buildToolBlock.name
BuildCraft|Core:engineBlock:0, Redstone Engine
BuildCraft|Core:engineBlock:1, Stirling Engine
BuildCraft|Core:engineBlock:2, Combustion Engine
BuildCraft|Core:engineBlock:3, Creative Engine
BuildCraft|Core:markerBlock, Land Mark
BuildCraft|Core:pathMarkerBlock, Path Mark
BuildCraft|Transport:filteredBufferBlock, Filtered Buffer
BuildCraft|Transport:pipeBlock, tile.pipeBlock.name
BuildCraft|Builders:machineBlock, Quarry
BuildCraft|Builders:fillerBlock, Filler
BuildCraft|Builders:frameBlock, Frame
BuildCraft|Builders:builderBlock, Builder
BuildCraft|Builders:architectBlock, Architect Table
BuildCraft|Builders:libraryBlock, Electronic Library
BuildCraft|Builders:constructionMarkerBlock, Construction Mark
BuildCraft|Robotics:zonePlan, Zone Planner
BuildCraft|Robotics:requester, Requester
BuildCraft|Energy:blockOil, Oil
BuildCraft|Energy:blockFuel, Fuel
BuildCraft|Energy:blockRedPlasma, tile.blockRedPlasma.name
BuildCraft|Silicon:laserBlock, Laser
BuildCraft|Silicon:laserTableBlock:0, Assembly Table
BuildCraft|Silicon:laserTableBlock:1, Advanced Crafting Table
BuildCraft|Silicon:laserTableBlock:2, Integration Table
BuildCraft|Silicon:laserTableBlock:3, Charging Table
BuildCraft|Silicon:laserTableBlock:4, Programming Table
BuildCraft|Silicon:laserTableBlock:5, Stamping Table
BuildCraft|Silicon:packagerBlock, Recipe Packager
BuildCraft|Factory:miningWellBlock, Mining Well
BuildCraft|Factory:plainPipeBlock, Mining Pipe
BuildCraft|Factory:autoWorkbenchBlock, Auto Workbench
BuildCraft|Factory:tankBlock, Tank
BuildCraft|Factory:pumpBlock, Pump
BuildCraft|Factory:floodGateBlock, Flood Gate
BuildCraft|Factory:refineryBlock, Refinery
BuildCraft|Factory:blockHopper, Chute
divinerpg:rupeeOre, Рупиевая руда
divinerpg:arlemiteOre, Арлемитовая руда
divinerpg:realmiteOre, Реалмитовая руда
divinerpg:bloodgemOre, Каменно-кровавая руда
divinerpg:netheriteOre, Незеритовая руда
divinerpg:rupeeBlock, Рупиевый блок
divinerpg:arlemiteBlock, Арлемитовый блок
divinerpg:realmiteBlock, Реалмитовый блок
divinerpg:bloodgemBlock, Каменно-кровавый блок
divinerpg:netheriteBlock, Незеритовый блок
divinerpg:spiderPumpkin, Тыква паука
divinerpg:enderPumpkin, Тыква странника Края
divinerpg:creeperPumpkin, Тыква крипера
divinerpg:skeletonPumpkin, Тыква скелета
divinerpg:blazePumpkin, Тыква ифрита
divinerpg:zombiePumpkin, Тыква зомби
divinerpg:frostPumpkin, Тыква мороза
divinerpg:cyclopsPumpkin, Тыква циклопа
divinerpg:ghastPumpkin, Тыква гаста
divinerpg:glaconPumpkin, Тыква глакона
divinerpg:enderWatcherPumpkin, Тыква смотрителя Края
divinerpg:jungleSpiderPumpkin, Тыква паука джунглей
divinerpg:hellspiderPumpkin, Тыква адского паука
divinerpg:aquaTorch, Водяной факел
divinerpg:skeletonTorch, Костяной факел
divinerpg:checker, Проверяющий
divinerpg:rainbowWool, Радужная шерсть
divinerpg:crate, Ящик
divinerpg:plankDesign, Plank Design
divinerpg:blueStone, Синий камень
divinerpg:blueVane, Синяя лопасть
divinerpg:cyanVane, Бирюзовая лопасть
divinerpg:purpleVane, Фиолетовая лопасть
divinerpg:redVane, Красная лопасть
divinerpg:yellowVane, Жёлтая лопасть
divinerpg:divineRock, Божественная порода
divinerpg:Tar, Тар
divinerpg:fancyWool, Красивая шерсть
divinerpg:steel:0, Бирюзовая сталь
divinerpg:steel:1, Красная сталь
divinerpg:steel:2, Фиолетовая сталь
divinerpg:steel:3, Зелёная сталь
divinerpg:steel:4, Жёлтая сталь
divinerpg:steel:5, Синяя сталь
divinerpg:steel:6, Белая сталь
divinerpg:steel:7, Чёрная сталь
divinerpg:steel:8, Оранжевая сталь
divinerpg:steel:9, Светло-красная сталь
divinerpg:Bricks:0, Водяные кирпичи
divinerpg:Bricks:1, Арлемитовые кирпичи
divinerpg:Bricks:2, Кирпичи из чёрного камня
divinerpg:Bricks:3, Алмазные кирпичи
divinerpg:Bricks:4, Золотые кирпичи
divinerpg:Bricks:5, Зелёные кирпичи
divinerpg:Bricks:6, Железные кирпичи
divinerpg:Bricks:7, Лазуритовые кирпичи
divinerpg:Bricks:8, Лавовые кирпичи
divinerpg:Bricks:9, Незеритовые кирпичи
divinerpg:Bricks:10, Розовые кирпичи
divinerpg:Bricks:11, Фиолетовые кирпичи
divinerpg:Bricks:12, Реалмитовые кирпичи
divinerpg:Bricks:13, Кирпичи из красного камня
divinerpg:Bricks:14, Кирпичи из молочного камня
divinerpg:Minibricks:0, Рупиевые мини-кирпичи
divinerpg:Minibricks:1, Реалмитовые мини-кирпичи
divinerpg:Minibricks:2, Арлемитовые мини-кирпичи
divinerpg:Minibricks:3, Мини-кирпичи
divinerpg:Minibricks:4, Каменно-кровавые мини-кирпичи
divinerpg:Minibricks:5, Незеритовые мини-кирпичи
divinerpg:Minibricks:6, Мини-кирпичи из коренной породы
divinerpg:lamp1:0, Водяная лампа
divinerpg:lamp1:1, Арлемитовая лампа
divinerpg:lamp1:2, Пламенная лампа
divinerpg:lamp1:3, Лампа синего огня
divinerpg:lamp1:4, Алмазная лампа
divinerpg:lamp1:5, Божественная лампа
divinerpg:lamp1:6, Дракеновая лампа
divinerpg:lamp1:7, Лампа Эдема
divinerpg:lamp1:8, Лампа Края
divinerpg:lamp1:9, Лампа из камня Края
divinerpg:lamp1:10, Золотая лампа
divinerpg:lamp2:0, Ледяная лампа
divinerpg:lamp2:1, Лампа джунглей
divinerpg:lamp2:2, Лампа Кракена
divinerpg:lamp2:3, Лазуритовая лампа
divinerpg:lamp2:4, Лавовая лампа
divinerpg:lamp2:5, Молочная лампа
divinerpg:lamp2:6, Расплавленная лампа
divinerpg:lamp2:7, Незеритовая лампа
divinerpg:lamp2:8, Реалмитовая лампа
divinerpg:lamp2:9, Лампа из красного камня
divinerpg:lamp2:10, Рупиевая лампа
divinerpg:lamp2:11, Terran Lamp
divinerpg:milkStone, Молочный камень
divinerpg:darkstone, Тёмный камень
divinerpg:spikeBlock, Шип
divinerpg:hotSpikeBlock, Горячий шип
divinerpg:slimeLight, Slime Light
divinerpg:slimeLightOn, Slime Light
divinerpg:darkBridge, Тёмный мост
divinerpg:darkBridgeOn, Тёмный мост
divinerpg:blueFence, Синий забор
divinerpg:redFence, Красный забор
divinerpg:greenFence, Зелёный забор
divinerpg:blueFenceOn, Синий забор
divinerpg:redFenceOn, Красный забор
divinerpg:greenFenceOn, Синий забор
divinerpg:ayeracoBeamBlue, tile.ayeracoBeamBlue.name
divinerpg:ayeracoBeamGreen, tile.ayeracoBeamGreen.name
divinerpg:ayeracoBeamRed, tile.ayeracoBeamRed.name
divinerpg:ayeracoBeamYellow, tile.ayeracoBeamYellow.name
divinerpg:ayeracoBeamPurple, tile.ayeracoBeamPurple.name
divinerpg:ayeracoSpawn, Вызов Айрако
divinerpg:kingOfScorchersStatue, Статуя Королевы улья
divinerpg:ancientEntityStatue, Статуя Древней сущности
divinerpg:ayeracoStatue, Статуя Айрако орды
divinerpg:twilightDemonStatue, Статуя Сумеречного демона
divinerpg:vamacheronStatue, Статуя Вамашерона
divinerpg:densosStatue, Статуя Денсоса
divinerpg:reyvorStatue, Статуя Рейвора
divinerpg:dramixStatue, Статуя Драмикса
divinerpg:soulFiendStatue, Статуя Демона душ
divinerpg:watcherStatue, Статуя Смотрителя
divinerpg:eternalArcherStatue, Статуя Вечного лучника
divinerpg:karotStatue, Статуя Карота
divinerpg:tomatoPlant, Томат
divinerpg:mushroomPlant, Гриб
divinerpg:divineLog, Божественная древесина
divinerpg:divineLeaves, Божественная листва
divinerpg:divineMossStone, Мшистый божественный камень
divinerpg:enthralledDramcryxSpawner, Спаунер порабощённых Драмкриксов
divinerpg:rotatickSpawner, Спаунер Ротаров
divinerpg:divinePlanks, Божественные доски
divinerpg:divineStairs, Divine Stairs
divinerpg:altarOfCorruption, Алтарь погибели
divinerpg:boneChest, Костяной сундук
divinerpg:frozenDirt, Замороженная земля
divinerpg:frozenGrass, Замороженная трава
divinerpg:frozenStone, Замороженный камень
divinerpg:frozenLog, Замороженная древесина
divinerpg:brittleLeaves, Ломкая листва
divinerpg:frozenPlanks, Frozen Planks
divinerpg:frozenStairs, Frozen Stairs
divinerpg:winterberryBush, Куст зимней клубники
divinerpg:ripeWinterberryBush, Спелый куст зимней клубники
divinerpg:icyStone, Ледяной камень
divinerpg:icyBricks, Ледяные кирпичи
divinerpg:frostedChest, Замёрзший сундук
divinerpg:decorativeFrostedChest, Декоративный замёрзший сундук
divinerpg:rollumSpawner, Спаунер роллумов
divinerpg:frostArcherSpawner, Спаунер морозных лучников
divinerpg:snowBricks, Снежные кирпичи
divinerpg:coalstone, Угольный камень
divinerpg:coalstoneStairs, Угольнокаменные ступеньки
divinerpg:workshopCarpet, Ковёр мастерской
divinerpg:frostedGlass, Замёрзшее стекло
divinerpg:workshopBookcase, Книжная полка мастерской
divinerpg:workshopLamp, Лампа мастерской
divinerpg:steelDoorBlock, Блок стальной двери
divinerpg:coalstoneFurnace, Углекаменная печь
divinerpg:coalstoneFurnaceActive, Углекаменная печь
divinerpg:redChristmasLights, Красные рождественские огни
divinerpg:greenChristmasLights, Зелёные рождественские огни
divinerpg:blueChristmasLights, Синие рождественские огни
divinerpg:yellowChristmasLights, Жёлтые рождественские огни
divinerpg:purpleChristmasLights, Фиолетовые рождественские огни
divinerpg:CandyCane:0, Синий рождественский леденец
divinerpg:CandyCane:1, Зелёный рождественский леденец
divinerpg:CandyCane:2, Розовый рождественский леденец
divinerpg:CandyCane:3, Красный рождественский леденец
divinerpg:CandyCane:4, Жёлтый рождественский леденец
divinerpg:presentBox, Коробка с подарком
divinerpg:iceikaFire, Огонь Заснежья
divinerpg:iceikaPortal, Портал в Заснежье
divinerpg:frozenSlab:0, Frozen Slab
divinerpg:frozenSlabDouble:0, Frozen Slab
divinerpg:vetheaPortal, Портал в Везею
divinerpg:dreamWreckerSpawner, Спаунер Крушителей снов
divinerpg:vermenousSpawner, Спаунер Паразитов
divinerpg:twinsSpawner, Спаунер Близнецов
divinerpg:biphronSpawner, Спаунер Бифронов
divinerpg:gorgosionSpawner, Спаунер Горгосионов
divinerpg:wreckAltar, Алтарь Крушителя
divinerpg:quadroticAltar, Алтарь Квадротика
divinerpg:karosAltar, Алтарь Кароса
divinerpg:raglokAltar, Алтарь Раглока
divinerpg:lunicAltar, Лунный алтарь
divinerpg:dreamStone, Камень сновидений
divinerpg:dreamDirt, Земля сновидений
divinerpg:dreamGrass, Трава сновидений
divinerpg:fireCrystal, Огненный кристалл
divinerpg:dreamwoodLog, Dreamwood Log
divinerpg:dreamwoodLeaves, Dreamwood Leaves
divinerpg:lightDreamBricks, Светлые кирпичи сновидений
divinerpg:darkDreamBricks, Светлые кирпичи сновидений
divinerpg:lunaStone, Лунный камень
divinerpg:lunaBrick, Лунные кирпичи
divinerpg:metalCaging, Металлическая клетка
divinerpg:dreamLampOn, Лампа сновидений
divinerpg:dreamLampOff, Лампа сновидений
divinerpg:weedWoodVine, Лоза сорняка
divinerpg:blossomedWeedWoodVine, Расцветшая лоза сорняка
divinerpg:cryptWall, Стена склепа
divinerpg:smoothGlass, Гладкое стекло
divinerpg:villageLamp, Деревенская лампа
divinerpg:cellLamp, Лампа в клетке
divinerpg:barredDoorBlock, Запрещённый блок двери
divinerpg:firelight, Огненный свет
divinerpg:hyrewoodLog, Hyrewood Log
divinerpg:mintwoodLeaves, Мятная листва
divinerpg:redDreamBricks, Красные кирпичи сноведений
divinerpg:karosHeatTileGreen, Горячая зелёная плитка Кароса
divinerpg:karosHeatTileRed, Горячая красная плитка Кароса
divinerpg:firewoodLog, Firewood Log
divinerpg:bacterialAcid, Бактериальная кислота
divinerpg:acidBlock, Кислотный блок
divinerpg:greenEverstone, Зелёный вечный камень
divinerpg:lunicAcid, Лунная кислота
divinerpg:firewoodLeaves, Firewood Leaves
divinerpg:hyrewoodLeaves, Hyrewood Leaves
divinerpg:greenGemTop, Зелёная жемчужина
divinerpg:purpleGemTop, Фиолетовая жемчужина
divinerpg:purpleDulah, Фиолетовый дулах
divinerpg:yellowDulah, Жёлтый дулах
divinerpg:greenDulah, Зелёный дулах
divinerpg:mintwoodLog, Мятная древесина
divinerpg:crackleSpike, Потрескавшийся шип
divinerpg:fernite, Фернит
divinerpg:bulbatobe, Булбатоб
divinerpg:shineGrass, Блестящая трава
divinerpg:shimmer, Мерцание
divinerpg:hiveWalls, Стены улья
divinerpg:dreamglow, Свечение мечты
divinerpg:hyreWoodVine, Хайровая лоза
divinerpg:chamberWall1, Стена комнаты
divinerpg:chamberWall2, Стена комнаты
divinerpg:chamberWall3, Стена комнаты
divinerpg:whiteEverstone, Белый вечный камень
divinerpg:darkEverstone, Тёмный вечный камень
divinerpg:blackHungerstone, Чёрный камень голода
divinerpg:greenHungerstone, Зелёный камень голода
divinerpg:cryptFloor, Пол склепа
divinerpg:hallWall, Стены зала
divinerpg:blueKarosBricks, Синие кирпичи Кароса
divinerpg:blackKarosBricks, Чёрные кирпичи Кароса
divinerpg:infusionTable, Стол наполнения
divinerpg:helioticBeam, Хелиотичный луч
divinerpg:karosCannonBlock, Пушка Кароса
divinerpg:nightmareBedBlock, Блок кровати кошмаров
divinerpg:divineSlab:0, Divine Slab
divinerpg:divineSlabDouble:0, Divine Slab
divinerpg:edenDirt, Земля Эдема
divinerpg:wildwoodDirt, Земля Дикого леса
divinerpg:apalachiaDirt, Земля Апалачии
divinerpg:skythernDirt, Земля Небесного терна
divinerpg:mortumDirt, Земля Мортума
divinerpg:edenGrass, Трава Эдема
divinerpg:wildwoodGrass, Трава Дикого леса
divinerpg:apalachiaGrass, Трава Апалачии
divinerpg:skythernGrass, Трава Небесного терна
divinerpg:mortumGrass, Трава Мортума
divinerpg:edenOre, Руда Эдема
divinerpg:wildwoodOre, Руда Дикого леса
divinerpg:apalachiaOre, Руда Апалачии
divinerpg:skythernOre, Руда Небесного терна
divinerpg:mortumOre, Руда Мортума
divinerpg:edenBlock, Блок Эдема
divinerpg:wildwoodBlock, Блок Дикого леса
divinerpg:apalachiaBlock, Блок Апалачии
divinerpg:skythernBlock, Блок Небесного терна
divinerpg:mortumBlock, Блок Мортума
divinerpg:edenSapling, Eden Sapling
divinerpg:wildwoodSapling, Wildwood Sapling
divinerpg:apalachiaSapling, Apalachia Sapling
divinerpg:skythernSapling, Skythern Sapling
divinerpg:mortumSapling, Mortum Sapling
divinerpg:edenLeaves, Листва Эдема
divinerpg:wildwoodLeaves, Листва Дикого леса
divinerpg:apalachiaLeaves, Листва Апалачии
divinerpg:skythernLeaves, Листва Небесного терна
divinerpg:mortumLeaves, Листва Мортума
divinerpg:edenLog, Древесина Эдема
divinerpg:wildwoodLog, Древесина Дикого леса
divinerpg:apalachiaLog, Древесина Апалачии
divinerpg:skythernLog, Древесина Небесного терна
divinerpg:mortumLog, Древесина Мортума
divinerpg:edenPlanks, Eden Planks
divinerpg:wildwoodPlanks, Wildwood Planks
divinerpg:apalachiaPlanks, Apalachia Planks
divinerpg:skythernPlanks, Skythern Planks
divinerpg:mortumPlanks, Mortum Planks
divinerpg:edenStairs, Eden Stairs
divinerpg:wildwoodStairs, Wildwood Stairs
divinerpg:apalachiaStairs, Apalachia Stairs
divinerpg:skythernStairs, Skythern Stairs
divinerpg:mortumStairs, Mortum Stairs
divinerpg:twilightStone, Сумеречный камень
divinerpg:wildwoodVine, Лоза Дикого леса
divinerpg:blueFire, Синий Огонь
divinerpg:edenPortal, Портал Эдема
divinerpg:wildwoodPortal, Портал Дикого леса
divinerpg:apalachiaPortal, Портал Апалачии
divinerpg:skythernPortal, Портал Небесного терна
divinerpg:mortumPortal, Портал Мортума
divinerpg:edenTorch, Факел Эдема
divinerpg:edenChest, Сундук Эдема
divinerpg:apalachiaRails, Рельсы Апалачии
divinerpg:moonbulbPlant, Лунная луковица
divinerpg:purpleGlowbonePlant, Фиолетовая светокость
divinerpg:pinkGlowbonePlant, Розовая светокость
divinerpg:skyPlant, Sky Plant
divinerpg:sunbloom, Солнцецвет
divinerpg:edenBrush, Кустарник Эдема
divinerpg:sunBlossom, Солнечный цветок
divinerpg:moonlightFern, Папоротник лунного света
divinerpg:moonBud, Бутон Луны
divinerpg:wildwoodTallgrass, Высокая трава Дикого леса
divinerpg:duskFlower, Сумеречный цветок
divinerpg:duskBloom, Сумеречный цвет
divinerpg:apalachiaTallgrass, Высокая трава Апалачии
divinerpg:skythernBrush, Кустарник Небесного терна
divinerpg:dustLily, Пыльная лилия
divinerpg:dustBrambles, Пыльные колючки
divinerpg:demonBrambles, Демонические колючки
divinerpg:eyePlant, Ростки Ока
divinerpg:mortumBrush, Кустарник Мортума
divinerpg:edenSlab:0, Eden Slab
divinerpg:edenSlabDouble:0, Eden Slab
divinerpg:wildwoodSlab:0, Wildwood Slab
divinerpg:wildwoodSlabDouble:0, Wildwood Slab
divinerpg:apalachiaSlab:0, Apalachia Slab
divinerpg:apalachiaSlabDouble:0, Apalachia Slab
divinerpg:skythernSlab:0, Skythern Slab
divinerpg:skythernSlabDouble:0, Skythern Slab
divinerpg:mortumSlab:0, Mortum Slab
divinerpg:mortumSlabDouble:0, Mortum Slab
divinerpg:arcaniteDirt, Аркановая земля
divinerpg:arcaniteGrass, Трава Арканы
divinerpg:arcaniumOre, Аркановая руда
divinerpg:arcaniumMetal, Аркановый металл
divinerpg:arcaniteTubes, Аркановые трубы
divinerpg:arcaniumPower, Аркановая мощь
divinerpg:dungeonLamp, Подземная лампа
divinerpg:heatTrap, Огненная ловушка
divinerpg:heatTrapOn, Огненная ловушка
divinerpg:soulStone, Камень душ
divinerpg:soulSludge, Осадок душ
divinerpg:degradedBrick, Испорченные кирпичи
divinerpg:darkDegradedBrick, Тёмные испорченные кирпичи
divinerpg:ancientBrick, Древний кирпич
divinerpg:ancientStone, Древний камень
divinerpg:lightDegradedBrick, Светлые испорченные кирпичи
divinerpg:stainedGlass, Окрашенное стекло
divinerpg:stainedGlass2, Окрашенное стекло
divinerpg:stainedGlass3, Окрашенное стекло
divinerpg:stainedGlass4, Окрашенное стекло
divinerpg:stainedGlass5, Окрашенное стекло
divinerpg:stainedGlass6, Окрашенное стекло
divinerpg:stainedGlass7, Окрашенное стекло
divinerpg:stainedGlass8, Окрашенное стекло
divinerpg:dungeonPrisonerSpawner, Спаунер Подземельного заключённого
divinerpg:razorbackSpawner, Спаунер Разорбека
divinerpg:deathHoundSpawner, Спаунер гончей смерти
divinerpg:deathcryxSpawner, Спаунер Дефкрикса
divinerpg:livingStatueSpawner, Спаунер Живой статуи
divinerpg:roamerSpawner, Спаунер Бродяги
divinerpg:ancientTile, Древняя плитка
divinerpg:starBridge, Звёздный мост
divinerpg:starBridgeOn, Звёздный мост
divinerpg:soulSludgeDoor, Дверь из осадка душ
divinerpg:ancientBrickDoor, Дверь из древнего кирпича
divinerpg:soulStoneDoor, Дверь из камня душ
divinerpg:degradedBrickDoor, Дверь из ржавого кирпича
divinerpg:dramixAltar, Драмиксовый алтарь
divinerpg:parasectaAltar, Парасектовый алтарь
divinerpg:arcanaExtractor, Аркановый экстрактор
divinerpg:arcanaPortal, Портал Арканы
divinerpg:arcanaPortalFrame, Рамка портала Арканы
divinerpg:arcanaHardPortalFrame, Рамка усложнённого портала Арканы
divinerpg:aquamarinePlant, Аквамариновое растение
divinerpg:eucalyptusPlant, Эвкалипт
divinerpg:hitchakPlant, Хитчак
divinerpg:veiloPlant, Вейло
divinerpg:lamonaPlant, Ламона
divinerpg:marsinePlant, Марсин
divinerpg:firestockPlant, Файрсток
divinerpg:pinflyPlant, Пинфлай
divinerpg:eucalyptus, Эвкалипт
divinerpg:eucalyptusPlanks, Доски из эвкалипта
divinerpg:greenlightFurnace, Печь зелёного света
divinerpg:greenlightFurnaceOn, Печь зелёного света
divinerpg:oceanfireFurnace, Печка океанского огня
divinerpg:oceanfireFurnaceOn, Печь океанского огня
divinerpg:moltenFurnace, Расплавленная печь
divinerpg:moltenFurnaceOn, Расплавленная печь
divinerpg:whitefireFurnace, Печь белого огня
divinerpg:whitefireFurnaceOn, Печь белого огня
divinerpg:moonlightFurnace, Печь лунного света
divinerpg:moonlightFurnaceOn, Печь лунного света
divinerpg:demonFurnace, Демоническая печь
divinerpg:demonFurnaceOn, Демоническая печь
divinerpg:arcaniumTorch, Факел Арканы
divinerpg:elevantium, Элевантиум
divinerpg:arcaniteRails, Арканитовые рельсы
divinerpg:acceleron, Асселерон
ThermalFoundation:Ore:0, Медная руда
ThermalFoundation:Ore:1, Оловянная руда
ThermalFoundation:Ore:2, Серебряная руда
ThermalFoundation:Ore:3, Свинцовая руда
ThermalFoundation:Ore:4, Никелевая руда
ThermalFoundation:Ore:5, Платиновая руда
ThermalFoundation:Ore:6, Мифриловая руда
ThermalFoundation:Storage:0, Медный блок
ThermalFoundation:Storage:1, Оловянный блок
ThermalFoundation:Storage:2, Серебряный блок
ThermalFoundation:Storage:3, Свинцовый блок
ThermalFoundation:Storage:4, Никелевый блок
ThermalFoundation:Storage:5, Платиновый блок
ThermalFoundation:Storage:6, Мифриловый блок
ThermalFoundation:Storage:7, Электрумовый блок
ThermalFoundation:Storage:8, Инваровый блок
ThermalFoundation:Storage:9, Бронзовый блок
ThermalFoundation:Storage:10, Синаловый блок
ThermalFoundation:Storage:11, Ламиумовый блок
ThermalFoundation:Storage:12, Блок эндериума
ThermalFoundation:FluidRedstone, Дестабилизированный красный камень
ThermalFoundation:FluidGlowstone, Заряженный светящийся камень
ThermalFoundation:FluidEnder, Резонирующий эндериум
ThermalFoundation:FluidPyrotheum, Пылающий пиротеум
ThermalFoundation:FluidCryotheum, Ледяной криотеум
ThermalFoundation:FluidAerotheum, Невесомый аэротеум
ThermalFoundation:FluidPetrotheum, Тектонический петротеум
ThermalFoundation:FluidMana, Изначальная мана
ThermalFoundation:FluidSteam, Пар
ThermalFoundation:FluidCoal, Разжиженный уголь
DraconicEvolution:xRayBlock, Distortion Flame
DraconicEvolution:weatherController, Weather Controller
DraconicEvolution:sunDial, Sun Dial
DraconicEvolution:draconiumOre, Draconium Ore
DraconicEvolution:grinder, Mob Grinder
DraconicEvolution:potentiometer, Potentiometer
DraconicEvolution:rainSensor, Rain Sensor
DraconicEvolution:particleGenerator, Particle Generator
DraconicEvolution:playerDetector, Player Detector
DraconicEvolution:playerDetectorAdvanced, Advanced Player Detector
DraconicEvolution:energyInfuser, Energy Infuser
DraconicEvolution:customSpawner, Stabilized Mob Spawner
DraconicEvolution:generator, Generator
DraconicEvolution:energyStorageCore, Energy Core
DraconicEvolution:draconium:0, Draconium Block
DraconicEvolution:draconium:1, Resurrection Stone
DraconicEvolution:draconium:2, Charged Draconium Block
DraconicEvolution:invisibleMultiblock, Energy Core
DraconicEvolution:energyPylon, Energy Pylon
DraconicEvolution:placedItem, tile.draconicevolution:placedItem.name
DraconicEvolution:safetyFlame, tile.draconicevolution:safetyFlame.name
DraconicEvolution:cKeyStone:0, Creative Key Stone
DraconicEvolution:cKeyStone:1, Creative Key Stone
DraconicEvolution:cKeyStone:2, Creative Key Stone
DraconicEvolution:cKeyStone:3, Creative Key Stone
DraconicEvolution:dissEnchanter, Disenchanter
DraconicEvolution:teleporterStand, Dislocator Pedestal
DraconicEvolution:draconiumChest, Draconic Chest
DraconicEvolution:draconicBlock, Awakened Draconium Block
DraconicEvolution:energyCrystal:0, Energy Relay
DraconicEvolution:energyCrystal:1, Advanced Energy Relay
DraconicEvolution:energyCrystal:2, Energy Transceiver
DraconicEvolution:energyCrystal:3, Advanced Energy Transceiver
DraconicEvolution:energyCrystal:4, Wireless Energy Transceiver
DraconicEvolution:energyCrystal:5, Advanced Wireless Transceiver
DraconicEvolution:infusedObsidian, Draconium Infused Obsidian
DraconicEvolution:dislocatorReceptacle, Dislocator Receptacle
DraconicEvolution:portal, Portal
DraconicEvolution:reactorCore, Draconic Reactor Core
DraconicEvolution:flowGate:0, Flux Gate
DraconicEvolution:flowGate:6, Fluid Gate
DraconicEvolution:reactorStabilizer, Reactor Stabilizer
DraconicEvolution:reactorEnergyInjector, Reactor Energy Injector
DraconicEvolution:chaosCrystal, Chaos Crystal
DraconicEvolution:upgradeModifier, Upgrade Modifier
DraconicEvolution:longRangeDislocator:1, Admin Dislocator
DraconicEvolution:chaosShardAtmos, tile.draconicevolution:chaosShardAtmos.name
EMT:PortableNode, Переносной узел
EMT:ShieldBlock, Щит-блок
EMT:EMTSolars:0, Сжатая солнечная панель
EMT:EMTSolars:1, Дважды сжатая солнечная панель
EMT:EMTSolars:2, Трижды сжатая солнечная панель
EMT:EMTSolars:3, Наполненная водой, сжатая солнечная панель
EMT:EMTSolars:4, Наполненная водой, дважды сжатая солнечная панель
EMT:EMTSolars:5, Наполненная водой, трижды сжатая солнечная панель
EMT:EMTSolars:6, Наполненная энтропией, сжатая солнечная панель
EMT:EMTSolars:7, Наполненная энтропией, дважды сжатая солнечная панель
EMT:EMTSolars:8, Наполненная энтропией, трижды сжатая солнечная панель
EMT:EMTSolars:9, Наполненная порядком, сжатая солнечная панель
EMT:EMTSolars:10, Наполненная порядком, дважды сжатая солнечная панель
EMT:EMTSolars:11, Наполненная порядком, трижды сжатая солнечная панель
EMT:EMTSolars:12, Наполненная огнём, сжатая солнечная панель
EMT:EMTSolars:13, Наполненная огнём, дважды сжатая солнечная панель
EMT:EMTSolars:14, Наполненная огнём, трижды сжатая солнечная панель
EMT:EMTSolars:15, Наполненная воздухом, сжатая солнечная панель
EMT:EMTSolars2:0, Наполненная воздухом, дважды сжатая солнечная панель
EMT:EMTSolars2:1, Наполненная воздухом, трижды сжатая солнечная панель
EMT:EMTSolars2:2, Наполненная землёй, сжатая солнечная панель
EMT:EMTSolars2:3, Наполненная землёй, дважды сжатая солнечная панель
EMT:EMTSolars2:4, Наполненная землёй, трижды сжатая солнечная панель
EMT:EMTMachines:0, Промышленная станция зарядки жезлов
EMT:EMTMachines:1, Эфирный обработчик
EMT:EssentiaGenerators:0, Potentia генератор
EMT:EssentiaGenerators:1, Ignis генератор
EMT:EssentiaGenerators:2, Auram генератор
EMT:EssentiaGenerators:3, Arbor генератор
EMT:EssentiaGenerators:4, Aer генератор
EMT:electricCloud, Наэлектризованное облако
EnderIO:blockStirlingGenerator, Генератор Стирлинга
EnderIO:blockCombustionGenerator, Генератор внутреннего сгорания
EnderIO:blockZombieGenerator, Зомби генератор
EnderIO:blockSolarPanel:0, Фотовольтовая ячейка
EnderIO:blockSolarPanel:1, Продвинутая фотовольтовая ячейка
EnderIO:blockSagMill, Дробитель
EnderIO:blockAlloySmelter, Завод сплавов
EnderIO:blockCapBank:0, Творческий блок конденсаторов
EnderIO:blockCapBank:1, Основной блок конденсаторов
EnderIO:blockCapBank:1, Основной блок конденсаторов
EnderIO:blockCapBank:2, Блок конденсаторов
EnderIO:blockCapBank:2, Блок конденсаторов
EnderIO:blockCapBank:3, Вибрирующий блок конденсаторов
EnderIO:blockCapBank:3, Вибрирующий блок конденсаторов
EnderIO:blockPainter, Покрасочный механизм
EnderIO:blockPaintedFence:0, Покрашенный забор
EnderIO:blockPaintedFenceGate:0, Покрашенная калитка
EnderIO:blockPaintedWall:0, Покрашенная стена
EnderIO:blockPaintedStair:0, Покрашенные ступени
EnderIO:blockPaintedSlab:0, Покрашенная плита
EnderIO:blockPaintedDoubleSlab:0, Покрашенная плита
EnderIO:blockCrafter, Создатель
EnderIO:blockPaintedGlowstone:0, Покрашенный светящийся камень
EnderIO:blockPaintedCarpet:0, Покрашенный ковёр
EnderIO:blockVat, Чан
EnderIO:blockPowerMonitor, Индикатор мощности
EnderIO:blockFarmStation, Фермерская станция
EnderIO:blockWirelessCharger, Беспроводной зарядник
EnderIO:blockHyperCube, Пространственный приёмопередатчик (Устаревший)
EnderIO:blockTank:0, Жидкостный резервуар
EnderIO:blockTank:1, Жидкостный резервуар под давлением
EnderIO:blockReservoir, Резервуар
EnderIO:blockVacuumChest, Вакуумный сундук
EnderIO:blockTransceiver, Пространственный приёмопередатчик
EnderIO:blockBuffer:0, Предметный буфер
EnderIO:blockBuffer:1, Энергобуфер
EnderIO:blockBuffer:2, Универсальный буфер
EnderIO:blockBuffer:3, Творческий буфер
EnderIO:blockInventoryPanel, Инвентарная панель
EnderIO:blockEnderIo, Интерфейс Края
EnderIO:blockTravelAnchor, Якорь путешествия
EnderIO:blockTelePad, Блок телепорта
EnderIO:blockSliceAndSplice, «Отрубатель и сращиватель»
EnderIO:blockSoulBinder, Связыватель душ
EnderIO:blockPoweredSpawner, Электрический спаунер
EnderIO:blockKillerJoe, Киллер Джо
EnderIO:blockAttractor, Притягивающий обелиск
EnderIO:blockSpawnGuard, Обелиск отвращения
EnderIO:blockExperienceObelisk, Обелиск опыта
EnderIO:blockWeatherObelisk, Погодный обелиск
EnderIO:blockInhibitorObelisk, tile.blockInhibitorObelisk.name
EnderIO:blockEnchanter, Зачарователь
EnderIO:blockDarkSteelPressurePlate:0, Тёмная нажимная пластина
EnderIO:blockDarkSteelPressurePlate:1, Тёмная нажимная пластина
EnderIO:blockDarkSteelAnvil:0, Наковальня из тёмной стали
EnderIO:blockDarkSteelAnvil:1, Повреждённая наковальня из тёмной стали
EnderIO:blockDarkSteelAnvil:2, Сильно повреждённая наковальня из тёмной стали
EnderIO:blockDarkSteelLadder, Лестница из тёмной стали
EnderIO:blockElectricLight:0, Электрический светильник
EnderIO:blockElectricLight:1, Электрический светильник (Перевёрнутый)
EnderIO:blockElectricLight:2, Светильник
EnderIO:blockElectricLight:3, Светильник (Перевёрнутый)
EnderIO:blockElectricLight:4, Беспроводной электрический светильник
EnderIO:blockElectricLight:5, Беспроводной электрический светильник (Перевёрнутый)
EnderIO:blockLightNode, tile.blockLightNode.name
EnderIO:blockReinforcedObsidian, Укреплённый обсидиан
EnderIO:blockFusedQuartz:0, Расплавленный кварц
EnderIO:blockFusedQuartz:1, Почти прозрачное стекло
EnderIO:blockFusedQuartz:2, Освещённый расплавленный кварц
EnderIO:blockFusedQuartz:3, Освещённое прозрачное стекло
EnderIO:blockFusedQuartz:4, Тёмный расплавленный кварц
EnderIO:blockFusedQuartz:5, Тёмное прозрачное стекло
EnderIO:blockEnderRail, Рельс Края
EnderIO:blockConduitBundle, Коннектор для труб
EnderIO:blockConduitFacade, tile.blockConduitFacade.name
EnderIO:blockEndermanSkull:0, Голова странника Края
EnderIO:blockEndermanSkull:2, Измученная голова странника Края
EnderIO:blockNutrient_distillation, Питательный дистиллят
EnderIO:blockHootch, Самогон
EnderIO:blockRocket_fuel, Ракетное топливо
EnderIO:blockFire_water, Огненная вода
EnderIO:blockLiquid_sunshine, Liquid Sunshine
EnderIO:blockCloud_seed, Cloud Seed
EnderIO:blockCloud_seed_concentrated, Concentrated Cloud Seed
EnderIO:blockIngotStorage:0, Блок наэлектризованной стали
EnderIO:blockIngotStorage:1, Блок энергетического сплава
EnderIO:blockIngotStorage:2, Блок вибрирующего сплава
EnderIO:blockIngotStorage:3, Блок сплава из красного камня
EnderIO:blockIngotStorage:4, Блок проводящего железа
EnderIO:blockIngotStorage:5, Блок пульсирующего железа
EnderIO:blockIngotStorage:6, Блок тёмной стали
EnderIO:blockIngotStorage:7, Блок соулария
EnderIO:blockDarkIronBars, Решётка из тёмного железа
ExtraUtilities:chestMini, Mini-Chest
ExtraUtilities:chestFull, Slightly Larger Chest
ExtraUtilities:enderCollector, Коллектор Края
ExtraUtilities:endConstructor:0, QED (Quadratic Equation Device)
ExtraUtilities:endConstructor:2, Флаксовый кристалл Края
ExtraUtilities:endMarker, Маркер Края
ExtraUtilities:curtains, Занавесы
ExtraUtilities:angelBlock, Ангельский блок
ExtraUtilities:budoff:0, Детектор обновления блока
ExtraUtilities:budoff:3, Детектор обновления блока (Продвинутый)
ExtraUtilities:chandelier, Люстра
ExtraUtilities:decorativeBlock1:0, Заострённый каменный кирпич
ExtraUtilities:decorativeBlock1:1, Обсидиан, заряженный Краем
ExtraUtilities:decorativeBlock1:2, Сгоревший кварц
ExtraUtilities:decorativeBlock1:3, Замороженный камень
ExtraUtilities:decorativeBlock1:4, Бордюрный камень
ExtraUtilities:decorativeBlock1:5, Блок из нестабильного слитка
ExtraUtilities:decorativeBlock1:6, Гравиевый кирпич
ExtraUtilities:decorativeBlock1:7, Бордюрный камень (Альтернативный)
ExtraUtilities:decorativeBlock1:8, Магическая древесина
ExtraUtilities:decorativeBlock1:9, Песчаное стекло
ExtraUtilities:decorativeBlock1:10, Гравиевая дорога
ExtraUtilities:decorativeBlock1:11, Ядро Края
ExtraUtilities:decorativeBlock1:12, Вычислительная матрица, выгравированная алмазом
ExtraUtilities:decorativeBlock1:13, Сплав Эндер-песка
ExtraUtilities:decorativeBlock1:14, Резной 'возвы́шенный' камень
ExtraUtilities:decorativeBlock2:0, Утолщённое стекло
ExtraUtilities:decorativeBlock2:1, Заостренное стекло
ExtraUtilities:decorativeBlock2:2, Стеклянный кирпич
ExtraUtilities:decorativeBlock2:3, Резное стекло
ExtraUtilities:decorativeBlock2:4, Золотое заострённое стекло
ExtraUtilities:decorativeBlock2:5, Обсидиановое стекло
ExtraUtilities:decorativeBlock2:6, Вихревое стекло
ExtraUtilities:decorativeBlock2:7, Светящиеся стекло
ExtraUtilities:decorativeBlock2:8, Любовное стекло
ExtraUtilities:decorativeBlock2:9, Квадратное стекло
ExtraUtilities:decorativeBlock2:10, Тёмное стекло
ExtraUtilities:decorativeBlock2:11, Усиленное тёмное стекло
ExtraUtilities:pureLove, tile.extrautils:pureLove.name
ExtraUtilities:block_bedrockium, Блок бедрокия
ExtraUtilities:datablock, tile.extrautils:datablock.name
ExtraUtilities:colorStoneBrick:0, Окрашенный Каменные кирпичи (Белый)
ExtraUtilities:colorStoneBrick:1, Окрашенный Каменные кирпичи (Оранжевый)
ExtraUtilities:colorStoneBrick:2, Окрашенный Каменные кирпичи (Сиреневый)
ExtraUtilities:colorStoneBrick:3, Окрашенный Каменные кирпичи (Светло-синий)
ExtraUtilities:colorStoneBrick:4, Окрашенный Каменные кирпичи (Жёлтый)
ExtraUtilities:colorStoneBrick:5, Окрашенный Каменные кирпичи (Лаймовый)
ExtraUtilities:colorStoneBrick:6, Окрашенный Каменные кирпичи (Розовый)
ExtraUtilities:colorStoneBrick:7, Окрашенный Каменные кирпичи (Серый)
ExtraUtilities:colorStoneBrick:8, Окрашенный Каменные кирпичи (Светло-серый)
ExtraUtilities:colorStoneBrick:9, Окрашенный Каменные кирпичи (Бирюзовый)
ExtraUtilities:colorStoneBrick:10, Окрашенный Каменные кирпичи (Фиолетовый)
ExtraUtilities:colorStoneBrick:11, Окрашенный Каменные кирпичи (Синий)
ExtraUtilities:colorStoneBrick:12, Окрашенный Каменные кирпичи (Коричневый)
ExtraUtilities:colorStoneBrick:13, Окрашенный Каменные кирпичи (Зелёный)
ExtraUtilities:colorStoneBrick:14, Окрашенный Каменные кирпичи (Красный)
ExtraUtilities:colorStoneBrick:15, Окрашенный Каменные кирпичи (Чёрный)
ExtraUtilities:colorWoodPlanks:0, Окрашенный Дубовые доски (Белый)
ExtraUtilities:colorWoodPlanks:1, Окрашенный Дубовые доски (Оранжевый)
ExtraUtilities:colorWoodPlanks:2, Окрашенный Дубовые доски (Сиреневый)
ExtraUtilities:colorWoodPlanks:3, Окрашенный Дубовые доски (Светло-синий)
ExtraUtilities:colorWoodPlanks:4, Окрашенный Дубовые доски (Жёлтый)
ExtraUtilities:colorWoodPlanks:5, Окрашенный Дубовые доски (Лаймовый)
ExtraUtilities:colorWoodPlanks:6, Окрашенный Дубовые доски (Розовый)
ExtraUtilities:colorWoodPlanks:7, Окрашенный Дубовые доски (Серый)
ExtraUtilities:colorWoodPlanks:8, Окрашенный Дубовые доски (Светло-серый)
ExtraUtilities:colorWoodPlanks:9, Окрашенный Дубовые доски (Бирюзовый)
ExtraUtilities:colorWoodPlanks:10, Окрашенный Дубовые доски (Фиолетовый)
ExtraUtilities:colorWoodPlanks:11, Окрашенный Дубовые доски (Синий)
ExtraUtilities:colorWoodPlanks:12, Окрашенный Дубовые доски (Коричневый)
ExtraUtilities:colorWoodPlanks:13, Окрашенный Дубовые доски (Зелёный)
ExtraUtilities:colorWoodPlanks:14, Окрашенный Дубовые доски (Красный)
ExtraUtilities:colorWoodPlanks:15, Окрашенный Дубовые доски (Чёрный)
ExtraUtilities:color_lightgem:0, Окрашенный Светящийся камень (Белый)
ExtraUtilities:color_lightgem:1, Окрашенный Светящийся камень (Оранжевый)
ExtraUtilities:color_lightgem:2, Окрашенный Светящийся камень (Сиреневый)
ExtraUtilities:color_lightgem:3, Окрашенный Светящийся камень (Светло-синий)
ExtraUtilities:color_lightgem:4, Окрашенный Светящийся камень (Жёлтый)
ExtraUtilities:color_lightgem:5, Окрашенный Светящийся камень (Лаймовый)
ExtraUtilities:color_lightgem:6, Окрашенный Светящийся камень (Розовый)
ExtraUtilities:color_lightgem:7, Окрашенный Светящийся камень (Серый)
ExtraUtilities:color_lightgem:8, Окрашенный Светящийся камень (Светло-серый)
ExtraUtilities:color_lightgem:9, Окрашенный Светящийся камень (Бирюзовый)
ExtraUtilities:color_lightgem:10, Окрашенный Светящийся камень (Фиолетовый)
ExtraUtilities:color_lightgem:11, Окрашенный Светящийся камень (Синий)
ExtraUtilities:color_lightgem:12, Окрашенный Светящийся камень (Коричневый)
ExtraUtilities:color_lightgem:13, Окрашенный Светящийся камень (Зелёный)
ExtraUtilities:color_lightgem:14, Окрашенный Светящийся камень (Красный)
ExtraUtilities:color_lightgem:15, Окрашенный Светящийся камень (Чёрный)
ExtraUtilities:color_stone:0, Окрашенный Камень (Белый)
ExtraUtilities:color_stone:1, Окрашенный Камень (Оранжевый)
ExtraUtilities:color_stone:2, Окрашенный Камень (Сиреневый)
ExtraUtilities:color_stone:3, Окрашенный Камень (Светло-синий)
ExtraUtilities:color_stone:4, Окрашенный Камень (Жёлтый)
ExtraUtilities:color_stone:5, Окрашенный Камень (Лаймовый)
ExtraUtilities:color_stone:6, Окрашенный Камень (Розовый)
ExtraUtilities:color_stone:7, Окрашенный Камень (Серый)
ExtraUtilities:color_stone:8, Окрашенный Камень (Светло-серый)
ExtraUtilities:color_stone:9, Окрашенный Камень (Бирюзовый)
ExtraUtilities:color_stone:10, Окрашенный Камень (Фиолетовый)
ExtraUtilities:color_stone:11, Окрашенный Камень (Синий)
ExtraUtilities:color_stone:12, Окрашенный Камень (Коричневый)
ExtraUtilities:color_stone:13, Окрашенный Камень (Зелёный)
ExtraUtilities:color_stone:14, Окрашенный Камень (Красный)
ExtraUtilities:color_stone:15, Окрашенный Камень (Чёрный)
ExtraUtilities:color_quartzBlock:0, Окрашенный Кварцевый блок (Белый)
ExtraUtilities:color_quartzBlock:1, Окрашенный Кварцевый блок (Оранжевый)
ExtraUtilities:color_quartzBlock:2, Окрашенный Кварцевый блок (Сиреневый)
ExtraUtilities:color_quartzBlock:3, Окрашенный Кварцевый блок (Светло-синий)
ExtraUtilities:color_quartzBlock:4, Окрашенный Кварцевый блок (Жёлтый)
ExtraUtilities:color_quartzBlock:5, Окрашенный Кварцевый блок (Лаймовый)
ExtraUtilities:color_quartzBlock:6, Окрашенный Кварцевый блок (Розовый)
ExtraUtilities:color_quartzBlock:7, Окрашенный Кварцевый блок (Серый)
ExtraUtilities:color_quartzBlock:8, Окрашенный Кварцевый блок (Светло-серый)
ExtraUtilities:color_quartzBlock:9, Окрашенный Кварцевый блок (Бирюзовый)
ExtraUtilities:color_quartzBlock:10, Окрашенный Кварцевый блок (Фиолетовый)
ExtraUtilities:color_quartzBlock:11, Окрашенный Кварцевый блок (Синий)
ExtraUtilities:color_quartzBlock:12, Окрашенный Кварцевый блок (Коричневый)
ExtraUtilities:color_quartzBlock:13, Окрашенный Кварцевый блок (Зелёный)
ExtraUtilities:color_quartzBlock:14, Окрашенный Кварцевый блок (Красный)
ExtraUtilities:color_quartzBlock:15, Окрашенный Кварцевый блок (Чёрный)
ExtraUtilities:color_hellsand:0, Окрашенный Песок душ (Белый)
ExtraUtilities:color_hellsand:1, Окрашенный Песок душ (Оранжевый)
ExtraUtilities:color_hellsand:2, Окрашенный Песок душ (Сиреневый)
ExtraUtilities:color_hellsand:3, Окрашенный Песок душ (Светло-синий)
ExtraUtilities:color_hellsand:4, Окрашенный Песок душ (Жёлтый)
ExtraUtilities:color_hellsand:5, Окрашенный Песок душ (Лаймовый)
ExtraUtilities:color_hellsand:6, Окрашенный Песок душ (Розовый)
ExtraUtilities:color_hellsand:7, Окрашенный Песок душ (Серый)
ExtraUtilities:color_hellsand:8, Окрашенный Песок душ (Светло-серый)
ExtraUtilities:color_hellsand:9, Окрашенный Песок душ (Бирюзовый)
ExtraUtilities:color_hellsand:10, Окрашенный Песок душ (Фиолетовый)
ExtraUtilities:color_hellsand:11, Окрашенный Песок душ (Синий)
ExtraUtilities:color_hellsand:12, Окрашенный Песок душ (Коричневый)
ExtraUtilities:color_hellsand:13, Окрашенный Песок душ (Зелёный)
ExtraUtilities:color_hellsand:14, Окрашенный Песок душ (Красный)
ExtraUtilities:color_hellsand:15, Окрашенный Песок душ (Чёрный)
ExtraUtilities:color_redstoneLight:0, Окрашенный Лампа (Белый)
ExtraUtilities:color_redstoneLight:1, Окрашенный Лампа (Оранжевый)
ExtraUtilities:color_redstoneLight:2, Окрашенный Лампа (Сиреневый)
ExtraUtilities:color_redstoneLight:3, Окрашенный Лампа (Светло-синий)
ExtraUtilities:color_redstoneLight:4, Окрашенный Лампа (Жёлтый)
ExtraUtilities:color_redstoneLight:5, Окрашенный Лампа (Лаймовый)
ExtraUtilities:color_redstoneLight:6, Окрашенный Лампа (Розовый)
ExtraUtilities:color_redstoneLight:7, Окрашенный Лампа (Серый)
ExtraUtilities:color_redstoneLight:8, Окрашенный Лампа (Светло-серый)
ExtraUtilities:color_redstoneLight:9, Окрашенный Лампа (Бирюзовый)
ExtraUtilities:color_redstoneLight:10, Окрашенный Лампа (Фиолетовый)
ExtraUtilities:color_redstoneLight:11, Окрашенный Лампа (Синий)
ExtraUtilities:color_redstoneLight:12, Окрашенный Лампа (Коричневый)
ExtraUtilities:color_redstoneLight:13, Окрашенный Лампа (Зелёный)
ExtraUtilities:color_redstoneLight:14, Окрашенный Лампа (Красный)
ExtraUtilities:color_redstoneLight:15, Окрашенный Лампа (Чёрный)
ExtraUtilities:color_brick:0, Окрашенный Кирпичи (Белый)
ExtraUtilities:color_brick:1, Окрашенный Кирпичи (Оранжевый)
ExtraUtilities:color_brick:2, Окрашенный Кирпичи (Сиреневый)
ExtraUtilities:color_brick:3, Окрашенный Кирпичи (Светло-синий)
ExtraUtilities:color_brick:4, Окрашенный Кирпичи (Жёлтый)
ExtraUtilities:color_brick:5, Окрашенный Кирпичи (Лаймовый)
ExtraUtilities:color_brick:6, Окрашенный Кирпичи (Розовый)
ExtraUtilities:color_brick:7, Окрашенный Кирпичи (Серый)
ExtraUtilities:color_brick:8, Окрашенный Кирпичи (Светло-серый)
ExtraUtilities:color_brick:9, Окрашенный Кирпичи (Бирюзовый)
ExtraUtilities:color_brick:10, Окрашенный Кирпичи (Фиолетовый)
ExtraUtilities:color_brick:11, Окрашенный Кирпичи (Синий)
ExtraUtilities:color_brick:12, Окрашенный Кирпичи (Коричневый)
ExtraUtilities:color_brick:13, Окрашенный Кирпичи (Зелёный)
ExtraUtilities:color_brick:14, Окрашенный Кирпичи (Красный)
ExtraUtilities:color_brick:15, Окрашенный Кирпичи (Чёрный)
ExtraUtilities:color_stonebrick:0, Окрашенный Булыжник (Белый)
ExtraUtilities:color_stonebrick:1, Окрашенный Булыжник (Оранжевый)
ExtraUtilities:color_stonebrick:2, Окрашенный Булыжник (Сиреневый)
ExtraUtilities:color_stonebrick:3, Окрашенный Булыжник (Светло-синий)
ExtraUtilities:color_stonebrick:4, Окрашенный Булыжник (Жёлтый)
ExtraUtilities:color_stonebrick:5, Окрашенный Булыжник (Лаймовый)
ExtraUtilities:color_stonebrick:6, Окрашенный Булыжник (Розовый)
ExtraUtilities:color_stonebrick:7, Окрашенный Булыжник (Серый)
ExtraUtilities:color_stonebrick:8, Окрашенный Булыжник (Светло-серый)
ExtraUtilities:color_stonebrick:9, Окрашенный Булыжник (Бирюзовый)
ExtraUtilities:color_stonebrick:10, Окрашенный Булыжник (Фиолетовый)
ExtraUtilities:color_stonebrick:11, Окрашенный Булыжник (Синий)
ExtraUtilities:color_stonebrick:12, Окрашенный Булыжник (Коричневый)
ExtraUtilities:color_stonebrick:13, Окрашенный Булыжник (Зелёный)
ExtraUtilities:color_stonebrick:14, Окрашенный Булыжник (Красный)
ExtraUtilities:color_stonebrick:15, Окрашенный Булыжник (Чёрный)
ExtraUtilities:color_blockLapis:0, Окрашенный Блок лазурита (Белый)
ExtraUtilities:color_blockLapis:1, Окрашенный Блок лазурита (Оранжевый)
ExtraUtilities:color_blockLapis:2, Окрашенный Блок лазурита (Сиреневый)
ExtraUtilities:color_blockLapis:3, Окрашенный Блок лазурита (Светло-синий)
ExtraUtilities:color_blockLapis:4, Окрашенный Блок лазурита (Жёлтый)
ExtraUtilities:color_blockLapis:5, Окрашенный Блок лазурита (Лаймовый)
ExtraUtilities:color_blockLapis:6, Окрашенный Блок лазурита (Розовый)
ExtraUtilities:color_blockLapis:7, Окрашенный Блок лазурита (Серый)
ExtraUtilities:color_blockLapis:8, Окрашенный Блок лазурита (Светло-серый)
ExtraUtilities:color_blockLapis:9, Окрашенный Блок лазурита (Бирюзовый)
ExtraUtilities:color_blockLapis:10, Окрашенный Блок лазурита (Фиолетовый)
ExtraUtilities:color_blockLapis:11, Окрашенный Блок лазурита (Синий)
ExtraUtilities:color_blockLapis:12, Окрашенный Блок лазурита (Коричневый)
ExtraUtilities:color_blockLapis:13, Окрашенный Блок лазурита (Зелёный)
ExtraUtilities:color_blockLapis:14, Окрашенный Блок лазурита (Красный)
ExtraUtilities:color_blockLapis:15, Окрашенный Блок лазурита (Чёрный)
ExtraUtilities:color_obsidian:0, Окрашенный Обсидиан (Белый)
ExtraUtilities:color_obsidian:1, Окрашенный Обсидиан (Оранжевый)
ExtraUtilities:color_obsidian:2, Окрашенный Обсидиан (Сиреневый)
ExtraUtilities:color_obsidian:3, Окрашенный Обсидиан (Светло-синий)
ExtraUtilities:color_obsidian:4, Окрашенный Обсидиан (Жёлтый)
ExtraUtilities:color_obsidian:5, Окрашенный Обсидиан (Лаймовый)
ExtraUtilities:color_obsidian:6, Окрашенный Обсидиан (Розовый)
ExtraUtilities:color_obsidian:7, Окрашенный Обсидиан (Серый)
ExtraUtilities:color_obsidian:8, Окрашенный Обсидиан (Светло-серый)
ExtraUtilities:color_obsidian:9, Окрашенный Обсидиан (Бирюзовый)
ExtraUtilities:color_obsidian:10, Окрашенный Обсидиан (Фиолетовый)
ExtraUtilities:color_obsidian:11, Окрашенный Обсидиан (Синий)
ExtraUtilities:color_obsidian:12, Окрашенный Обсидиан (Коричневый)
ExtraUtilities:color_obsidian:13, Окрашенный Обсидиан (Зелёный)
ExtraUtilities:color_obsidian:14, Окрашенный Обсидиан (Красный)
ExtraUtilities:color_obsidian:15, Окрашенный Обсидиан (Чёрный)
ExtraUtilities:color_blockRedstone:0, Окрашенный Блок красного камня (Белый)
ExtraUtilities:color_blockRedstone:1, Окрашенный Блок красного камня (Оранжевый)
ExtraUtilities:color_blockRedstone:2, Окрашенный Блок красного камня (Сиреневый)
ExtraUtilities:color_blockRedstone:3, Окрашенный Блок красного камня (Светло-синий)
ExtraUtilities:color_blockRedstone:4, Окрашенный Блок красного камня (Жёлтый)
ExtraUtilities:color_blockRedstone:5, Окрашенный Блок красного камня (Лаймовый)
ExtraUtilities:color_blockRedstone:6, Окрашенный Блок красного камня (Розовый)
ExtraUtilities:color_blockRedstone:7, Окрашенный Блок красного камня (Серый)
ExtraUtilities:color_blockRedstone:8, Окрашенный Блок красного камня (Светло-серый)
ExtraUtilities:color_blockRedstone:9, Окрашенный Блок красного камня (Бирюзовый)
ExtraUtilities:color_blockRedstone:10, Окрашенный Блок красного камня (Фиолетовый)
ExtraUtilities:color_blockRedstone:11, Окрашенный Блок красного камня (Синий)
ExtraUtilities:color_blockRedstone:12, Окрашенный Блок красного камня (Коричневый)
ExtraUtilities:color_blockRedstone:13, Окрашенный Блок красного камня (Зелёный)
ExtraUtilities:color_blockRedstone:14, Окрашенный Блок красного камня (Красный)
ExtraUtilities:color_blockRedstone:15, Окрашенный Блок красного камня (Чёрный)
ExtraUtilities:color_blockCoal:0, Окрашенный Угольный блок (Белый)
ExtraUtilities:color_blockCoal:1, Окрашенный Угольный блок (Оранжевый)
ExtraUtilities:color_blockCoal:2, Окрашенный Угольный блок (Сиреневый)
ExtraUtilities:color_blockCoal:3, Окрашенный Угольный блок (Светло-синий)
ExtraUtilities:color_blockCoal:4, Окрашенный Угольный блок (Жёлтый)
ExtraUtilities:color_blockCoal:5, Окрашенный Угольный блок (Лаймовый)
ExtraUtilities:color_blockCoal:6, Окрашенный Угольный блок (Розовый)
ExtraUtilities:color_blockCoal:7, Окрашенный Угольный блок (Серый)
ExtraUtilities:color_blockCoal:8, Окрашенный Угольный блок (Светло-серый)
ExtraUtilities:color_blockCoal:9, Окрашенный Угольный блок (Бирюзовый)
ExtraUtilities:color_blockCoal:10, Окрашенный Угольный блок (Фиолетовый)
ExtraUtilities:color_blockCoal:11, Окрашенный Угольный блок (Синий)
ExtraUtilities:color_blockCoal:12, Окрашенный Угольный блок (Коричневый)
ExtraUtilities:color_blockCoal:13, Окрашенный Угольный блок (Зелёный)
ExtraUtilities:color_blockCoal:14, Окрашенный Угольный блок (Красный)
ExtraUtilities:color_blockCoal:15, Окрашенный Угольный блок (Чёрный)
ExtraUtilities:cobblestone_compressed:0, Сжатый булыжник
ExtraUtilities:cobblestone_compressed:1, Двойной сжатый булыжник
ExtraUtilities:cobblestone_compressed:2, Тройной сжатый булыжник
ExtraUtilities:cobblestone_compressed:3, Четверной сжатый булыжник
ExtraUtilities:cobblestone_compressed:4, Пятикратносжатый булыжник
ExtraUtilities:cobblestone_compressed:5, Шестикратносжатый булыжник
ExtraUtilities:cobblestone_compressed:6, Семикратносжатый булыжник
ExtraUtilities:cobblestone_compressed:7, Восьмикратносжатый булыжник
ExtraUtilities:cobblestone_compressed:8, Сжатая земля
ExtraUtilities:cobblestone_compressed:9, Двойная сжатая земля
ExtraUtilities:cobblestone_compressed:10, Тройная сжатая земля
ExtraUtilities:cobblestone_compressed:11, Четверная сжатая земля
ExtraUtilities:cobblestone_compressed:12, Сжатый гравий
ExtraUtilities:cobblestone_compressed:13, Двойной сжатый гравий
ExtraUtilities:cobblestone_compressed:14, Сжатый песок
ExtraUtilities:cobblestone_compressed:15, Двойной сжатый песок
ExtraUtilities:conveyor, Конвейерная лента
ExtraUtilities:filing:0, Шкаф
ExtraUtilities:filing:1, Шкаф (Продвинутый)
ExtraUtilities:greenscreen:0, Небесный камень (Белый)
ExtraUtilities:greenscreen:1, Небесный камень (Оранжевый)
ExtraUtilities:greenscreen:2, Небесный камень (Сиреневый)
ExtraUtilities:greenscreen:3, Небесный камень (Светло-синий)
ExtraUtilities:greenscreen:4, Небесный камень (Жёлтый)
ExtraUtilities:greenscreen:5, Небесный камень (Лаймовый)
ExtraUtilities:greenscreen:6, Небесный камень (Розовый)
ExtraUtilities:greenscreen:7, Небесный камень (Серый)
ExtraUtilities:greenscreen:8, Небесный камень (Светло-серый)
ExtraUtilities:greenscreen:9, Небесный камень (Бирюзовый)
ExtraUtilities:greenscreen:10, Небесный камень (Фиолетовый)
ExtraUtilities:greenscreen:11, Небесный камень (Синий)
ExtraUtilities:greenscreen:12, Небесный камень (Коричневый)
ExtraUtilities:greenscreen:13, Небесный камень (Зелёный)
ExtraUtilities:greenscreen:14, Небесный камень (Красный)
ExtraUtilities:greenscreen:15, Небесный камень (Чёрный)
ExtraUtilities:peaceful_table_top, Мирный стол
ExtraUtilities:trading_post, Стол обмена
ExtraUtilities:sound_muffler:0, Глушитель звука
ExtraUtilities:sound_muffler:1, Глушитель дождя
ExtraUtilities:extractor_base:0, Узел передачи (Предметы)
ExtraUtilities:extractor_base:6, Узел передачи (Жидкости)
ExtraUtilities:extractor_base:12, Узел передачи (Энергия)
ExtraUtilities:extractor_base:13, Узел передачи (Гипер энергия)
ExtraUtilities:extractor_base_remote:0, Поисковой узел (Предметы)
ExtraUtilities:extractor_base_remote:6, Поисковой узел (Жидкости)
ExtraUtilities:pipes:0, Труба для передачи
ExtraUtilities:pipes:8, Сортирующая труба
ExtraUtilities:pipes:9, Фильтрующая труба
ExtraUtilities:pipes:10, Труба рационирования
ExtraUtilities:pipes:11, Энергетическая труба
ExtraUtilities:pipes:12, Перекрёстная труба
ExtraUtilities:pipes:13, Труба для сортировки по модам
ExtraUtilities:pipes:14, Труба для извлечения энергии
ExtraUtilities:pipes.1:0, Труба гипер-рационирования
ExtraUtilities:cursedearthside:0, Проклятая земля
ExtraUtilities:trashcan:0, Мусорная корзина
ExtraUtilities:trashcan:1, Мусорная корзина (Жидкости)
ExtraUtilities:trashcan:2, Мусорная корзина (Энергия)
ExtraUtilities:spike_base, Железный шип
ExtraUtilities:spike_base_diamond, Алмазный шип
ExtraUtilities:spike_base_gold, Золотой шип
ExtraUtilities:spike_base_wood, Деревянный шип
ExtraUtilities:enderThermicPump, Края-термическая помпа
ExtraUtilities:enderQuarry, Карьер Края
ExtraUtilities:enderQuarryUpgrade:0, Улучшение карьера Края «Основа»
ExtraUtilities:enderQuarryUpgrade:1, Улучшение карьера Края «Всемирные отверстия»
ExtraUtilities:enderQuarryUpgrade:2, Улучшение карьера Края «Шёлковое касание»
ExtraUtilities:enderQuarryUpgrade:3, Улучшение карьера Края «Удача I»
ExtraUtilities:enderQuarryUpgrade:4, Улучшение карьера Края «Удача II»
ExtraUtilities:enderQuarryUpgrade:5, Улучшение карьера Края «Удача III»
ExtraUtilities:enderQuarryUpgrade:6, Улучшение карьера Края «Скорость I»
ExtraUtilities:enderQuarryUpgrade:7, Улучшение карьера Края «Скорость II»
ExtraUtilities:enderQuarryUpgrade:8, Улучшение карьера Края «Скорость III»
ExtraUtilities:enderQuarryUpgrade:9, Улучшение карьера Края «Помпа»
ExtraUtilities:plant/ender_lilly, Семена лилии Края
ExtraUtilities:timer, Красные часы
ExtraUtilities:magnumTorch:0, Большой факел
ExtraUtilities:drum:0, Барабан
ExtraUtilities:drum:1, Барабан из бедрокия
ExtraUtilities:generator:0, Генератор выжившего
ExtraUtilities:generator:1, Печной генератор
ExtraUtilities:generator:2, Лавовый генератор
ExtraUtilities:generator:3, Генератор Края
ExtraUtilities:generator:4, Генератор на расплавленном красном камне
ExtraUtilities:generator:5, Кухонный генератор
ExtraUtilities:generator:6, Генератор на зельях
ExtraUtilities:generator:7, Солнечный генератор
ExtraUtilities:generator:8, ТНТ генератор
ExtraUtilities:generator:9, Розовый генератор
ExtraUtilities:generator:10, Высокотемпературный печной генератор
ExtraUtilities:generator:11, Генератор на звезде Нижнего мира
ExtraUtilities:generator.8:0, Генератор выжившего
ExtraUtilities:generator.8:1, Печной генератор
ExtraUtilities:generator.8:2, Лавовый генератор
ExtraUtilities:generator.8:3, Генератор Края
ExtraUtilities:generator.8:4, Генератор на расплавленном красном камне
ExtraUtilities:generator.8:5, Кухонный генератор
ExtraUtilities:generator.8:6, Генератор на зельях
ExtraUtilities:generator.8:7, Солнечный генератор
ExtraUtilities:generator.8:8, ТНТ генератор
ExtraUtilities:generator.8:9, Розовый генератор
ExtraUtilities:generator.8:10, Высокотемпературный печной генератор
ExtraUtilities:generator.8:11, Генератор на звезде Нижнего мира
ExtraUtilities:generator.64:0, Генератор выжившего
ExtraUtilities:generator.64:1, Печной генератор
ExtraUtilities:generator.64:2, Лавовый генератор
ExtraUtilities:generator.64:3, Генератор Края
ExtraUtilities:generator.64:4, Генератор на расплавленном красном камне
ExtraUtilities:generator.64:5, Кухонный генератор
ExtraUtilities:generator.64:6, Генератор на зельях
ExtraUtilities:generator.64:7, Солнечный генератор
ExtraUtilities:generator.64:8, ТНТ генератор
ExtraUtilities:generator.64:9, Розовый генератор
ExtraUtilities:generator.64:10, Высокотемпературный печной генератор
ExtraUtilities:generator.64:11, Генератор на звезде Нижнего мира
ExtraUtilities:dark_portal:0, Портал в 'Глубокую темноту'
ExtraUtilities:dark_portal:2, Портал в 'Прошедшее тысячелетие'
ExtraUtilities:etherealglass:0, Эфирное стекло
ExtraUtilities:etherealglass:1, Невыразимое стекло
ExtraUtilities:etherealglass:2, Тёмное эфирное стекло
ExtraUtilities:etherealglass:3, Эфирное стекло (Инвертированное)
ExtraUtilities:etherealglass:4, Невыразимое стекло (Инвертированное)
ExtraUtilities:etherealglass:5, Тёмное эфирное стекло (Инвертированное)
TConstruct:liquid.slime, Сжиженная слизь
TConstruct:MeatBlock, Ветчина на кости
TConstruct:WoolSlab1:0, Плита светло-серой шерсти
TConstruct:WoolSlab1:1, Плита из бирюзовой шерсти
TConstruct:WoolSlab1:2, Плита из фиолетовой шерсти
TConstruct:WoolSlab1:3, Плита из синей шерсти
TConstruct:WoolSlab1:4, Плита из коричневой шерсти
TConstruct:WoolSlab1:5, Плита из зелёной шерсти
TConstruct:WoolSlab1:6, Плита из красной шерсти
TConstruct:WoolSlab1:7, Плита из чёрной шерсти
TConstruct:WoolSlab2:0, Плита из серой шерсти
TConstruct:WoolSlab2:1, Плита из серой шерсти
TConstruct:WoolSlab2:2, Плита из серой шерсти
TConstruct:WoolSlab2:3, Плита из серой шерсти
TConstruct:WoolSlab2:4, Плита из серой шерсти
TConstruct:WoolSlab2:5, Плита из серой шерсти
TConstruct:WoolSlab2:6, Плита из серой шерсти
TConstruct:WoolSlab2:7, Плита из серой шерсти
TConstruct:trap.punji, Колышек
TConstruct:trap.barricade.oak, Баррикада из дуба
TConstruct:trap.barricade.spruce, Баррикада из ели
TConstruct:trap.barricade.birch, Баррикада из берёзы
TConstruct:trap.barricade.jungle, Баррикада из тропического дерева
TConstruct:explosive.slime:0, Бомба из слизи
TConstruct:explosive.slime:2, Бомба из слизи
TConstruct:slime.gel:0, Застывшая синяя слизь
TConstruct:slime.gel:1, Застывшая зелёная слизь
TConstruct:slime.gel:2, Застывшая фиолетовая слизь
TConstruct:slime.grass:0, Слизневая трава
TConstruct:slime.grass.tall:0, Слизневая трава
TConstruct:slime.leaves:0, Слизневая листва
TConstruct:slime.sapling:0, Слизневый саженец
TConstruct:slime.channel, Сточная слизь
TConstruct:blood.channel, Сточная кровь
TConstruct:slime.pad, Прыжковая панель
TConstruct:decoration.stonetorch, Факел
TConstruct:decoration.stoneladder, Лестница
TConstruct:decoration.multibrick:0, Обсидиановый кирпич
TConstruct:decoration.multibrick:1, Песчаниковый кирпич
TConstruct:decoration.multibrick:2, Кирпич Нижнего мира
TConstruct:decoration.multibrick:3, Кирпич из гладкого камня
TConstruct:decoration.multibrick:4, Железный кирпич
TConstruct:decoration.multibrick:5, Золотой кирпич
TConstruct:decoration.multibrick:6, Лазуритовый кирпич
TConstruct:decoration.multibrick:7, Алмазный кирпич
TConstruct:decoration.multibrick:8, Красный кирпич
TConstruct:decoration.multibrick:9, Костяной кирпич
TConstruct:decoration.multibrick:10, Слизневый кирпич
TConstruct:decoration.multibrick:11, Слизневый кирпич
TConstruct:decoration.multibrick:12, Кирпич из камня Края
TConstruct:decoration.multibrick:13, Обсидиановый кирпич
TConstruct:decoration.multibrickfancy:0, Красивый обсидиановый кирпич
TConstruct:decoration.multibrickfancy:1, Красивый песчаниковый кирпич
TConstruct:decoration.multibrickfancy:2, Красивый кирпич Нижнего мира
TConstruct:decoration.multibrickfancy:3, Красивый кирпич из гладкого камня
TConstruct:decoration.multibrickfancy:4, Красивый железный кирпич
TConstruct:decoration.multibrickfancy:5, Красивый золотой кирпич
TConstruct:decoration.multibrickfancy:6, Красивый лазуритовый кирпич
TConstruct:decoration.multibrickfancy:7, Красивый алмазный кирпич
TConstruct:decoration.multibrickfancy:8, Красивый красный кирпич
TConstruct:decoration.multibrickfancy:9, Красивый костяной кирпич
TConstruct:decoration.multibrickfancy:10, Красивый слизневый кирпич
TConstruct:decoration.multibrickfancy:11, Красивый слизневый кирпич
TConstruct:decoration.multibrickfancy:12, Кирпич из красивого камня Края
TConstruct:decoration.multibrickfancy:13, Красивый обсидиановый кирпич
TConstruct:decoration.multibrickfancy:14, Кирпич из красивого камня
TConstruct:decoration.multibrickfancy:15, Каменная дорога
TConstruct:decoration.multibrickmetal:0, Алюмитовый кирпич
TConstruct:decoration.multibrickmetal:1, Ардитовый кирпич
TConstruct:decoration.multibrickmetal:2, Кобальтовый кирпич
TConstruct:decoration.multibrickmetal:3, Мануллиновый кирпич
TConstruct:decoration.multibrickmetal:4, Красивый алюмитовый кирпич
TConstruct:decoration.multibrickmetal:5, Красивый ардитовый кирпич
TConstruct:decoration.multibrickmetal:6, Красивый кобальтовый кирпич
TConstruct:decoration.multibrickmetal:7, Красивый мануллиновый кирпич
TConstruct:ore.berries.one:8, Железный рудный куст
TConstruct:ore.berries.one:9, Золотой рудный куст
TConstruct:ore.berries.one:10, Медный рудный куст
TConstruct:ore.berries.one:11, Оловянный рудный куст
TConstruct:ore.berries.two:8, Алюминиевый рудный куст
TConstruct:ore.berries.two:9, Куст эссенции опыта
TConstruct:SearedBrick:1, Кобальтовая руда
TConstruct:SearedBrick:2, Ардитовая руда
TConstruct:SearedBrick:3, Медная руда
TConstruct:SearedBrick:4, Оловянная руда
TConstruct:SearedBrick:5, Алюминиевая руда
TConstruct:GravelOre:0, Железная гравиевая руда
TConstruct:GravelOre:1, Золотая гравиевая руда
TConstruct:GravelOre:2, Медная гравиевая руда
TConstruct:GravelOre:3, Оловянная гравиевая руда
TConstruct:GravelOre:4, Алюминиевая гравиевая руда
TConstruct:GravelOre:5, Кобальтовая гравиевая руда
TConstruct:rail.wood, Деревянные рельсы
TConstruct:MetalBlock:0, Кобальтовый блок
TConstruct:MetalBlock:1, Ардитовый блок
TConstruct:MetalBlock:2, Мануллиновый блок
TConstruct:MetalBlock:3, Медный блок
TConstruct:MetalBlock:4, Бронзовый блок
TConstruct:MetalBlock:5, Оловянный блок
TConstruct:MetalBlock:6, Алюминиевый блок
TConstruct:MetalBlock:7, Блок алюминиевой латуни
TConstruct:MetalBlock:8, Алюмитовый блок
TConstruct:MetalBlock:9, Стальной блок
TConstruct:MetalBlock:10, Блок спрессованного ока Края
TConstruct:ToolStationBlock:0, Инженерная станция
TConstruct:ToolStationBlock:1, Конструктор деталей
TConstruct:ToolStationBlock:2, Конструктор деталей
TConstruct:ToolStationBlock:3, Конструктор деталей
TConstruct:ToolStationBlock:4, Конструктор деталей
TConstruct:ToolStationBlock:5, Сундук для схем
TConstruct:ToolStationBlock:10, Стол для вырезки схем
TConstruct:ToolStationBlock:11, Стол для вырезки схем
TConstruct:ToolStationBlock:12, Стол для вырезки схем
TConstruct:ToolStationBlock:13, Стол для вырезки схем
TConstruct:ToolForgeBlock:0, Инженерная кузня
TConstruct:ToolForgeBlock:1, Инженерная кузня
TConstruct:ToolForgeBlock:2, Инженерная кузня
TConstruct:ToolForgeBlock:3, Инженерная кузня
TConstruct:ToolForgeBlock:4, Инженерная кузня
TConstruct:ToolForgeBlock:5, Инженерная кузня
TConstruct:ToolForgeBlock:6, Инженерная кузня
TConstruct:ToolForgeBlock:7, Инженерная кузня
TConstruct:ToolForgeBlock:8, Инженерная кузня
TConstruct:ToolForgeBlock:9, Инженерная кузня
TConstruct:ToolForgeBlock:10, Инженерная кузня
TConstruct:ToolForgeBlock:11, Инженерная кузня
TConstruct:ToolForgeBlock:12, Инженерная кузня
TConstruct:ToolForgeBlock:13, Инженерная кузня
TConstruct:CraftingStation, Верстак инженера
TConstruct:CraftingSlab:0, Верстак инженера
TConstruct:CraftingSlab:1, Инженерная станция
TConstruct:CraftingSlab:2, Конструктор деталей
TConstruct:CraftingSlab:3, Стол для вырезки схем
TConstruct:CraftingSlab:4, Сундук для схем
TConstruct:CraftingSlab:5, Инженерная кузня
TConstruct:FurnaceSlab, Печь-плита
TConstruct:HeldItemBlock, Сковорода
TConstruct:BattleSignBlock, tile.Battlesign.name
TConstruct:CraftedSoil:0, Слизневая грязь
TConstruct:CraftedSoil:1, Цемент
TConstruct:CraftedSoil:2, Слизневая грязь
TConstruct:CraftedSoil:3, Кладбищенская почва
TConstruct:CraftedSoil:4, Священная почва
TConstruct:CraftedSoil:5, Земля из синей слизи
TConstruct:CraftedSoil:6, Слизевая почва
TConstruct:fluid.molten.iron, Расплавленное железо
TConstruct:fluid.molten.gold, Расплавленное золото
TConstruct:fluid.molten.copper, Расплавленная медь
TConstruct:fluid.molten.tin, Жидкое олово
TConstruct:fluid.molten.aluminum, Расплавленной алюминий
TConstruct:fluid.molten.cobalt, Расплавленный кобальт
TConstruct:fluid.molten.ardite, Расплавленный ардит
TConstruct:fluid.molten.bronze, Расплавленная бронза
TConstruct:fluid.molten.alubrass, Расплавленная алюминиевая латунь
TConstruct:fluid.molten.manyullyn, Расплавленный мануллин
TConstruct:fluid.molten.alumite, Расплавленный алюмит
TConstruct:fluid.molten.obsidian, Расплавленный обсидиан
TConstruct:fluid.molten.steel, Расплавленная сталь
TConstruct:fluid.molten.glass, Расплавленное стекло
TConstruct:molten.stone, Обожжённый камень
TConstruct:molten.emerald, Сжиженный изумруд
TConstruct:fluid.molten.nickel, Расплавленный никель
TConstruct:fluid.molten.lead, Расплавленный свинец
TConstruct:fluid.molten.silver, Расплавленное серебро
TConstruct:fluid.molten.shiny, Расплавленная платина
TConstruct:fluid.molten.invar, Расплавленный инвар
TConstruct:fluid.molten.electrum, Расплавленный электрум
TConstruct:fluid.ender, Жидкость Края
TConstruct:fluid.molten.lumium, Расплавленный ламиум
TConstruct:fluid.molten.signalum, Расплавленный синал
TConstruct:fluid.molten.mithril, Расплавленный мифрил
TConstruct:fluid.molten.enderium, Расплавленный эндериум
TConstruct:liquid.blood, Кровь
TConstruct:liquid.glue, Клей
TConstruct:fluid.molten.pigiron, Расплавленное свиное железо
TConstruct:SearedSlab:0, Плита из обожжённого кирпича
TConstruct:SearedSlab:1, Плита из обожжённого камня
TConstruct:SearedSlab:2, Плита из обожжённого булыжника
TConstruct:SearedSlab:3, Плита из обожжённой брусчатки
TConstruct:SearedSlab:4, Плита из обожжённой дороги
TConstruct:SearedSlab:5, Красивая обожжённая плита
TConstruct:SearedSlab:6, Резная обожжённая плита
TConstruct:SearedSlab:7, Резная обожжённая плита
TConstruct:SpeedSlab:0, Плита из грубого бурого песчаника
TConstruct:SpeedSlab:1, Плита из грубого дорожного бурого песчаника
TConstruct:SpeedSlab:2, Плита из бурого песчаника
TConstruct:SpeedSlab:3, Плита из кирпича бурого песчаника
TConstruct:SpeedSlab:4, Плита из дорожного бурого песчаника
TConstruct:SpeedSlab:5, Плита из красивого бурого песчаника
TConstruct:SpeedSlab:6, Плита из резного бурого песчаника
TConstruct:GlueBlock, Блок клея
TConstruct:Smeltery:0, Контроллер плавильни
TConstruct:Smeltery:1, Слив плавильни
TConstruct:Smeltery:2, Обожжённый кирпич
TConstruct:Smeltery:4, Обожжённый камень
TConstruct:Smeltery:5, Обожжённый булыжник
TConstruct:Smeltery:6, Обожжённая брусчатка
TConstruct:Smeltery:7, Потрескавшийся обожжённый кирпич
TConstruct:Smeltery:8, Обожжённая дорога
TConstruct:Smeltery:9, Красивый обожжённый кирпич
TConstruct:Smeltery:10, Резной обожжённый кирпич
TConstruct:Smeltery:11, Резной обожжённый кирпич
TConstruct:SmelteryNether:0, Контроллер плавильни
TConstruct:SmelteryNether:1, Слив плавильни
TConstruct:SmelteryNether:2, Обожжённый кирпич
TConstruct:SmelteryNether:4, Обожжённый камень
TConstruct:SmelteryNether:5, Обожжённый булыжник
TConstruct:SmelteryNether:6, Обожжённая брусчатка
TConstruct:SmelteryNether:7, Потрескавшийся обожжённый кирпич
TConstruct:SmelteryNether:8, Обожжённая дорога
TConstruct:SmelteryNether:9, Красивый обожжённый кирпич
TConstruct:SmelteryNether:10, Резной обожжённый кирпич
TConstruct:SmelteryNether:11, Резной обожжённый кирпич
TConstruct:LavaTank:0, Обожжённый резервуар
TConstruct:LavaTank:1, Обожжённое стекло
TConstruct:LavaTank:2, Обожжённое окно
TConstruct:LavaTankNether:0, Обожжённый резервуар
TConstruct:LavaTankNether:1, Обожжённое стекло
TConstruct:LavaTankNether:2, Обожжённое окно
TConstruct:SearedBlock:0, Литейный стол
TConstruct:SearedBlock:1, Литейный кран
TConstruct:SearedBlock:2, Литейный резервуар
TConstruct:SearedBlockNether:0, Литейный стол
TConstruct:SearedBlockNether:1, Литейный кран
TConstruct:SearedBlockNether:2, Литейный резервуар
TConstruct:CastingChannel:0, Разливочный канал
TConstruct:SpeedBlock:0, Грубый бурый песчаник
TConstruct:SpeedBlock:1, Дорога из грубого бурого песчаника
TConstruct:SpeedBlock:2, Бурый песчаник
TConstruct:SpeedBlock:3, Кирпич из бурого песчаника
TConstruct:SpeedBlock:4, Дорога из бурого песчаника
TConstruct:SpeedBlock:5, Красивый бурый песчаник
TConstruct:SpeedBlock:6, Резной бурый песчаник
TConstruct:GlassBlock:0, Прозрачное стекло
TConstruct:GlassPane:0, Прозрачная стеклянная панель
TConstruct:GlassBlock.StainedClear:0, Белое стекло
TConstruct:GlassBlock.StainedClear:1, Оранжевое стекло
TConstruct:GlassBlock.StainedClear:2, Сиреневое стекло
TConstruct:GlassBlock.StainedClear:3, Светло-синее стекло
TConstruct:GlassBlock.StainedClear:4, Жёлтое стекло
TConstruct:GlassBlock.StainedClear:5, Лаймовое стекло
TConstruct:GlassBlock.StainedClear:6, Розовое стекло
TConstruct:GlassBlock.StainedClear:7, Серое стекло
TConstruct:GlassBlock.StainedClear:8, Светло-серое стекло
TConstruct:GlassBlock.StainedClear:9, Бирюзовое стекло
TConstruct:GlassBlock.StainedClear:10, Фиолетовое стекло
TConstruct:GlassBlock.StainedClear:11, Синее стекло
TConstruct:GlassBlock.StainedClear:12, Коричневое стекло
TConstruct:GlassBlock.StainedClear:13, Зелёное стекло
TConstruct:GlassBlock.StainedClear:14, Красное стекло
TConstruct:GlassBlock.StainedClear:15, Чёрное стекло
TConstruct:GlassPaneClearStained:0, Белая стеклянная панель
TConstruct:GlassPaneClearStained:1, Оранжевая стеклянная панель
TConstruct:GlassPaneClearStained:2, Сиреневая стеклянная панель
TConstruct:GlassPaneClearStained:3, Светло-синяя стеклянная панель
TConstruct:GlassPaneClearStained:4, Жёлтая стеклянная панель
TConstruct:GlassPaneClearStained:5, Лаймовая стеклянная панель
TConstruct:GlassPaneClearStained:6, Розовая стеклянная панель
TConstruct:GlassPaneClearStained:7, Серая стеклянная панель
TConstruct:GlassPaneClearStained:8, Светло-серая стеклянная панель
TConstruct:GlassPaneClearStained:9, Бирюзовая стеклянная панель
TConstruct:GlassPaneClearStained:10, Фиолетовая стеклянная панель
TConstruct:GlassPaneClearStained:11, Синяя стеклянная панель
TConstruct:GlassPaneClearStained:12, Коричневая стеклянная панель
TConstruct:GlassPaneClearStained:13, Зелёная стеклянная панель
TConstruct:GlassPaneClearStained:14, Красная стеклянная панель
TConstruct:GlassPaneClearStained:15, Чёрная стеклянная панель
TConstruct:Redstone.Landmine:0, Мина
TConstruct:Redstone.Landmine:1, Мина
TConstruct:Redstone.Landmine:2, Мина
TConstruct:Redstone.Landmine:3, Мина
TConstruct:Armor.DryingRack, Доска для вяления
ExtraTiC:moltenRefinedGlowstone, Расплавленный очищенный светокамень
ExtraTiC:moltenOsmium, Расплавленный осмий
ExtraTiC:moltenPokefennium, Расплавленный покфениум
ExtraTiC:moltenFairy, Расплавленный волшебный металл
ExtraTiC:moltenRedAurum, Расплавленный красный аурум
ExtraTiC:moltenDesh, Расплавленный деш
ExtraTiC:moltenDarkSteel, Расплавленная тёмная сталь
ExtraTiC:moltenZinc, Расплавленный цинк
ExtraTiC:moltenBrass, Расплавленная латунь
ExtraTiC:moltenAdamantine., Расплавленный адамантин
ExtraTiC:moltenConductiveIron, Расплавленное проводящее железо
ExtraTiC:moltenElectricalSteel, Расплавленная наэлектризованная сталь
ExtraTiC:moltenEnergeticAlloy, Расплавленный энергетический сплав
ExtraTiC:moltenPhasedGold, Расплавленное пульсирующее золото
ExtraTiC:moltenPhasedIron, Расплавленное пульсирующее железо
ExtraTiC:moltenRedstoneAlloy, Расплавленный сплав из красного камня
ExtraTiC:liquidSilicon, Жидкий кремний
ExtraTiC:moltenSoularium, Расплавленный соуларий
ExtraTiC:moltenManasteel, Расплавленная манасталь
ExtraTiC:moltenTerrasteel, Расплавленная террасталь
ExtraTiC:moltenElementium, Расплавленный элементий
ExtraTiC:moltenVoidmetal, Расплавленный пустотный метал
ExtraTiC:moltenBedrockium, Расплавленный бедрокий
ExtraTiC:blockFunStuff:0, Волшебный блок
ExtraTiC:blockFunStuff:1, Покфениумный блок
ExtraTiC:blockFunStuff:2, Блок красного аурума
ThaumicTinkerer:fireChaos, Пропитанный Perditio огонь
ThaumicTinkerer:fireWater, Пропитанный Aqua огонь
ThaumicTinkerer:Levitational Locomotive Relay, Стрелка левитатора
ThaumicTinkerer:Levitational Locomotive, Левитатор
ThaumicTinkerer:funnel, Воронка для эссенции
ThaumicTinkerer:spawner, Пьедестал некроманта
ThaumicTinkerer:fireAir, Пропитанный Aer огонь
ThaumicTinkerer:repairer, Таум-восстановитель
ThaumicTinkerer:fireFire, Пропитанный Ignis огонь
ThaumicTinkerer:enchanter, Осмотический стол зачарований
ThaumicTinkerer:gaseousLight, tile.gaseousLight.name
ThaumicTinkerer:fireEarth, Пропитанный Terra огонь
ThaumicTinkerer:infusedFarmland, tile.infusedFarmland.name
ThaumicTinkerer:bedrockPortal, Bedrock Portal
ThaumicTinkerer:darkQuartzStairs, Ступеньки закоптившегося кварца
ThaumicTinkerer:dislocator, Трансвекторный дислокатор
ThaumicTinkerer:gaseousShadow, tile.gaseousShadow.name
ThaumicTinkerer:interface, Трансвектор
ThaumicTinkerer:platform, Эфирная платформа
ThaumicTinkerer:infusedGrainBlock, tile.infusedGrainBlock.name
ThaumicTinkerer:fireOrder, Пропитанный Ordo огонь
ThaumicTinkerer:darkQuartz:0, Блок закоптившегося кварца
ThaumicTinkerer:darkQuartz:1, Резной блок закоптившегося кварца
ThaumicTinkerer:darkQuartz:2, Колонна из закоптившегося кварца
ThaumicTinkerer:nitorGas, tile.nitorGas.name
ThaumicTinkerer:darkQuartzSlab:0, Плита закоптившегося кварца
ThaumicTinkerer:darkQuartzSlabFull:0, Плита закоптившегося кварца
ThaumicTinkerer:magnet:0, Кинетический притяжатель
ThaumicTinkerer:magnet:1, Материальный притяжатель
ThaumicTinkerer:animationTablet, Динамическая дощечка
ThaumicTinkerer:warpGate, Небесный портал
ThaumicTinkerer:forcefield, Силовое поле
ForbiddenMagic:ArcaneCake, Таумический торт
ForbiddenMagic:WrathCage, Клетка гнева
ForbiddenMagic:InkFlower, Мрачная роза
ForbiddenMagic:StarBlock, Блок звезды Нижнего мира
ForbiddenMagic:UmbralBush, Мрачный куст роз
ForbiddenMagic:TaintLog, Tainted Log
ForbiddenMagic:TaintPlank, Tainted Planks
ForbiddenMagic:TaintLeaves, Tainted Leaves
ForbiddenMagic:TaintSapling, Tainted Sapling
ForbiddenMagic:TaintBlock:0, Tainted Stone
ForbiddenMagic:TaintBlock:1, Tainted Stone Bricks
GalacticraftCore:tile.landingPad:0, Взлётная площадка
GalacticraftCore:tile.landingPad:1, Заправочная платформа для багги
GalacticraftCore:tile.landingPadFull, Взлётная площадка
GalacticraftCore:tile.unlitTorch, Факел
GalacticraftCore:tile.unlitTorchLit, Факел
GalacticraftCore:tile.breatheableAir, tile.breatheableAir.name
GalacticraftCore:tile.brightAir, tile.brightAir.name
GalacticraftCore:tile.brightBreathableAir, tile.brightBreathableAir.name
GalacticraftCore:tile.oxygenCollector, Кислородный сборщик
GalacticraftCore:tile.oxygenCompressor:0, Кислородный компрессор
GalacticraftCore:tile.oxygenCompressor:4, Кислородный декомпрессор
GalacticraftCore:tile.distributor, Распределитель кислородных пузырей
GalacticraftCore:tile.sealer, Уплотнитель кислорода
GalacticraftCore:tile.oxygenDetector, Кислородный датчик
GalacticraftCore:tile.oxygenPipe, Кислородная труба
GalacticraftCore:tile.refinery, Очистительный завод
GalacticraftCore:tile.fuelLoader, Загрузчик топлива
GalacticraftCore:tile.cargo:0, Грузовой загрузчик
GalacticraftCore:tile.cargo:4, Грузовой разгрузчик
GalacticraftCore:tile.rocketWorkbench, Верстак NASA
GalacticraftCore:tile.gcBlockCore:3, Декоративный оловянный блок
GalacticraftCore:tile.gcBlockCore:4, Декоративный оловянный блок
GalacticraftCore:tile.gcBlockCore:5, Медная руда
GalacticraftCore:tile.gcBlockCore:6, Оловянная руда
GalacticraftCore:tile.gcBlockCore:7, Алюминиевая руда
GalacticraftCore:tile.gcBlockCore:8, Кремниевая руда
GalacticraftCore:tile.gcBlockCore:9, Медный блок
GalacticraftCore:tile.gcBlockCore:10, Оловянный блок
GalacticraftCore:tile.gcBlockCore:11, Алюминиевый блок
GalacticraftCore:tile.gcBlockCore:12, Блок метеоритного железа
GalacticraftCore:tile.airLockFrame:0, Каркас воздушного шлюза
GalacticraftCore:tile.airLockFrame:1, Контроллер воздушного шлюза
GalacticraftCore:tile.airLockSeal, Уплотнитель воздушного шлюза
GalacticraftCore:tile.enclosed:14, Герметичный алюминиевый провод
GalacticraftCore:tile.enclosed:15, Герметичный толстый алюминиевый провод
GalacticraftCore:tile.enclosed:1, Герметичная кислородная труба
GalacticraftCore:tile.spaceStationBase, Основание космической станции
GalacticraftCore:tile.dummyblock:0, tile.dummyblock.null.name
GalacticraftCore:tile.parachest, Сундук с парашютом
GalacticraftCore:tile.solar:0, Основная солнечная панель
GalacticraftCore:tile.solar:4, Продвинутая солнечная панель
GalacticraftCore:tile.dish, Коммуникационная тарелка
GalacticraftCore:tile.machine:0, Угольный генератор
GalacticraftCore:tile.machine:12, Компрессор
GalacticraftCore:tile.machine2:0, Электрический компрессор
GalacticraftCore:tile.machine2:4, Производитель микросхем
GalacticraftCore:tile.machine2:8, Модуль «Хранилище кислорода»
GalacticraftCore:tile.machineTiered:0, Модуль «Хранилище энергии»
GalacticraftCore:tile.machineTiered:4, Электропечь
GalacticraftCore:tile.machineTiered:8, Энергетический массив
GalacticraftCore:tile.machineTiered:12, Электрическая дуговая печь
GalacticraftCore:tile.aluminumWire:0, Алюминиевый провод
GalacticraftCore:tile.aluminumWire:1, Толстый алюминиевый провод
GalacticraftCore:tile.glowstoneTorch, Факел из светящегося камня
GalacticraftCore:tile.fallenMeteor, Упавший метеорит
GalacticraftCore:tile.moonBlock:0, Медная руда
GalacticraftCore:tile.moonBlock:1, Оловянная руда
GalacticraftCore:tile.moonBlock:2, Сырная руда
GalacticraftCore:tile.moonBlock:3, Лунный грунт
GalacticraftCore:tile.moonBlock:4, Лунный камень
GalacticraftCore:tile.moonBlock:5, Лунный дёрн
GalacticraftCore:tile.moonBlock:14, Кирпич лунной сокровищницы
GalacticraftCore:tile.cheeseBlock, Блок сыра
GalacticraftCore:tile.spinThruster, Вращающий двигатель
GalacticraftCore:tile.viewScreen, Экран отображения
GalacticraftCore:tile.telemetry, Телеметрический блок
GalacticraftCore:tile.arclamp, Дуговая лампа
GalacticraftCore:tile.treasureChest, Сундук с сокровищами
GalacticraftCore:tile.tinStairs1, Оловянные ступеньки
GalacticraftCore:tile.tinStairs2, Оловянные ступеньки
GalacticraftCore:tile.moonStoneStairs, Ступеньки из лунного камня
GalacticraftCore:tile.moonBricksStairs, Ступеньки из кирпича лунной сокровищницы
GalacticraftCore:tile.wallGC:0, Оловянная стена
GalacticraftCore:tile.wallGC:1, Оловянная стена
GalacticraftCore:tile.wallGC:2, Стена из лунного камня
GalacticraftCore:tile.wallGC:3, Стена из кирпича лунной сокровищницы
GalacticraftCore:tile.wallGC:4, Стена из марсианского булыжника
GalacticraftCore:tile.wallGC:5, Стена из кирпича марсианской сокровищницы
GalacticraftCore:slabGCHalf:0, Оловянная плита
GalacticraftCore:slabGCHalf:1, Оловянная плита
GalacticraftCore:slabGCHalf:2, Плита из лунного камня
GalacticraftCore:slabGCHalf:3, Плита из кирпича лунной сокровищницы
GalacticraftCore:slabGCHalf:4, Плита из марсианского булыжника
GalacticraftCore:slabGCHalf:5, Плита из кирпича марсианской сокровищницы
GalacticraftCore:slabGCDouble:0, tile.slabGCDouble.tinSlab.name
GalacticraftCore:slabGCDouble:1, tile.slabGCDouble.tinSlab.name
GalacticraftCore:slabGCDouble:2, tile.slabGCDouble.moonSlab.name
GalacticraftCore:slabGCDouble:3, tile.slabGCDouble.moonBricksSlab.name
GalacticraftCore:slabGCDouble:4, tile.slabGCDouble.marsSlab.name
GalacticraftCore:slabGCDouble:5, tile.slabGCDouble.marsBricksSlab.name
GalacticraftCore:tile.unlitTorch_Stone, Каменный факел
GalacticraftCore:tile.unlitTorchLit_Stone, Каменный факел
GalacticraftMars:tile.treasureT2, Сундук с сокровищами 2-го уровня
GalacticraftMars:tile.treasureT3, Сундук с сокровищами 3-го уровня
GalacticraftMars:tile.asteroidsBlock:0, Астероидный камень
GalacticraftMars:tile.asteroidsBlock:1, Астероидный камень
GalacticraftMars:tile.asteroidsBlock:2, Астероидный камень
GalacticraftMars:tile.asteroidsBlock:3, Алюминиевая руда
GalacticraftMars:tile.asteroidsBlock:4, Ильменитовая руда
GalacticraftMars:tile.asteroidsBlock:5, Железная руда
GalacticraftMars:tile.walkway, Дорожка
GalacticraftMars:tile.walkwayWire, Дорожка
GalacticraftMars:tile.walkwayOxygenPipe, Дорожка
GalacticraftMars:tile.beamReflector, Лучевой отражатель энергии
GalacticraftMars:tile.beamReceiver, Лучевой приёмник энергии
GalacticraftMars:tile.telepadShort, Короткодистанционный телепорт
GalacticraftMars:tile.telepadFake, tile.telepadFake.name
GalacticraftMars:tile.denseIce, Плотный лёд
GalacticraftMars:tile.minerBase, Основание астрономического шахтёра
GalacticraftMars:tile.minerBaseFull, tile.minerBaseFull.name
GalacticraftMars:tile.sludge, Бактериальный осадок
GalacticraftMars:tile.mars:0, Медная руда
GalacticraftMars:tile.mars:1, Оловянная руда
GalacticraftMars:tile.mars:2, Руда деш
GalacticraftMars:tile.mars:3, Железная руда
GalacticraftMars:tile.mars:4, Марсианский булыжник
GalacticraftMars:tile.mars:5, Марсианский поверхностный камень
GalacticraftMars:tile.mars:6, Марсианский подповерхностный камень
GalacticraftMars:tile.mars:7, Кирпич марсианской сокровищницы
GalacticraftMars:tile.mars:8, Блок деш
GalacticraftMars:tile.mars:9, Марсианский камень
GalacticraftMars:tile.cavernVines, Пещерные лианы
GalacticraftMars:tile.slimelingEgg:0, Красное яйцо слаймлинга
GalacticraftMars:tile.slimelingEgg:1, Синее яйцо слаймлинга
GalacticraftMars:tile.slimelingEgg:2, Жёлтое яйцо слаймлинга
GalacticraftMars:tile.creeperEgg, Яйцо крипера
GalacticraftMars:tile.marsMachine:0, Терраформер
GalacticraftMars:tile.marsMachine:4, Криогенная камера
GalacticraftMars:tile.marsMachine:8, Контроллер запуска
GalacticraftMars:tile.marsMachineT2:0, Сжижитель газа
GalacticraftMars:tile.marsMachineT2:4, Синтезатор метана
GalacticraftMars:tile.marsMachineT2:8, Электролизёр воды
GalacticraftMars:tile.marsCobblestoneStairs, Ступеньки из марсианского булыжника
GalacticraftMars:tile.marsDungeonBricksStairs, Ступеньки из кирпича марсианской сокровищницы
GalacticraftMars:tile.hydrogenPipe, Труба для водорода
GraviSuite:BlockRelocatorPortal, tile.null.name
IronChest:BlockIronChest:0, Железный сундук
IronChest:BlockIronChest:1, Золотой сундук
IronChest:BlockIronChest:2, Алмазный сундук
IronChest:BlockIronChest:3, Медный сундук
IronChest:BlockIronChest:4, Серебряный сундук
IronChest:BlockIronChest:5, Кристальный сундук
IronChest:BlockIronChest:6, Обсидиановый сундук
IronChest:BlockIronChest:7, DirtChest 9000!
Mekanism:BasicBlock:0, Осмиевый блок
Mekanism:BasicBlock:1, Бронзовый блок
Mekanism:BasicBlock:2, Очищенный обсидиан
Mekanism:BasicBlock:3, Древесноугольный блок
Mekanism:BasicBlock:4, Очищенный светящийся камень
Mekanism:BasicBlock:5, Стальной блок
Mekanism:BasicBlock:6, Основной ящик
Mekanism:BasicBlock:6, Продвинутый ящик
Mekanism:BasicBlock:6, Элитный ящик
Mekanism:BasicBlock:6, Совершенный ящик
Mekanism:BasicBlock:7, Каркас телепорта
Mekanism:BasicBlock:8, Стальной корпус
Mekanism:BasicBlock:9, Динамический резервуар
Mekanism:BasicBlock:10, Структурное стекло
Mekanism:BasicBlock:11, Динамический вентиль
Mekanism:BasicBlock:12, Медный блок
Mekanism:BasicBlock:13, Оловянный блок
Mekanism:BasicBlock:14, Контроллер теплового испарителя
Mekanism:BasicBlock:15, Вентиль теплового испарителя
Mekanism:BasicBlock2:0, Блок теплового испарителя
Mekanism:BasicBlock2:1, Индукционный корпус
Mekanism:BasicBlock2:2, Индукционный порт
Mekanism:BasicBlock2:3, Базовая индукционная ячейка
Mekanism:BasicBlock2:3, Продвинутая индукционная ячейка
Mekanism:BasicBlock2:3, Элитная индукционная ячейка
Mekanism:BasicBlock2:3, Максимальная индукционная ячейка
Mekanism:BasicBlock2:4, Базовый индукционный поставщик
Mekanism:BasicBlock2:4, Продвинутый индукционный поставщик
Mekanism:BasicBlock2:4, Элитный индукционный поставщик
Mekanism:BasicBlock2:4, Максимальный индукционный поставщик
Mekanism:BasicBlock2:5, Сверхмощный нагревательный элемент
Mekanism:BasicBlock2:6, Распылитель давления
Mekanism:BasicBlock2:7, Обшивка бойлера
Mekanism:BasicBlock2:8, Вентиль бойлера
Mekanism:BasicBlock2:9, Защитный блок
Mekanism:OreBlock:0, Осмиевая руда
Mekanism:OreBlock:1, Медная руда
Mekanism:OreBlock:2, Оловянная руда
Mekanism:EnergyCube, tile.EnergyCube.name
Mekanism:ObsidianTNT, Обсидиановый динамит
Mekanism:BoundingBlock, Скреплённый блок
Mekanism:GasTank:0, Базовый газовый баллон
Mekanism:GasTank:0, Продвинутый газовый баллон
Mekanism:GasTank:0, Элитный газовый баллон
Mekanism:GasTank:0, Совершенный газовый баллон
Mekanism:CardboardBox, Картонная коробка
Mekanism:PlasticBlock:0, §8Черный Пластиковый блок
Mekanism:PlasticBlock:1, §cКрасный Пластиковый блок
Mekanism:PlasticBlock:2, §2Зеленый Пластиковый блок
Mekanism:PlasticBlock:3, §6Коричневый Пластиковый блок
Mekanism:PlasticBlock:4, §1Синий Пластиковый блок
Mekanism:PlasticBlock:5, §5Фиолетовый Пластиковый блок
Mekanism:PlasticBlock:6, §3Темно-Голубой Пластиковый блок
Mekanism:PlasticBlock:7, §7Светло-Серый Пластиковый блок
Mekanism:PlasticBlock:8, §8Серый Пластиковый блок
Mekanism:PlasticBlock:9, §dРозовый Пластиковый блок
Mekanism:PlasticBlock:10, §aСветло-Зеленый Пластиковый блок
Mekanism:PlasticBlock:11, §eЖелтый Пластиковый блок
Mekanism:PlasticBlock:12, §9Светло-Голубой Пластиковый блок
Mekanism:PlasticBlock:13, §dПурпурный Пластиковый блок
Mekanism:PlasticBlock:14, §6Оранжевый Пластиковый блок
Mekanism:PlasticBlock:15, §fБелый Пластиковый блок
Mekanism:SlickPlasticBlock:0, §8Черный Гладкий пластиковый блок
Mekanism:SlickPlasticBlock:1, §cКрасный Гладкий пластиковый блок
Mekanism:SlickPlasticBlock:2, §2Зеленый Гладкий пластиковый блок
Mekanism:SlickPlasticBlock:3, §6Коричневый Гладкий пластиковый блок
Mekanism:SlickPlasticBlock:4, §1Синий Гладкий пластиковый блок
Mekanism:SlickPlasticBlock:5, §5Фиолетовый Гладкий пластиковый блок
Mekanism:SlickPlasticBlock:6, §3Темно-Голубой Гладкий пластиковый блок
Mekanism:SlickPlasticBlock:7, §7Светло-Серый Гладкий пластиковый блок
Mekanism:SlickPlasticBlock:8, §8Серый Гладкий пластиковый блок
Mekanism:SlickPlasticBlock:9, §dРозовый Гладкий пластиковый блок
Mekanism:SlickPlasticBlock:10, §aСветло-Зеленый Гладкий пластиковый блок
Mekanism:SlickPlasticBlock:11, §eЖелтый Гладкий пластиковый блок
Mekanism:SlickPlasticBlock:12, §9Светло-Голубой Гладкий пластиковый блок
Mekanism:SlickPlasticBlock:13, §dПурпурный Гладкий пластиковый блок
Mekanism:SlickPlasticBlock:14, §6Оранжевый Гладкий пластиковый блок
Mekanism:SlickPlasticBlock:15, §fБелый Гладкий пластиковый блок
Mekanism:GlowPlasticBlock:0, §8Черный Пластиковый светящийся блок
Mekanism:GlowPlasticBlock:1, §cКрасный Пластиковый светящийся блок
Mekanism:GlowPlasticBlock:2, §2Зеленый Пластиковый светящийся блок
Mekanism:GlowPlasticBlock:3, §6Коричневый Пластиковый светящийся блок
Mekanism:GlowPlasticBlock:4, §1Синий Пластиковый светящийся блок
Mekanism:GlowPlasticBlock:5, §5Фиолетовый Пластиковый светящийся блок
Mekanism:GlowPlasticBlock:6, §3Темно-Голубой Пластиковый светящийся блок
Mekanism:GlowPlasticBlock:7, §7Светло-Серый Пластиковый светящийся блок
Mekanism:GlowPlasticBlock:8, §8Серый Пластиковый светящийся блок
Mekanism:GlowPlasticBlock:9, §dРозовый Пластиковый светящийся блок
Mekanism:GlowPlasticBlock:10, §aСветло-Зеленый Пластиковый светящийся блок
Mekanism:GlowPlasticBlock:11, §eЖелтый Пластиковый светящийся блок
Mekanism:GlowPlasticBlock:12, §9Светло-Голубой Пластиковый светящийся блок
Mekanism:GlowPlasticBlock:13, §dПурпурный Пластиковый светящийся блок
Mekanism:GlowPlasticBlock:14, §6Оранжевый Пластиковый светящийся блок
Mekanism:GlowPlasticBlock:15, §fБелый Пластиковый светящийся блок
Mekanism:ReinforcedPlasticBlock:0, §8Черный Укреплённый пластиковый блок
Mekanism:ReinforcedPlasticBlock:1, §cКрасный Укреплённый пластиковый блок
Mekanism:ReinforcedPlasticBlock:2, §2Зеленый Укреплённый пластиковый блок
Mekanism:ReinforcedPlasticBlock:3, §6Коричневый Укреплённый пластиковый блок
Mekanism:ReinforcedPlasticBlock:4, §1Синий Укреплённый пластиковый блок
Mekanism:ReinforcedPlasticBlock:5, §5Фиолетовый Укреплённый пластиковый блок
Mekanism:ReinforcedPlasticBlock:6, §3Темно-Голубой Укреплённый пластиковый блок
Mekanism:ReinforcedPlasticBlock:7, §7Светло-Серый Укреплённый пластиковый блок
Mekanism:ReinforcedPlasticBlock:8, §8Серый Укреплённый пластиковый блок
Mekanism:ReinforcedPlasticBlock:9, §dРозовый Укреплённый пластиковый блок
Mekanism:ReinforcedPlasticBlock:10, §aСветло-Зеленый Укреплённый пластиковый блок
Mekanism:ReinforcedPlasticBlock:11, §eЖелтый Укреплённый пластиковый блок
Mekanism:ReinforcedPlasticBlock:12, §9Светло-Голубой Укреплённый пластиковый блок
Mekanism:ReinforcedPlasticBlock:13, §dПурпурный Укреплённый пластиковый блок
Mekanism:ReinforcedPlasticBlock:14, §6Оранжевый Укреплённый пластиковый блок
Mekanism:ReinforcedPlasticBlock:15, §fБелый Укреплённый пластиковый блок
Mekanism:RoadPlasticBlock:0, §8Черный Пластиковый путь
Mekanism:RoadPlasticBlock:1, §cКрасный Пластиковый путь
Mekanism:RoadPlasticBlock:2, §2Зеленый Пластиковый путь
Mekanism:RoadPlasticBlock:3, §6Коричневый Пластиковый путь
Mekanism:RoadPlasticBlock:4, §1Синий Пластиковый путь
Mekanism:RoadPlasticBlock:5, §5Фиолетовый Пластиковый путь
Mekanism:RoadPlasticBlock:6, §3Темно-Голубой Пластиковый путь
Mekanism:RoadPlasticBlock:7, §7Светло-Серый Пластиковый путь
Mekanism:RoadPlasticBlock:8, §8Серый Пластиковый путь
Mekanism:RoadPlasticBlock:9, §dРозовый Пластиковый путь
Mekanism:RoadPlasticBlock:10, §aСветло-Зеленый Пластиковый путь
Mekanism:RoadPlasticBlock:11, §eЖелтый Пластиковый путь
Mekanism:RoadPlasticBlock:12, §9Светло-Голубой Пластиковый путь
Mekanism:RoadPlasticBlock:13, §dПурпурный Пластиковый путь
Mekanism:RoadPlasticBlock:14, §6Оранжевый Пластиковый путь
Mekanism:RoadPlasticBlock:15, §fБелый Пластиковый путь
Mekanism:PlasticFence:0, §8Черный Пластиковый забор
Mekanism:PlasticFence:1, §cКрасный Пластиковый забор
Mekanism:PlasticFence:2, §2Зеленый Пластиковый забор
Mekanism:PlasticFence:3, §6Коричневый Пластиковый забор
Mekanism:PlasticFence:4, §1Синий Пластиковый забор
Mekanism:PlasticFence:5, §5Фиолетовый Пластиковый забор
Mekanism:PlasticFence:6, §3Темно-Голубой Пластиковый забор
Mekanism:PlasticFence:7, §7Светло-Серый Пластиковый забор
Mekanism:PlasticFence:8, §8Серый Пластиковый забор
Mekanism:PlasticFence:9, §dРозовый Пластиковый забор
Mekanism:PlasticFence:10, §aСветло-Зеленый Пластиковый забор
Mekanism:PlasticFence:11, §eЖелтый Пластиковый забор
Mekanism:PlasticFence:12, §9Светло-Голубой Пластиковый забор
Mekanism:PlasticFence:13, §dПурпурный Пластиковый забор
Mekanism:PlasticFence:14, §6Оранжевый Пластиковый забор
Mekanism:PlasticFence:15, §fБелый Пластиковый забор
Mekanism:SaltBlock, Блок соли
TwilightForest:tile.TFLog:0, Сумеречный дуб
TwilightForest:tile.TFLog:1, Сумеречная сосна
TwilightForest:tile.TFLog:2, Сумеречная берёза
TwilightForest:tile.TFLog:3, Тёмное дерево
TwilightForest:tile.TFRoots:0, Корни
TwilightForest:tile.TFRoots:1, Замшелые корни
TwilightForest:tile.TFLeaves:0, Листва сумеречного дуба
TwilightForest:tile.TFLeaves:1, Листва сумеречной сосны
TwilightForest:tile.TFLeaves:2, Листва сумеречной берёзы
TwilightForest:tile.TFLeaves:3, Разноцветная листва
TwilightForest:tile.TFFirefly, Светлячок
TwilightForest:tile.TFCicada, Цикада
TwilightForest:tile.TFPortal, Блок портала в сумеречный лес
TwilightForest:tile.TFMazestone:0, Камень лабиринта
TwilightForest:tile.TFMazestone:1, Кладка из камня лабиринта
TwilightForest:tile.TFMazestone:2, Гладкая лабиринтовая кладка
TwilightForest:tile.TFMazestone:3, Декоративная лабиринтовая кладка
TwilightForest:tile.TFMazestone:4, Потресканая лабиринтовая кладка
TwilightForest:tile.TFMazestone:5, Замшелая лабиринтовая кладка
TwilightForest:tile.TFMazestone:6, Узорчатая лабиринтовая кладка
TwilightForest:tile.TFMazestone:7, Двойная узорчатая лабиринтовая кладка
TwilightForest:tile.TFHedge:0, Хеджа
TwilightForest:tile.TFBossSpawner:0, Спавнер Наги
TwilightForest:tile.TFBossSpawner:1, Спавнер Лича
TwilightForest:tile.TFBossSpawner:2, Спавнер Гидры
TwilightForest:tile.TFBossSpawner:3, Ur-ghast Spawner
TwilightForest:tile.TFBossSpawner:4, Knight Phantoms Spawner
TwilightForest:tile.TFBossSpawner:5, tile.TFBossSpawner.5.name
TwilightForest:tile.TFFireflyJar, Баночка со светлячком
TwilightForest:tile.TFPlant:3, Покров мха
TwilightForest:tile.TFPlant:4, Четырёхлистный клевер
TwilightForest:tile.TFPlant:8, Сверкающая трава
TwilightForest:tile.TFPlant:9, Светогриб
TwilightForest:tile.TFPlant:10, Лесная трава
TwilightForest:tile.TFPlant:11, Мёртвый куст
TwilightForest:tile.TFPlant:13, Факелонтовый росток
TwilightForest:tile.TFPlant:14, Висячие корни
TwilightForest:tile.TFUncraftingTable, Анти верстак
TwilightForest:tile.TFFireJet:0, Дымовой блок
TwilightForest:tile.TFFireJet:8, Огненный блок
TwilightForest:tile.TFFireJet:1, Приручённый дымок
TwilightForest:tile.TFFireJet:11, Заключённый огонёк
TwilightForest:tile.TFNagastone:1, Нагакамень
TwilightForest:tile.TFNagastone:13, Нагакамень
TwilightForest:tile.TFSapling:0, Саженец сумеречного дуба
TwilightForest:tile.TFSapling:1, Саженец сумеречной сосны
TwilightForest:tile.TFSapling:2, Саженец сумеречной берёзы
TwilightForest:tile.TFSapling:3, Саженец тёмного дерева
TwilightForest:tile.TFSapling:4, Саженец большого сумеречного дуба
TwilightForest:tile.TFSapling:5, Саженец дерева времени
TwilightForest:tile.TFSapling:6, Саженец мудрого дерева
TwilightForest:tile.TFSapling:7, Саженец дерева шахтёра
TwilightForest:tile.TFSapling:8, Саженец сортировочного дерева
TwilightForest:tile.TFSapling:9, Саженец разноцветного дерева
TwilightForest:tile.TFMoonworm, Гусеница
TwilightForest:tile.TFMagicLog:0, Дерево времени
TwilightForest:tile.TFMagicLog:1, Загадочное дерево
TwilightForest:tile.TFMagicLog:2, Дерево шахтёра
TwilightForest:tile.TFMagicLog:3, Правильное дерево
TwilightForest:tile.TFMagicLeaves:0, Листва дерева времени
TwilightForest:tile.TFMagicLeaves:1, Листва мудрого дерева
TwilightForest:tile.TFMagicLeaves:2, Листва шахтёра
TwilightForest:tile.TFMagicLeaves:3, Листва сортировки
TwilightForest:tile.TFMagicLogSpecial:0, Дерево времени
TwilightForest:tile.TFMagicLogSpecial:1, Мудрое дерево
TwilightForest:tile.TFMagicLogSpecial:2, Ядро дерева шахтёра
TwilightForest:tile.TFMagicLogSpecial:3, Ядро дерева сортировки
TwilightForest:tile.TFTowerStone:0, Планки тёмной башни
TwilightForest:tile.TFTowerStone:1, Боковые планки тёмной башни
TwilightForest:tile.TFTowerStone:2, Трестнутые планки тёмной башни
TwilightForest:tile.TFTowerStone:3, Замшелые планки тёмной башни
TwilightForest:tile.TFTowerStone:4, Инфицированные планки тёмной башни
TwilightForest:tile.TFTowerDevice:0, Восстанавливающийся блок
TwilightForest:tile.TFTowerDevice:2, Исчезающий блок
TwilightForest:tile.TFTowerDevice:4, Заблокированный восстанавливающийся блок
TwilightForest:tile.TFTowerDevice:5, Разблокированый восстанавливающийся блок
TwilightForest:tile.TFTowerDevice:6, Строитель башни
TwilightForest:tile.TFTowerDevice:9, Антистроитель
TwilightForest:tile.TFTowerDevice:10, Ловушка для гаста
TwilightForest:tile.TFTowerDevice:12, Карминитовый реактор
TwilightForest:tile.TFTowerTranslucent:0, Восстанавливающийся блок
TwilightForest:tile.TFTowerTranslucent:1, Активный восстанавливающийся блок
TwilightForest:tile.TFTowerTranslucent:2, Блок строителя башни
TwilightForest:tile.TFTowerTranslucent:3, Активный блок строители башни
TwilightForest:tile.TFTowerTranslucent:4, Анти-строитель башни
TwilightForest:tile.TFTowerTranslucent:5, Carminite Reactor Debris
TwilightForest:tile.TFTowerTranslucent:6, Поддельное золото
TwilightForest:tile.TFTowerTranslucent:7, Поддельный алмаз
TwilightForest:tile.TFTrophy:0, Трофей сумеречного леса
TwilightForest:tile.TFShield:0, Крепкий щит
TwilightForest:tile.TFTrophyPedestal:0, Трофейный пьедестал
TwilightForest:tile.TFTrophyPedestal:15, Активированный трофейный пьедестал
TwilightForest:tile.TFAuroraBrick, Блок Авроры
TwilightForest:tile.TFUnderBrick:0, Подземные кирпичи
TwilightForest:tile.TFUnderBrick:1, Потресканные поздемные кирпичи
TwilightForest:tile.TFUnderBrick:2, Замшелые подземные кирпичи
TwilightForest:tile.TFThorns:0, Шипы
TwilightForest:tile.TFThorns:1, Зелёные шипы
TwilightForest:tile.TFBurntThorns, Истлевшие шипы
TwilightForest:tile.TFThornRose, Шипастая роза
TwilightForest:tile.TFLeaves3:0, Thorn Leaves
TwilightForest:tile.TFLeaves3:1, Бобовые листья
TwilightForest:tile.TFDeadrock:0, Влажный камень смерти
TwilightForest:tile.TFDeadrock:1, Потрескавшийся камень смерти
TwilightForest:tile.TFDeadrock:2, Камень смерти
TwilightForest:tile.DarkLeaves, Листва тёмного дерева
TwilightForest:tile.AuroraPillar, Колонна Авроры
TwilightForest:tile.AuroraSlab:0, Плита Авроры
TwilightForest:tile.AuroraDoubleSlab:0, Плита Авроры
TwilightForest:tile.TrollSteinn, Тролльштеин
TwilightForest:tile.WispyCloud, Прозрачное облако
TwilightForest:tile.FluffyCloud, Взбытое облако
TwilightForest:tile.GiantCobble, Гигантский булыжник
TwilightForest:tile.GiantLog, Гигантское дерево
TwilightForest:tile.GiantLeaves, Гигантские листья
TwilightForest:tile.GiantObsidian, Гигантский обсидиан
TwilightForest:tile.UberousSoil, Анбеоновая почва
TwilightForest:tile.HugeStalk, Огромный стебель
TwilightForest:tile.HugeGloomBlock, Огромный грибрил
TwilightForest:tile.TrollVidr, Тролловидр
TwilightForest:tile.UnripeTrollBer, Спелый тролльбер
TwilightForest:tile.TrollBer, Тролльбер
TwilightForest:tile.KnightmetalBlock, Block of Knightmetal
TwilightForest:tile.HugeLilyPad, Huge Lily Pad
TwilightForest:tile.HugeWaterLily, Huge Water Lily
TwilightForest:tile.Slider:0, Slide Trap
TwilightForest:tile.Slider:1, Slide Trap 1
TwilightForest:tile.Slider:2, Slide Trap 2
TwilightForest:tile.Slider:3, Slide Trap 3
TwilightForest:tile.CastleBrick:0, Castle Brick
TwilightForest:tile.CastleBrick:1, Worn Castle Brick
TwilightForest:tile.CastleBrick:2, Cracked Castle Brick
TwilightForest:tile.CastleBrick:3, Castle Roof Tile
TwilightForest:tile.CastleMagic:0, Blue Castle Rune Brick
TwilightForest:tile.CastleMagic:1, Yellow Castle Rune Brick
TwilightForest:tile.CastleMagic:2, Pink Castle Rune Brick
TwilightForest:tile.CastleMagic:3, Violet Castle Rune Brick
TwilightForest:tile.ForceField:0, Violet Force Field
TwilightForest:tile.ForceField:1, Pink Force Field
TwilightForest:tile.ForceField:2, Orange Force Field
TwilightForest:tile.ForceField:3, Green Force Field
TwilightForest:tile.ForceField:4, Blue Force Field
TwilightForest:tile.CinderFurnaceIdle, Cinder Furnace [NYI]
TwilightForest:tile.CinderFurnaceLit, Cinder Furnace [NYI]
TwilightForest:tile.CinderLog:0, Cinder Log [NYI]
TwilightForest:tile.CastleDoor:0, Blue Castle Door
TwilightForest:tile.CastleDoorVanished:0, Blue Castle Door
TwilightForest:tile.TFPlank:0, Twilight Oak Planks
TwilightForest:tile.TFPlank:1, Canopy Planks
TwilightForest:tile.TFPlank:2, Mangrove Planks
TwilightForest:tile.TFPlank:3, Darkwood Planks
TwilightForest:tile.TFPlank:4, Timewood Planks
TwilightForest:tile.TFPlank:5, Transwood Planks
TwilightForest:tile.TFPlank:6, Minewood Planks
TwilightForest:tile.TFPlank:7, Sortingwood Planks
TaintedMagic:BlockWarpwoodLog, Искаженная древесина
TaintedMagic:BlockWarpwoodPlanks, Доски из Искаженной древесины
TaintedMagic:BlockWarpwoodLeaves, Искаженная листва
TaintedMagic:BlockWarpwoodSapling, Саженец Искаженного Дерева
TaintedMagic:BlockNightshadeBush, Атропа Белладонна
TaintedMagic:BlockLumos, Люмос
TWarden:blockExubitura, Exubitura Rose
TWarden:blockInfusedQuartzNormal, Infused Quartz Block
TWarden:blockInfusedQuartzChiseled, Chiseled Infused Quartz Block
TWarden:blockInfusedQuartzPillar, Infused Quartz Pillar Block
TWarden:blockInfusedQuartzSlab, Infused Quartz Slab
TWarden:blockInfusedQuartzStair, Infused Quartz Stair
TWarden:blockWitor, Wardenic Light
thaumicenergistics:thaumicenergistics.block.essentia.provider, Поставщик эссенции
thaumicenergistics:thaumicenergistics.block.infusion.provider, Поставщик наполнения
thaumicenergistics:thaumicenergistics.block.gear.box, Железная коробка передач
thaumicenergistics:thaumicenergistics.block.golem.gear.box, Таумическая коробка передач
thaumicenergistics:thaumicenergistics.block.essentia.cell.workbench, Верстак для ячеек эссенции
thaumicenergistics:thaumicenergistics.block.arcane.assembler, Магический сборщик
thaumicenergistics:thaumicenergistics.block.knowledge.inscriber, Высекатель знаний
thaumicenergistics:thaumicenergistics.block.essentia.vibration.chamber, [WIP]Вибрационная камера эссенции
thaumicenergistics:thaumicenergistics.block.distillation.encoder, Distillation Pattern Encoder
ThaumicExploration:autoSorter, tile.thaumicexploration:autoSorter.name
ThaumicExploration:trashJar, Oblivion Jar
ThaumicExploration:boundChest, tile.boundChest.name
ThaumicExploration:floatCandle:0, White Floating Candle
ThaumicExploration:floatCandle:1, Orange Floating Candle
ThaumicExploration:floatCandle:2, Magenta Floating Candle
ThaumicExploration:floatCandle:3, Light Blue Floating Candle
ThaumicExploration:floatCandle:4, Yellow Floating Candle
ThaumicExploration:floatCandle:5, Lime Floating Candle
ThaumicExploration:floatCandle:6, Pink Floating Candle
ThaumicExploration:floatCandle:7, Gray Floating Candle
ThaumicExploration:floatCandle:8, Light Gray Floating Candle
ThaumicExploration:floatCandle:9, Cyan Floating Candle
ThaumicExploration:floatCandle:10, Purple Floating Candle
ThaumicExploration:floatCandle:11, Blue Floating Candle
ThaumicExploration:floatCandle:12, Brown Floating Candle
ThaumicExploration:floatCandle:13, Green Floating Candle
ThaumicExploration:floatCandle:14, Red Floating Candle
ThaumicExploration:floatCandle:15, Black Floating Candle
ThaumicExploration:meltyIce, Лёд
ThaumicExploration:boundJar, Bound Jar
ThaumicExploration:thinkTankJar, Think Tank
ThaumicExploration:everfullUrn, Everfull Urn
ThaumicExploration:everburnUrn, Everburn Urn
ThaumicExploration:soulBrazier, Soul Brazier
ThaumicExploration:crucibleSouls, Crucible of Souls
ThaumicExploration:replicator, Thaumic Replicator
ThaumicHorizons:synthNode, Эфирный осколок
ThaumicHorizons:alchemite, Алхимит
ThaumicHorizons:visDynamo, Вис-генератор
ThaumicHorizons:essentiaDynamo, Конвертер эссенции
ThaumicHorizons:nodeMonitor, Узловой датчик
ThaumicHorizons:soulSieve, Сито душ
ThaumicHorizons:inspiratron, Вдохновлятор
ThaumicHorizons:soulforge, Кузня душ
ThaumicHorizons:soulJar:0, Душа существа  в банке
ThaumicHorizons:bloodInfuser, Сероконвертер
ThaumicHorizons:vat, Лечебный бак
ThaumicHorizons:vatSolid, Лечебный бак
ThaumicHorizons:vatInterior, Vat Interior
ThaumicHorizons:soulBeacon, Маяк душ
ThaumicHorizons:modMatrix, Модифицированная руническая матрица
ThaumicHorizons:chocolate, Шоколадный блок
ThaumicHorizons:evanescent, Evanescent
ThaumicHorizons:light, Сфера света
ThaumicHorizons:lightSolar, Сфера света
ThaumicHorizons:transductionAmplifier, Усилитель преобразования
ThaumicHorizons:recombinator, Телеологический рекомбинатор
ThaumicHorizons:vortexStabilizer, Стабилизатор червоточины
ThaumicHorizons:vortexTH:0, Планарная червоточина
ThaumicHorizons:vortexTH:1, Планарная червоточина (Творческий режим)
ThaumicHorizons:voidTH, Граница измерения
ThaumicHorizons:cloudTH:0, Облако
ThaumicHorizons:cloudTH:2, Грозовое облако
ThaumicHorizons:cloudTH:3, Кислотное облако
ThaumicHorizons:cloudTH:5, Облако-опухоль
ThaumicHorizons:cloudTH:8, Облако спор
ThaumicHorizons:cloudGlowingTH:1, Облако плазмы
ThaumicHorizons:cloudGlowingTH:4, Облако-сплав
ThaumicHorizons:cloudGlowingTH:6, Облако Вис
ThaumicHorizons:cloudGlowingTH:7, Облако символов
ThaumicHorizons:cloudGlowingTH:9, Живое облако
ThaumicHorizons:brainTH, Блок мозга
ThaumicHorizons:dustTH, Пыль
ThaumicHorizons:eyeTH, Кластер глаз
ThaumicHorizons:boneTH, Кость
ThaumicHorizons:fleshTH, Блок плоти
ThaumicHorizons:spikeTH, Металлический шип
ThaumicHorizons:spikeWoodTH, Деревянный шип
ThaumicHorizons:spikeToothTH, Зуб
ThaumicHorizons:crystalTH:0, Белый кристалл
ThaumicHorizons:crystalTH:1, Оранжевый кристалл
ThaumicHorizons:crystalTH:2, Сиреневый кристалл
ThaumicHorizons:crystalTH:3, Голубой кристалл
ThaumicHorizons:crystalTH:4, Жёлтый кристалл
ThaumicHorizons:crystalTH:5, Лаймовый кристалл
ThaumicHorizons:crystalTH:6, Розовый кристалл
ThaumicHorizons:crystalTH:7, Серый кристалл
ThaumicHorizons:crystalTH:8, Светло-серый кристалл
ThaumicHorizons:crystalTH:9, Бирюзовый кристалл
ThaumicHorizons:crystalTH:10, Фиолетовый кристалл
ThaumicHorizons:crystalTH:11, Синий кристалл
ThaumicHorizons:crystalTH:12, Коричневый кристалл
ThaumicHorizons:crystalTH:13, Зелёный кристалл
ThaumicHorizons:crystalTH:14, Красный кристалл
ThaumicHorizons:crystalTH:15, Чёрный кристалл
ThaumicHorizons:crystalDeep, Глубинный кристалл
ThaumicHorizons:leviathanTH, Сингулярные останки
ThaumicHorizons:slotTH, Слот для ключ-камня
ThaumicHorizons:portalTH, tile.null.name
ThaumicHorizons:gatewayTH, Планарные врата
ThermalDynamics:ThermalDynamics_0:0, Свинцовая флаксовая труба
ThermalDynamics:ThermalDynamics_0:1, Усиленная флаксовая труба
ThermalDynamics:ThermalDynamics_0:2, Красная энергетическая флаксовая труба
ThermalDynamics:ThermalDynamics_0:3, Красная энергетическая флаксовая труба (Пустая)
ThermalDynamics:ThermalDynamics_0:4, Резонирующая флаксовая труба
ThermalDynamics:ThermalDynamics_0:5, Резонирующая флаксовая труба (Пустая)
ThermalDynamics:ThermalDynamics_0:6, Криостабилизированная флаксовая труба
ThermalDynamics:ThermalDynamics_0:7, Криостабилизированная флаксовая труба (Пустая)
ThermalDynamics:ThermalDynamics_16:0, Основная жидкостная труба
ThermalDynamics:ThermalDynamics_16:1, Основная жидкостная труба (Непрозрачная)
ThermalDynamics:ThermalDynamics_16:2, Усиленная жидкостная труба
ThermalDynamics:ThermalDynamics_16:3, Усиленная жидкостная труба (Непрозрачная)
ThermalDynamics:ThermalDynamics_16:4, Покрытая флаксом жидкостная труба
ThermalDynamics:ThermalDynamics_16:5, Покрытая флаксом жидкостная труба (Непрозрачная)
ThermalDynamics:ThermalDynamics_16:6, Сверхпластичная жидкостная труба
ThermalDynamics:ThermalDynamics_16:7, Сверхпластичная жидкостная труба (Непрозрачная)
ThermalDynamics:ThermalDynamics_32:0, Предметная труба
ThermalDynamics:ThermalDynamics_32:1, Предметная труба (Непрозрачная)
ThermalDynamics:ThermalDynamics_32:2, Импульсная предметная труба
ThermalDynamics:ThermalDynamics_32:3, Импульсная предметная труба (Непрозрачная)
ThermalDynamics:ThermalDynamics_32:4, Искажающаяся предметная труба
ThermalDynamics:ThermalDynamics_32:5, Искажающаяся предметная труба (Непрозрачная)
ThermalDynamics:ThermalDynamics_32:6, Колеблющаяся предметная труба
ThermalDynamics:ThermalDynamics_32:7, Колеблющаяся предметная труба (Непрозрачная)
ThermalDynamics:ThermalDynamics_48:0, Структурная труба (Непрозрачная)
ThermalDynamics:ThermalDynamics_48:1, Светящаяся труба
ThermalDynamics:ThermalDynamics_64:0, Виадук
ThermalDynamics:ThermalDynamics_64:1, Виадук большой дальности
ThermalDynamics:ThermalDynamics_64:2, Соединяющий виадук большой дальности
ThermalDynamics:ThermalDynamics_64:3, Виадук (Необработанный)
witchery:belladonna, Беладонна
witchery:mandrake, Мандрагора
witchery:artichoke, Водный артишок
witchery:snowbell, Подснежник
witchery:wormwood, Горькая полынь
witchery:mindrake, Майндрейк
witchery:wolfsbane, Wolfsbane
witchery:garlicplant, Garlic
witchery:witchsapling:0, Рябиновый росток
witchery:witchsapling:1, Ольховый росток
witchery:witchsapling:2, Боярышниковый росток
witchery:witchlog:0, Рябина
witchery:witchlog:1, Ольха
witchery:witchlog:2, Боярышник
witchery:witchleaves:0, Рябиновые листья
witchery:witchleaves:1, Ольховые листья
witchery:witchleaves:2, Боярышниковые листья
witchery:voidbramble, Ежевика пустоты
witchery:bramble:0, Ежевика Края
witchery:bramble:1, Дикая ежевика
witchery:glintweed, Сверкающий сорняк
witchery:spanishmoss, Лишайник
witchery:leapinglily, Плавучая лилия
witchery:plantmine:0, Роза - ловушка (паутина)
witchery:plantmine:1, Роза - ловушка (чернила)
witchery:plantmine:2, Роза - ловушка (шипы)
witchery:plantmine:3, Роза - ловушка (ростки)
witchery:plantmine:4, Одуванчик - ловушка (паутина)
witchery:plantmine:5, Одуванчик - ловушка (чернила)
witchery:plantmine:6, Одуванчик - ловушка (шипы)
witchery:plantmine:7, Одуванчик - ловушка (ростки)
witchery:plantmine:8, Кустарник - ловушка (паутина)
witchery:plantmine:9, Кустарник - ловушка (чернила)
witchery:plantmine:10, Кустарник - ловушка (шипы)
witchery:plantmine:11, Кустарник - ловушка (ростки)
witchery:embermoss, Янтарный мох
witchery:crittersnare:0, Мухоловка
witchery:grassper, Щипун
witchery:bloodrose, Кровавая роза
witchery:somniancotton, Тонкий шелк
witchery:web, Web
witchery:vine, Vine
witchery:cactus, Кактус
witchery:lilypad, tile.lilypad.name
witchery:demonheart, Сердце Демона
witchery:wolfhead:0, Wolf Head
witchery:wolfhead:1, Hellhound Head
witchery:witchwood:0, Рябиновые доски
witchery:witchwood:1, Ольховые доски
witchery:witchwood:2, Боярышниковые доски
witchery:stairswoodrowan, Рябиновые ступеньки
witchery:stairswoodalder, Ольховые ступеньки
witchery:stairswoodhawthorn, Боярышниковые ступеньки
witchery:witchwoodslab:0, Рябиновая плита
witchery:witchwoodslab:1, Ольховая плита
witchery:witchwoodslab:2, Боярышниковая плита
witchery:witchwooddoubleslab:0, Рябиновая плита
witchery:witchwooddoubleslab:1, Ольховая плита
witchery:witchwooddoubleslab:2, Боярышниковая плита
witchery:rowanwooddoor, Деревянная дверь из рябины
witchery:alderwooddoor, Деревянная дверь из ольхи
witchery:chalice, Кубок
witchery:candelabra, Канделябр
witchery:placeditem, tile.witchery:placeditem.name
witchery:alluringskull, Обольстительный череп
witchery:wickerbundle:0, Торба
witchery:wickerbundle:1, Окровавленная торба
witchery:glowglobe, Сияющий початок
witchery:statuegoddess, Статуя богини
witchery:stockade:0, Частокол из дуба
witchery:stockade:1, Частокол из ели
witchery:stockade:2, Частокол из березы
witchery:stockade:3, Частокол из джунгевого дерева
witchery:stockade:4, Частокол из рябины
witchery:stockade:5, Частокол из ольхи
witchery:stockade:6, Частокол из боярышника
witchery:stockade:7, Частокол из акации
witchery:stockade:8, Частокол из темного дуба
witchery:icestockade:0, Ice Stockade
witchery:perpetualice, Вечный лед
witchery:icedoor, Ice Door
witchery:icestairs, Ice Stairs
witchery:iceslab:0, Ice Slab
witchery:icedoubleslab:0, Ice Slab
witchery:icefence, Ice Fence
witchery:icefencegate, Ice Gate
witchery:icepressureplate, Ice Pressure Plate
witchery:snowpressureplate, Snow Pressure Plate
witchery:snowstairs, Snow Stairs
witchery:snowslab:0, Snow Slab
witchery:snowdoubleslab:0, Snow Slab
witchery:infinityegg, Infinity Egg
witchery:slurp, tile.witchery:slurp.name
witchery:pitdirt, Dirt
witchery:pitgrass, Grass
witchery:garlicgarland, Garlic Garland
witchery:bloodedwool, Blood-stained Wool
witchery:shadedglass:0, White Shaded Glass
witchery:shadedglass:1, Orange Shaded Glass
witchery:shadedglass:2, Magenta Shaded Glass
witchery:shadedglass:3, Light Blue Shaded Glass
witchery:shadedglass:4, Yellow Shaded Glass
witchery:shadedglass:5, Lime Shaded Glass
witchery:shadedglass:6, Pink Shaded Glass
witchery:shadedglass:7, Gray Shaded Glass
witchery:shadedglass:8, Silver Shaded Glass
witchery:shadedglass:9, Cyan Shaded Glass
witchery:shadedglass:10, Purple Shaded Glass
witchery:shadedglass:11, Blue Shaded Glass
witchery:shadedglass:12, Brown Shaded Glass
witchery:shadedglass:13, Green Shaded Glass
witchery:shadedglass:14, Red Shaded Glass
witchery:shadedglass:15, Black Shaded Glass
witchery:shadedglass_active:0, White Shaded Glass
witchery:shadedglass_active:1, Orange Shaded Glass
witchery:shadedglass_active:2, Magenta Shaded Glass
witchery:shadedglass_active:3, Light Blue Shaded Glass
witchery:shadedglass_active:4, Yellow Shaded Glass
witchery:shadedglass_active:5, Lime Shaded Glass
witchery:shadedglass_active:6, Pink Shaded Glass
witchery:shadedglass_active:7, Gray Shaded Glass
witchery:shadedglass_active:8, Silver Shaded Glass
witchery:shadedglass_active:9, Cyan Shaded Glass
witchery:shadedglass_active:10, Purple Shaded Glass
witchery:shadedglass_active:11, Blue Shaded Glass
witchery:shadedglass_active:12, Brown Shaded Glass
witchery:shadedglass_active:13, Green Shaded Glass
witchery:shadedglass_active:14, Red Shaded Glass
witchery:shadedglass_active:15, Black Shaded Glass
witchery:mirrorwall, Mirror Surface
witchery:refillingchest, Сундук
witchery:force, Твердь
witchery:tormentstone, Пыточный камень
witchery:barrier, Барьер
witchery:leechchest, Сундук лича
witchery:altar, Алтарь
witchery:kettle, Котел
witchery:poppetshelf, Полка для кукол
witchery:dreamcatcher, Иллюзионист снов
witchery:crystalball, Хрустальный шар
witchery:spiritportal, Портал духов
witchery:tormentportal, Портал Мучений
witchery:spinningwheel, Крутящееся колесо
witchery:brazier, Жаровня
witchery:witchesovenidle, Ведьмина печь
witchery:witchesovenburning, Ведьмина печь
witchery:fumefunnel, Воронка
witchery:filteredfumefunnel, Воронка с фильтром
witchery:distilleryidle, Перегонный куб
witchery:distilleryburning, Перегонный куб
witchery:scarecrow, Пугало
witchery:trent, Фигурка Древня
witchery:witchsladder, Ведьмина лестница
witchery:decurseteleport, Статуя Отмененных призывов
witchery:decursedirected, Статуя Разрушенных проклятий
witchery:statueofworship, Статуя Покровителя Хобгоблинов
witchery:cauldron, Witch's Cauldron
witchery:wolfaltar, Wolf Altar
witchery:silvervat, Silver Vat
witchery:beartrap, Beartrap
witchery:wolftrap, Wolftrap
witchery:wallgen, tile.witchery:wallgen.name
witchery:coffinblock, Coffin
witchery:light, tile.witchery:light.name
witchery:daylightcollector, Sun Collector
witchery:bloodcrucible, Blood Crucible
witchery:mirrorblock, Mirror
witchery:mirrorblock2, Mirror
witchery:circle, Символ сердца
witchery:circleglyphritual, Ритуальный символ
witchery:circleglyphotherwhere, Потусторонний символ
witchery:circleglyphinfernal, Адский символ
witchery:spiritflowing, Flowing Spirit
witchery:hollowtears, Flowing Spirit
witchery:disease, Disease
witchery:brew, tile.witchery:brew.name
witchery:brewgas, tile.witchery:brewgas.name
witchery:brewliquid, tile.witchery:brewliquid.name
witchery:clever, Lever
witchery:cwoodendoor, Wooden Door
witchery:cwoodpressureplate, Pressure Plate
witchery:cstonepressureplate, Pressure Plate
witchery:csnowpressureplate, Snow Pressure Plate
witchery:cbuttonwood, Button
witchery:cbuttonstone, Button
IguanaTweaksTConstruct:skullBlock, tile.iguana.tcon.skull.name
aether_legacy:aether_grass:0, Райский Дёрн
aether_legacy:enchanted_aether_grass, Зачарованный Райский Дёрн
aether_legacy:aether_dirt:0, Райская земля
aether_legacy:holystone:0, Святой Камень
aether_legacy:mossy_holystone:0, Замшелый Святой Камень
aether_legacy:holystone_brick, Святой кирпич
aether_legacy:aercloud:0, Холодное Облако
aether_legacy:aercloud:1, Голубое Облако
aether_legacy:aercloud:2, Золотое Облако
aether_legacy:aerogel, Аэро-гель
aether_legacy:quicksoil:0, Быстро-песок
aether_legacy:icestone, Ледяной камень
aether_legacy:ambrosium_ore, Руда Амброзиума
aether_legacy:zanite_ore, Занитовая Руда
aether_legacy:gravitite_ore, Гравититовая Руда
aether_legacy:enchanted_gravitite, Зачарованный Гравитит
aether_legacy:zanite_block, Занитный Блок
aether_legacy:skyroot_leaves, Небесные листья
aether_legacy:golden_oak_leaves, Золотые Дубовые листья
aether_legacy:crystal_leaves, Кристальные листья
aether_legacy:crystal_fruit_leaves, Кристальная листва
aether_legacy:holiday_leaves, Фиолетовые листья
aether_legacy:decorated_holiday_leaves, Украшенные Фиолетовые листья
aether_legacy:present, Подарок
aether_legacy:skyroot_log:0, Небесное древо
aether_legacy:golden_oak_log:0, Золотой Дуб
aether_legacy:skyroot_planks, Небесные доски
aether_legacy:quicksoil_glass, Быстро-стекло
aether_legacy:ambrosium_torch, Факел из амброзиума
aether_legacy:berry_bush_stem, Саженец Ягодного Куста
aether_legacy:berry_bush, Ягодный Куст
aether_legacy:purple_flower, Фиолетовый Цветок
aether_legacy:white_flower, Белый Цветок
aether_legacy:skyroot_sapling, Саженец Райского Дуба
aether_legacy:golden_oak_sapling, Саженец Золотого Дуба
aether_legacy:enchanter:0, Алтарь
aether_legacy:freezer:0, Морозильник
aether_legacy:incubator:0, Инкубатор
aether_legacy:sun_altar, Солнечный алтарь
aether_legacy:chest_mimic, Имитатор сундука
aether_legacy:treasure_chest, Сундук с Сокровищами
aether_legacy:aether_portal, Портал Рая
aether_legacy:pillar, Колонна
aether_legacy:pillar_top, Резная колонна
aether_legacy:carved_stone, Резной Камень
aether_legacy:sentry_stone, Свето-резной Камень
aether_legacy:angelic_stone, Ангельский Камень
aether_legacy:light_angelic_stone, Свето-ангельский Камень
aether_legacy:hellfire_stone, Адский Камень
aether_legacy:light_hellfire_stone, Светло-адский Камень
aether_legacy:locked_carved_stone, Резной Камень
aether_legacy:locked_sentry_stone, Свето-резной Камень
aether_legacy:locked_angelic_stone, Ангельский Камень
aether_legacy:locked_light_angelic_stone, Свето-ангельский Камень
aether_legacy:locked_hellfire_stone, Адский Камень
aether_legacy:locked_light_hellfire_stone, Светло-адский Камень
aether_legacy:carved_trap, Резной Камень
aether_legacy:angelic_trap, Ангельский Камень
aether_legacy:hellfire_trap, Адский Камень
aether_legacy:skyroot_fence, Забор Небесного древа
aether_legacy:skyroot_fence_gate, Деревянная Калитка
aether_legacy:carved_wall, Резной Забор
aether_legacy:angelic_wall, Ангельский Забор
aether_legacy:hellfire_wall, Адский Забор
aether_legacy:holystone_wall, Ограда из Святого Камня
aether_legacy:holystone_brick_wall, Ограда из Кирпича
aether_legacy:mossy_holystone_wall, Ограда из Замшелого Булыжника
aether_legacy:aerogel_wall, Стена из аэро-геля
aether_legacy:carved_stairs, Каменные Ступеньки
aether_legacy:angelic_stairs, Ангельские Ступеньки
aether_legacy:hellfire_stairs, Адскиe Ступеньки
aether_legacy:skyroot_stairs, Ступеньки Небесного древа
aether_legacy:holystone_stairs, Каменные Ступеньки
aether_legacy:holystone_brick_stairs, Кирпичные Ступеньки
aether_legacy:mossy_holystone_stairs, Замшелые Ступеньки
aether_legacy:aerogel_stairs, Лестница из аэро-геля
aether_legacy:skyroot_double_slab, Двойная Плита из Небесного древа
aether_legacy:carved_double_slab, Каменная Двойная Плита
aether_legacy:angelic_double_slab, Ангельская Двойная Плита
aether_legacy:hellfire_double_slab, Адская Двойная Плита
aether_legacy:holystone_double_slab, Двойная Плита из Булыжника
aether_legacy:mossy_holystone_double_slab, Двойная плита из Замшелого Булыжника
aether_legacy:holystone_brick_double_slab, Двойная Плита из Кирпича
aether_legacy:aerogel_double_slab, Лестница из аэро-геля
aether_legacy:skyroot_slab:0, Плита из Небесного древа
aether_legacy:carved_slab:0, Каменная Плита
aether_legacy:angelic_slab:0, Ангельская Плита
aether_legacy:hellfire_slab:0, Адская Плита
aether_legacy:holystone_slab:0, Плита из Булыжника
aether_legacy:mossy_holystone_slab:0, Плита из Замшелого Булыжника
aether_legacy:holystone_brick_slab:0, Кирпичная Плита
aether_legacy:aerogel_slab:0, Ступеньки из аэро-геля
aether_legacy:skyroot_bookshelf, Небесная книжная полка
aether_legacy:skyroot_bed, Skyroot Bed
minecraft:record_13, Пластинка
minecraft:record_cat, Пластинка
minecraft:record_blocks, Пластинка
minecraft:record_chirp, Пластинка
minecraft:record_far, Пластинка
minecraft:record_mall, Пластинка
minecraft:record_mellohi, Пластинка
minecraft:record_stal, Пластинка
minecraft:record_strad, Пластинка
minecraft:record_ward, Пластинка
minecraft:record_11, Пластинка
minecraft:record_wait, Пластинка
Aroma1997Core:wrench, Aromic Hammer
IC2:itemHarz, ic2.itemHarz.name
IC2:itemRubber, ic2.itemRubber.name
IC2:itemFluidCell, ic2.itemFluidCell.name
IC2:itemupgradekit:0, ic2.itemMFSUupgradekit
IC2:itemRecipePart:0, ic2.itemPartCoil
IC2:itemRecipePart:1, ic2.itemPartEleMotor
IC2:itemRecipePart:2, ic2.itempowerunit
IC2:itemRecipePart:3, ic2.itempowerunitsmall
IC2:itemRecipePart:4, ic2.itemrawcrystalmemory
IC2:itemRecipePart:5, ic2.itemheatconductor
IC2:itemRecipePart:6, ic2.itemcopperboiler
IC2:itemRecipePart:7, ic2.itemwoodrotorblade
IC2:itemRecipePart:8, ic2.itemironrotorblade
IC2:itemRecipePart:9, ic2.itemcarbonrotorblade
IC2:itemRecipePart:10, ic2.itemsteelrotorblade
IC2:itemRecipePart:11, ic2.itemironshaft
IC2:itemRecipePart:12, ic2.itemsteelshaft
IC2:itemCasing:0, ic2.itemCasingCopper
IC2:itemCasing:1, ic2.itemCasingTin
IC2:itemCasing:2, ic2.itemCasingBronze
IC2:itemCasing:3, ic2.itemCasingGold
IC2:itemCasing:4, ic2.itemCasingIron
IC2:itemCasing:5, ic2.itemCasingAdvIron
IC2:itemCasing:6, ic2.itemCasingLead
IC2:itemCrushedOre:0, ic2.itemCrushedIronOre
IC2:itemCrushedOre:1, ic2.itemCrushedCopperOre
IC2:itemCrushedOre:2, ic2.itemCrushedGoldOre
IC2:itemCrushedOre:3, ic2.itemCrushedTinOre
IC2:itemCrushedOre:4, ic2.itemCrushedUranOre
IC2:itemCrushedOre:5, ic2.itemCrushedSilverOre
IC2:itemCrushedOre:6, ic2.itemCrushedLeadOre
IC2:itemPurifiedCrushedOre:0, ic2.itemPurifiedCrushedIronOre
IC2:itemPurifiedCrushedOre:1, ic2.itemPurifiedCrushedCopperOre
IC2:itemPurifiedCrushedOre:2, ic2.itemPurifiedCrushedGoldOre
IC2:itemPurifiedCrushedOre:3, ic2.itemPurifiedCrushedTinOre
IC2:itemPurifiedCrushedOre:4, ic2.itemPurifiedCrushedUranOre
IC2:itemPurifiedCrushedOre:5, ic2.itemPurifiedCrushedSilverOre
IC2:itemPurifiedCrushedOre:6, ic2.itemPurifiedCrushedLeadOre
IC2:itemPlates:0, ic2.itemPlateCopper
IC2:itemPlates:1, ic2.itemPlateTin
IC2:itemPlates:2, ic2.itemPlateBronze
IC2:itemPlates:3, ic2.itemPlateGold
IC2:itemPlates:4, ic2.itemPlateIron
IC2:itemPlates:5, ic2.itemPlateAdvIron
IC2:itemPlates:6, ic2.itemPlateLead
IC2:itemPlates:7, ic2.itemPlateObsidian
IC2:itemPlates:8, ic2.itemPlateLapi
IC2:itemDensePlates:0, ic2.itemDensePlateCopper
IC2:itemDensePlates:1, ic2.itemDensePlateTin
IC2:itemDensePlates:2, ic2.itemDensePlateBronze
IC2:itemDensePlates:3, ic2.itemDensePlateGold
IC2:itemDensePlates:4, ic2.itemDensePlateIron
IC2:itemDensePlates:5, ic2.itemDensePlateAdvIron
IC2:itemDensePlates:6, ic2.itemDensePlateLead
IC2:itemDensePlates:7, ic2.itemDensePlateObsidian
IC2:itemDensePlates:8, ic2.itemDensePlateLapi
IC2:itemTurningBlanks:349525, ic2.itemTurningBlanksIRON
IC2:itemTurningBlanksWood:209715, ic2.itemTurningBlanksWOOD
IC2:itemDustSmall:0, ic2.itemDustIronSmall
IC2:itemDustSmall:1, ic2.itemDustCopperSmall
IC2:itemDustSmall:2, ic2.itemDustGoldSmall
IC2:itemDustSmall:3, ic2.itemDustTinSmall
IC2:itemDustSmall:4, ic2.itemDustSilverSmall
IC2:itemDustSmall:5, ic2.itemDustLeadSmall
IC2:itemDustSmall:6, ic2.itemDustSulfurSmall
IC2:itemDustSmall:7, ic2.itemDustLithiumSmall
IC2:itemDustSmall:8, ic2.itemDustBronzeSmall
IC2:itemDustSmall:9, ic2.itemDustLapiSmall
IC2:itemDustSmall:10, ic2.itemDustObsidianSmall
IC2:itemDust:0, ic2.itemDustBronze
IC2:itemDust:1, ic2.itemDustClay
IC2:itemDust:2, ic2.itemDustCoal
IC2:itemDust:3, ic2.itemDustCopper
IC2:itemDust:4, ic2.itemDustGold
IC2:itemDust:5, ic2.itemDustIron
IC2:itemDust:6, ic2.itemDustSilver
IC2:itemDust:7, ic2.itemDustTin
IC2:itemDust:8, ic2.itemFuelCoalDust
IC2:itemDust:9, ic2.itemDustStone
IC2:itemDust:10, ic2.itemDustLead
IC2:itemDust:11, ic2.itemDustObsidian
IC2:itemDust:12, ic2.itemDustLapi
IC2:itemDust:13, ic2.itemDustSulfur
IC2:itemDust:14, ic2.itemDustLithium
IC2:itemDust2:0, ic2.itemDustsilicondioxide
IC2:itemDust2:1, ic2.itemDustdiamond
IC2:itemDust2:2, ic2.itemDustenergium
IC2:itemDust2:3, ic2.itemAshes
IC2:itemIngot:0, ic2.itemIngotCopper
IC2:itemIngot:1, ic2.itemIngotTin
IC2:itemIngot:2, ic2.itemIngotBronze
IC2:itemIngot:3, ic2.itemIngotAdvIron
IC2:itemIngot:4, ic2.itemIngotAlloy
IC2:itemIngot:5, ic2.itemIngotLead
IC2:itemIngot:6, ic2.itemIngotSilver
IC2:reactorLithiumCell, ic2.reactorLithiumCell.name
IC2:itemTritiumCell, ic2.itemTritiumCell.name
IC2:itemUran, ic2.itemUran.name
IC2:itemMOX, ic2.itemMOX.name
IC2:itemPlutonium, ic2.itemPlutonium.name
IC2:itemPlutoniumSmall, ic2.itemPlutoniumSmall.name
IC2:itemUran235, ic2.itemUran235.name
IC2:itemUran235small, ic2.itemUran235small.name
IC2:itemUran238, ic2.itemUran238.name
IC2:itemFuelRod, ic2.itemFuelRod.name
IC2:itemRTGPellet, ic2.itemRTGPellet.name
IC2:itemPartCircuit, ic2.itemPartCircuit.name
IC2:itemPartCircuitAdv, ic2.itemPartCircuitAdv.name
IC2:itemPartAlloy, ic2.itemPartAlloy.name
IC2:itemPartCarbonFibre, ic2.itemPartCarbonFibre.name
IC2:itemPartCarbonMesh, ic2.itemPartCarbonMesh.name
IC2:itemPartCarbonPlate, ic2.itemPartCarbonPlate.name
IC2:itemOreIridium, ic2.itemOreIridium.name
IC2:itemPartIridium, ic2.itemPartIridium.name
IC2:itemShardIridium, ic2.itemShardIridium.name
IC2:itemTreetap, ic2.itemTreetap.name
IC2:itemToolBronzePickaxe, ic2.itemToolBronzePickaxe.name
IC2:itemToolBronzeAxe, ic2.itemToolBronzeAxe.name
IC2:itemToolBronzeSword, ic2.itemToolBronzeSword.name
IC2:itemToolBronzeSpade, ic2.itemToolBronzeSpade.name
IC2:itemToolBronzeHoe, ic2.itemToolBronzeHoe.name
IC2:itemToolWrench, ic2.itemToolWrench.name
IC2:itemToolCutter, ic2.itemToolCutter.name
IC2:itemFoamSprayer, ic2.itemFoamSprayer.name
IC2:itemToolbox, ic2.itemToolbox.name
IC2:itemContainmentbox, ic2.itemContainmentbox.name
IC2:itemToolForgeHammer, ic2.itemToolForgeHammer.name
IC2:itemLathingTool, ic2.itemLathingTool.name
IC2:itemcrystalmemory, ic2.itemcrystalmemory.name
IC2:itemToolDrill, ic2.itemToolDrill.name
IC2:itemToolDDrill, ic2.itemToolDDrill.name
IC2:itemToolIridiumDrill, ic2.itemToolIridiumDrill.name
IC2:itemToolChainsaw, ic2.itemToolChainsaw.name
IC2:itemToolWrenchElectric, ic2.itemToolWrenchElectric.name
IC2:itemTreetapElectric, ic2.itemTreetapElectric.name
IC2:itemToolMiningLaser, ic2.itemToolMiningLaser.name
IC2:itemToolMEter, ic2.itemToolMEter.name
IC2:itemScanner, ic2.itemScanner.name
IC2:itemScannerAdv, ic2.itemScannerAdv.name
IC2:obscurator, ic2.obscurator.name
IC2:itemFreq, ic2.itemFreq.name
IC2:itemNanoSaber, ic2.itemNanoSaber.name
IC2:plasmaLauncher, ic2.plasmaLauncher.name
IC2:windmeter, ic2.windmeter.name
IC2:itemArmorHazmatHelmet, ic2.itemArmorHazmatHelmet.name
IC2:itemArmorHazmatChestplate, ic2.itemArmorHazmatChestplate.name
IC2:itemArmorHazmatLeggings, ic2.itemArmorHazmatLeggings.name
IC2:itemArmorRubBoots, ic2.itemArmorRubBoots.name
IC2:itemArmorBronzeHelmet, ic2.itemArmorBronzeHelmet.name
IC2:itemArmorBronzeChestplate, ic2.itemArmorBronzeChestplate.name
IC2:itemArmorBronzeLegs, ic2.itemArmorBronzeLegs.name
IC2:itemArmorBronzeBoots, ic2.itemArmorBronzeBoots.name
IC2:itemArmorAlloyChestplate, ic2.itemArmorAlloyChestplate.name
IC2:itemArmorNanoHelmet, ic2.itemArmorNanoHelmet.name
IC2:itemArmorNanoChestplate, ic2.itemArmorNanoChestplate.name
IC2:itemArmorNanoLegs, ic2.itemArmorNanoLegs.name
IC2:itemArmorNanoBoots, ic2.itemArmorNanoBoots.name
IC2:itemArmorQuantumHelmet, ic2.itemArmorQuantumHelmet.name
IC2:itemArmorQuantumChestplate, ic2.itemArmorQuantumChestplate.name
IC2:itemArmorQuantumLegs, ic2.itemArmorQuantumLegs.name
IC2:itemArmorQuantumBoots, ic2.itemArmorQuantumBoots.name
IC2:itemArmorJetpack, ic2.itemArmorJetpack.name
IC2:itemArmorJetpackElectric, ic2.itemArmorJetpackElectric.name
IC2:itemArmorBatpack, ic2.itemArmorBatpack.name
IC2:itemArmorAdvBatpack, ic2.itemArmorAdvBatpack.name
IC2:itemArmorEnergypack, ic2.itemArmorEnergypack.name
IC2:itemArmorCFPack, ic2.itemArmorCFPack.name
IC2:itemSolarHelmet, ic2.itemSolarHelmet.name
IC2:itemStaticBoots, ic2.itemStaticBoots.name
IC2:itemNightvisionGoggles, ic2.itemNightvisionGoggles.name
IC2:itemBatREDischarged, ic2.itemBatREDischarged.name
IC2:itemBatRE, ic2.itemBatRE.name
IC2:itemAdvBat, ic2.itemAdvBat.name
IC2:itemBatCrystal, ic2.itemBatCrystal.name
IC2:itemBatLamaCrystal, ic2.itemBatLamaCrystal.name
IC2:itemBatSU, ic2.itemBatSU.name
IC2:itemBatChargeRE, ic2.itemBatChargeRE.name
IC2:itemBatChargeAdv, ic2.itemBatChargeAdv.name
IC2:itemBatChargeCrystal, ic2.itemBatChargeCrystal.name
IC2:itemBatChargeLamaCrystal, ic2.itemBatChargeLamaCrystal.name
IC2:itemCable:0, ic2.itemCable
IC2:itemCable:1, ic2.itemCableO
IC2:itemCable:2, ic2.itemGoldCable
IC2:itemCable:3, ic2.itemGoldCableI
IC2:itemCable:5, ic2.itemIronCable
IC2:itemCable:6, ic2.itemIronCableI
IC2:itemCable:9, ic2.itemGlassCable
IC2:itemCable:10, ic2.itemTinCable
IC2:itemCable:11, ic2.itemDetectorCable
IC2:itemCable:12, ic2.itemSplitterCable
IC2:itemCable:13, ic2.itemTinCableI
IC2:itemCellEmpty:0, ic2.itemCellEmpty
IC2:itemCellEmpty:1, ic2.itemCellWater
IC2:itemCellEmpty:2, ic2.itemCellLava
IC2:itemCellEmpty:3, ic2.itemCellUuMatter
IC2:itemCellEmpty:4, ic2.itemCellCF
IC2:itemCellEmpty:5, ic2.itemCellAir
IC2:itemCellEmpty:6, ic2.itemCellBiomass
IC2:itemCellEmpty:7, ic2.itemCellBiogas
IC2:itemCellEmpty:8, ic2.itemCellWaterElectro
IC2:itemCellEmpty:9, ic2.itemCellCoolant
IC2:itemCellEmpty:10, ic2.itemCellHotCoolant
IC2:itemCellEmpty:11, ic2.itemCellPahoehoelava
IC2:itemCellEmpty:12, ic2.itemCellDistilledWater
IC2:itemCellEmpty:13, ic2.itemCellSuperheatedSteam
IC2:itemCellEmpty:14, ic2.itemCellSteam
IC2:itemTinCan, ic2.itemTinCan.name
IC2:itemTinCanFilled, ic2.itemTinCanFilled.name
IC2:reactorMOXSimple, ic2.reactorMOXSimple.name
IC2:reactorMOXDual, ic2.reactorMOXDual.name
IC2:reactorMOXQuad, ic2.reactorMOXQuad.name
IC2:reactorUraniumSimple, ic2.reactorUraniumSimple.name
IC2:reactorUraniumDual, ic2.reactorUraniumDual.name
IC2:reactorUraniumQuad, ic2.reactorUraniumQuad.name
IC2:reactorMOXSimpledepleted, ic2.reactorMOXSimpledepleted.name
IC2:reactorMOXDualdepleted, ic2.reactorMOXDualdepleted.name
IC2:reactorMOXQuaddepleted, ic2.reactorMOXQuaddepleted.name
IC2:reactorUraniumSimpledepleted, ic2.reactorUraniumSimpledepleted.name
IC2:reactorUraniumDualdepleted, ic2.reactorUraniumDualdepleted.name
IC2:reactorUraniumQuaddepleted, ic2.reactorUraniumQuaddepleted.name
IC2:reactorCoolantSimple, ic2.reactorCoolantSimple.name
IC2:reactorCoolantTriple, ic2.reactorCoolantTriple.name
IC2:reactorCoolantSix, ic2.reactorCoolantSix.name
IC2:reactorPlating, ic2.reactorPlating.name
IC2:reactorPlatingHeat, ic2.reactorPlatingHeat.name
IC2:reactorPlatingExplosive, ic2.reactorPlatingExplosive.name
IC2:reactorHeatSwitch, ic2.reactorHeatSwitch.name
IC2:reactorHeatSwitchCore, ic2.reactorHeatSwitchCore.name
IC2:reactorHeatSwitchSpread, ic2.reactorHeatSwitchSpread.name
IC2:reactorHeatSwitchDiamond, ic2.reactorHeatSwitchDiamond.name
IC2:reactorVent, ic2.reactorVent.name
IC2:reactorVentCore, ic2.reactorVentCore.name
IC2:reactorVentGold, ic2.reactorVentGold.name
IC2:reactorVentSpread, ic2.reactorVentSpread.name
IC2:reactorVentDiamond, ic2.reactorVentDiamond.name
IC2:reactorReflector, ic2.reactorReflector.name
IC2:reactorReflectorThick, ic2.reactorReflectorThick.name
IC2:reactorCondensator, ic2.reactorCondensator.name
IC2:reactorCondensatorLap, ic2.reactorCondensatorLap.name
IC2:itemTFBP, ic2.itemTFBP.name
IC2:itemTFBPCultivation, ic2.itemTFBPCultivation.name
IC2:itemTFBPIrrigation, ic2.itemTFBPIrrigation.name
IC2:itemTFBPChilling, ic2.itemTFBPChilling.name
IC2:itemTFBPDesertification, ic2.itemTFBPDesertification.name
IC2:itemTFBPFlatification, ic2.itemTFBPFlatification.name
IC2:itemTFBPMushroom, ic2.itemTFBPMushroom.name
IC2:itemPartCoalBall, ic2.itemPartCoalBall.name
IC2:itemPartCoalBlock, ic2.itemPartCoalBlock.name
IC2:itemPartCoalChunk, ic2.itemPartCoalChunk.name
IC2:itemPartIndustrialDiamond, ic2.itemPartIndustrialDiamond.name
IC2:itemSlag, ic2.itemSlag.name
IC2:itemScrap, ic2.itemScrap.name
IC2:itemScrapbox, ic2.itemScrapbox.name
IC2:itemFuelPlantBall, ic2.itemFuelPlantBall.name
IC2:itemBiochaff, ic2.itemBiochaff.name
IC2:itemToolPainter, ic2.itemToolPainter.name
IC2:itemToolPainterBlack, ic2.itemToolPainterBlack.name
IC2:itemToolPainterRed, ic2.itemToolPainterRed.name
IC2:itemToolPainterGreen, ic2.itemToolPainterGreen.name
IC2:itemToolPainterBrown, ic2.itemToolPainterBrown.name
IC2:itemToolPainterBlue, ic2.itemToolPainterBlue.name
IC2:itemToolPainterPurple, ic2.itemToolPainterPurple.name
IC2:itemToolPainterCyan, ic2.itemToolPainterCyan.name
IC2:itemToolPainterLightGrey, ic2.itemToolPainterLightGrey.name
IC2:itemToolPainterDarkGrey, ic2.itemToolPainterDarkGrey.name
IC2:itemToolPainterPink, ic2.itemToolPainterPink.name
IC2:itemToolPainterLime, ic2.itemToolPainterLime.name
IC2:itemToolPainterYellow, ic2.itemToolPainterYellow.name
IC2:itemToolPainterCloud, ic2.itemToolPainterCloud.name
IC2:itemToolPainterMagenta, ic2.itemToolPainterMagenta.name
IC2:itemToolPainterOrange, ic2.itemToolPainterOrange.name
IC2:itemToolPainterWhite, ic2.itemToolPainterWhite.name
IC2:itemDynamite, ic2.itemDynamite.name
IC2:itemDynamiteSticky, ic2.itemDynamiteSticky.name
IC2:itemRemote, ic2.itemRemote.name
IC2:upgradeModule:0, ic2.overclockerUpgrade
IC2:upgradeModule:1, ic2.transformerUpgrade
IC2:upgradeModule:2, ic2.energyStorageUpgrade
IC2:upgradeModule:3, ic2.ejectorUpgrade
IC2:upgradeModule:4, ic2.fluidEjectorUpgrade
IC2:upgradeModule:5, ic2.redstoneinvUpgrade
IC2:upgradeModule:6, ic2.pullingUpgrade
IC2:itemCoin, ic2.itemCoin.name
IC2:itemDoorAlloy, ic2.itemDoorAlloy.name
IC2:itemPartCFPowder, ic2.itemPartCFPowder.name
IC2:itemGrinPowder, ic2.itemGrinPowder.name
IC2:itemDebug, ic2.itemDebug.name
IC2:itemBoat:0, ic2.boatCarbon
IC2:itemBoat:1, ic2.boatRubber
IC2:itemBoat:2, ic2.boatRubberBroken
IC2:itemBoat:3, ic2.boatElectric
IC2:itemWeedingTrowel, ic2.itemWeedingTrowel.name
IC2:itemWeed, ic2.itemWeed.name
IC2:itemCropSeed, ic2.itemCropSeed.name
IC2:itemCropnalyzer, ic2.itemCropnalyzer.name
IC2:itemFertilizer, ic2.itemFertilizer.name
IC2:itemCellHydrant, ic2.itemCellHydrant.name
IC2:itemToolHoe, ic2.itemToolHoe.name
IC2:itemTerraWart, ic2.itemTerraWart.name
IC2:itemWeedEx, ic2.itemWeedEx.name
IC2:itemMugEmpty, ic2.itemMugEmpty.name
IC2:itemCofeeBeans, ic2.itemCofeeBeans.name
IC2:itemCofeePowder, ic2.itemCofeePowder.name
IC2:itemMugCoffee:0, ic2.itemMugCoffee_0
IC2:itemMugCoffee:1, ic2.itemMugCoffee_1
IC2:itemMugCoffee:2, ic2.itemMugCoffee_2
IC2:itemHops, ic2.itemHops.name
IC2:itemBarrel, ic2.itemBarrel.name
IC2:itemMugBooze, ic2.itemMugBooze.name
IC2:itemwoodrotor, ic2.itemwoodrotor.name
IC2:itemironrotor, ic2.itemironrotor.name
IC2:itemsteelrotor, ic2.itemsteelrotor.name
IC2:itemwcarbonrotor, ic2.itemwcarbonrotor.name
IC2:itemSteamTurbine, ic2.itemSteamTurbine.name
IC2:itemSteamTurbineBlade, ic2.itemSteamTurbineBlade.name
IC2:itemIronBlockCuttingBlade, ic2.itemIronBlockCuttingBlade.name
IC2:itemAdvIronBlockCuttingBlade, ic2.itemAdvIronBlockCuttingBlade.name
IC2:itemDiamondBlockCuttingBlade, ic2.itemDiamondBlockCuttingBlade.name
AdvancedSolarPanel:advanced_solar_helmet, Улучшенный солнечный шлем
AdvancedSolarPanel:hybrid_solar_helmet, Гибридный солнечный шлем
AdvancedSolarPanel:ultimate_solar_helmet, Ультимейт солнечный шлем
AdvancedSolarPanel:asp_crafting_items:0, Саннариум
AdvancedSolarPanel:asp_crafting_items:1, Сплав саннариума
AdvancedSolarPanel:asp_crafting_items:2, Излучающий уран
AdvancedSolarPanel:asp_crafting_items:3, Обогащенный саннариум
AdvancedSolarPanel:asp_crafting_items:4, Обогащенный сплав саннариума
AdvancedSolarPanel:asp_crafting_items:5, Излучающая стеклянная поверхность
AdvancedSolarPanel:asp_crafting_items:6, Иридиевая-железная пластина
AdvancedSolarPanel:asp_crafting_items:7, Армированная иридиевая-железная пластина
AdvancedSolarPanel:asp_crafting_items:8, Излучающая армированная пластина
AdvancedSolarPanel:asp_crafting_items:9, Часть саннариума
AdvancedSolarPanel:asp_crafting_items:10, Слиток иридия
AdvancedSolarPanel:asp_crafting_items:11, Слиток урана
AdvancedSolarPanel:asp_crafting_items:12, Ядро молекулярного преобразователя
AdvancedSolarPanel:asp_crafting_items:13, Квантовое ядро
appliedenergistics2:item.ToolCertusQuartzAxe, Топор из истинного кварца
appliedenergistics2:item.ToolCertusQuartzHoe, Мотыга из истинного кварца
appliedenergistics2:item.ToolCertusQuartzSpade, Лопата из истинного кварца
appliedenergistics2:item.ToolCertusQuartzPickaxe, Кирка из истинного кварца
appliedenergistics2:item.ToolCertusQuartzSword, Меч из истинного кварца
appliedenergistics2:item.ToolCertusQuartzWrench, Гаечный ключ из истинного кварца
appliedenergistics2:item.ToolCertusQuartzCuttingKnife, Нож из истинного кварца
appliedenergistics2:item.ToolNetherQuartzAxe, Топор из кварца Нижнего мира
appliedenergistics2:item.ToolNetherQuartzHoe, Мотыга из кварца Нижнего мира
appliedenergistics2:item.ToolNetherQuartzSpade, Лопата из кварца Нижнего мира
appliedenergistics2:item.ToolNetherQuartzPickaxe, Кирка из кварца Нижнего мира
appliedenergistics2:item.ToolNetherQuartzSword, Меч из кварца Нижнего мира
appliedenergistics2:item.ToolNetherQuartzWrench, Гаечный ключ из кварца Нижнего мира
appliedenergistics2:item.ToolNetherQuartzCuttingKnife, Нож из кварца Нижнего мира
appliedenergistics2:item.ToolEntropyManipulator, Манипулятор энтропии
appliedenergistics2:item.ToolWirelessTerminal, Беспроводной терминал
appliedenergistics2:item.ToolBiometricCard, Биометрическая карта
appliedenergistics2:item.ToolChargedStaff, Заряженный посох
appliedenergistics2:item.ToolMassCannon, Материальная пушка
appliedenergistics2:item.ToolMemoryCard, Карта памяти
appliedenergistics2:item.ToolNetworkTool, Сетевой инструмент
appliedenergistics2:item.ToolPortableCell, Переносная ячейка
appliedenergistics2:item.ItemCreativeStorageCell, Творческая МЭ ячейка хранения
appliedenergistics2:item.ItemViewCell, Ячейка представления
appliedenergistics2:item.ItemBasicStorageCell.1k, 1К МЭ ячейка хранения
appliedenergistics2:item.ItemBasicStorageCell.4k, 4К МЭ ячейка хранения
appliedenergistics2:item.ItemBasicStorageCell.16k, 16К МЭ ячейка хранения
appliedenergistics2:item.ItemBasicStorageCell.64k, 64К МЭ ячейка хранения
appliedenergistics2:item.ItemSpatialStorageCell.2Cubed, 2³ пространственная ячейка хранения
appliedenergistics2:item.ItemSpatialStorageCell.16Cubed, 16³ пространственная ячейка хранения
appliedenergistics2:item.ItemSpatialStorageCell.128Cubed, 128³ пространственная ячейка хранения
appliedenergistics2:item.ItemFacade:0, Кабельный фасад - Камень
appliedenergistics2:item.ItemFacade:0, Кабельный фасад - Земля
appliedenergistics2:item.ItemFacade:0, Кабельный фасад - Подзол
appliedenergistics2:item.ItemFacade:0, Кабельный фасад - Булыжник
appliedenergistics2:item.ItemFacade:0, Кабельный фасад - Дубовые доски
appliedenergistics2:item.ItemFacade:0, Кабельный фасад - Еловые доски
appliedenergistics2:item.ItemFacade:0, Кабельный фасад - Берёзовые доски
appliedenergistics2:item.ItemFacade:0, Кабельный фасад - Доски из тропического дерева
appliedenergistics2:item.ItemFacade:0, Кабельный фасад - Доски из акации
appliedenergistics2:item.ItemFacade:0, Кабельный фасад - Доски из тёмного дуба
appliedenergistics2:item.ItemFacade:0, Кабельный фасад - Бедрок
appliedenergistics2:item.ItemFacade:0, Кабельный фасад - Песок
appliedenergistics2:item.ItemFacade:0, Кабельный фасад - Красный песок
appliedenergistics2:item.ItemFacade:0, Кабельный фасад - Гравий
appliedenergistics2:item.ItemFacade:0, Кабельный фасад - Золотая руда
appliedenergistics2:item.ItemFacade:0, Кабельный фасад - Железная руда
appliedenergistics2:item.ItemFacade:0, Кабельный фасад - Уголь
appliedenergistics2:item.ItemFacade:0, Кабельный фасад - Дуб
appliedenergistics2:item.ItemFacade:0, Кабельный фасад - Ель
appliedenergistics2:item.ItemFacade:0, Кабельный фасад - Берёза
appliedenergistics2:item.ItemFacade:0, Кабельный фасад - Тропическое дерево
appliedenergistics2:item.ItemFacade:0, Кабельный фасад - Губка
appliedenergistics2:item.ItemFacade:0, Кабельный фасад - Стекло
appliedenergistics2:item.ItemFacade:0, Кабельный фасад - Лазуритовая руда
appliedenergistics2:item.ItemFacade:0, Кабельный фасад - Блок лазурита
appliedenergistics2:item.ItemFacade:0, Кабельный фасад - Песчаник
appliedenergistics2:item.ItemFacade:0, Кабельный фасад - Резной песчаник
appliedenergistics2:item.ItemFacade:0, Кабельный фасад - Гладкий песчаник
appliedenergistics2:item.ItemFacade:0, Кабельный фасад - Шерсть
appliedenergistics2:item.ItemFacade:0, Кабельный фасад - Оранжевая шерсть
appliedenergistics2:item.ItemFacade:0, Кабельный фасад - Пурпурная шерсть
appliedenergistics2:item.ItemFacade:0, Кабельный фасад - Голубая шерсть
appliedenergistics2:item.ItemFacade:0, Кабельный фасад - Желтая шерсть
appliedenergistics2:item.ItemFacade:0, Кабельный фасад - Лаймовая шерсть
appliedenergistics2:item.ItemFacade:0, Кабельный фасад - Розовая шерсть
appliedenergistics2:item.ItemFacade:0, Кабельный фасад - Серая шерсть
appliedenergistics2:item.ItemFacade:0, Кабельный фасад - Светло-серая шерсть
appliedenergistics2:item.ItemFacade:0, Кабельный фасад - Бирюзовая шерсть
appliedenergistics2:item.ItemFacade:0, Кабельный фасад - Фиолетовая шерсть
appliedenergistics2:item.ItemFacade:0, Кабельный фасад - Синяя шерсть
appliedenergistics2:item.ItemFacade:0, Кабельный фасад - Коричневая шерсть
appliedenergistics2:item.ItemFacade:0, Кабельный фасад - Зеленая шерсть
appliedenergistics2:item.ItemFacade:0, Кабельный фасад - Красная шерсть
appliedenergistics2:item.ItemFacade:0, Кабельный фасад - Черная шерсть
appliedenergistics2:item.ItemFacade:0, Кабельный фасад - Золотой блок
appliedenergistics2:item.ItemFacade:0, Кабельный фасад - Железный блок
appliedenergistics2:item.ItemFacade:0, Кабельный фасад - Кирпичи
appliedenergistics2:item.ItemFacade:0, Кабельный фасад - Динамит
appliedenergistics2:item.ItemFacade:0, Кабельный фасад - Книжная полка
appliedenergistics2:item.ItemFacade:0, Кабельный фасад - Замшелый булыжник
appliedenergistics2:item.ItemFacade:0, Кабельный фасад - Обсидиан
appliedenergistics2:item.ItemFacade:0, Кабельный фасад - Алмазная руда
appliedenergistics2:item.ItemFacade:0, Кабельный фасад - Алмазный блок
appliedenergistics2:item.ItemFacade:0, Кабельный фасад - Верстак
appliedenergistics2:item.ItemFacade:0, Кабельный фасад - Красная руда
appliedenergistics2:item.ItemFacade:0, Кабельный фасад - Глина
appliedenergistics2:item.ItemFacade:0, Кабельный фасад - Адский камень
appliedenergistics2:item.ItemFacade:0, Кабельный фасад - Песок душ
appliedenergistics2:item.ItemFacade:0, Кабельный фасад - Светящийся камень
appliedenergistics2:item.ItemFacade:0, Кабельный фасад - Белое стекло
appliedenergistics2:item.ItemFacade:0, Кабельный фасад - Оранжевое стекло
appliedenergistics2:item.ItemFacade:0, Кабельный фасад - Пурпурное стекло
appliedenergistics2:item.ItemFacade:0, Кабельный фасад - Голубое стекло
appliedenergistics2:item.ItemFacade:0, Кабельный фасад - Жёлтое стекло
appliedenergistics2:item.ItemFacade:0, Кабельный фасад - Лаймовое стекло
appliedenergistics2:item.ItemFacade:0, Кабельный фасад - Розовое стекло
appliedenergistics2:item.ItemFacade:0, Кабельный фасад - Серое стекло
appliedenergistics2:item.ItemFacade:0, Кабельный фасад - Светло-серое стекло
appliedenergistics2:item.ItemFacade:0, Кабельный фасад - Бирюзовое стекло
appliedenergistics2:item.ItemFacade:0, Кабельный фасад - Фиолетовое стекло
appliedenergistics2:item.ItemFacade:0, Кабельный фасад - Синее стекло
appliedenergistics2:item.ItemFacade:0, Кабельный фасад - Коричневое стекло
appliedenergistics2:item.ItemFacade:0, Кабельный фасад - Зелёное стекло
appliedenergistics2:item.ItemFacade:0, Кабельный фасад - Красное стекло
appliedenergistics2:item.ItemFacade:0, Кабельный фасад - Чёрное стекло
appliedenergistics2:item.ItemFacade:0, Кабельный фасад - Камень с монстрами
appliedenergistics2:item.ItemFacade:0, Кабельный фасад - Булыжник с монстрами
appliedenergistics2:item.ItemFacade:0, Кабельный фасад - Каменный кирпич с монстрами
appliedenergistics2:item.ItemFacade:0, Кабельный фасад - Замшелый каменный кирпич с монстрами
appliedenergistics2:item.ItemFacade:0, Кабельный фасад - Потрескавшийся каменный кирпич с монстрами
appliedenergistics2:item.ItemFacade:0, Кабельный фасад - Резной каменный кирпич с монстрами
appliedenergistics2:item.ItemFacade:0, Кабельный фасад - Каменные кирпичи
appliedenergistics2:item.ItemFacade:0, Кабельный фасад - Замшелые каменные кирпичи
appliedenergistics2:item.ItemFacade:0, Кабельный фасад - Потресканные каменные кирпичи
appliedenergistics2:item.ItemFacade:0, Кабельный фасад - Резные каменные кирпичи
appliedenergistics2:item.ItemFacade:0, Кабельный фасад - Гриб
appliedenergistics2:item.ItemFacade:0, Кабельный фасад - Гриб
appliedenergistics2:item.ItemFacade:0, Кабельный фасад - Арбуз
appliedenergistics2:item.ItemFacade:0, Кабельный фасад - Адские кирпичи
appliedenergistics2:item.ItemFacade:0, Кабельный фасад - Эндерняк
appliedenergistics2:item.ItemFacade:0, Кабельный фасад - Лампа
appliedenergistics2:item.ItemFacade:0, Кабельный фасад - Изумрудная руда
appliedenergistics2:item.ItemFacade:0, Кабельный фасад - Изумрудный блок
appliedenergistics2:item.ItemFacade:0, Кабельный фасад - Блок красного камня
appliedenergistics2:item.ItemFacade:0, Кабельный фасад - Кварцевая руда
appliedenergistics2:item.ItemFacade:0, Кабельный фасад - Кварцевый блок
appliedenergistics2:item.ItemFacade:0, Кабельный фасад - Резной кварцевый блок
appliedenergistics2:item.ItemFacade:0, Кабельный фасад - Кварцевая колонна
appliedenergistics2:item.ItemFacade:0, Кабельный фасад - Белая обожжённая глина
appliedenergistics2:item.ItemFacade:0, Кабельный фасад - Оранжевая обожжённая глина
appliedenergistics2:item.ItemFacade:0, Кабельный фасад - Пурпурная обожжённая глина
appliedenergistics2:item.ItemFacade:0, Кабельный фасад - Голубая обожжённая глина
appliedenergistics2:item.ItemFacade:0, Кабельный фасад - Жёлтая обожжённая глина
appliedenergistics2:item.ItemFacade:0, Кабельный фасад - Лаймовая обожжённая глина
appliedenergistics2:item.ItemFacade:0, Кабельный фасад - Розовая обожжённая глина
appliedenergistics2:item.ItemFacade:0, Кабельный фасад - Серая обожжённая глина
appliedenergistics2:item.ItemFacade:0, Кабельный фасад - Светло-серая обожжённая глина
appliedenergistics2:item.ItemFacade:0, Кабельный фасад - Бирюзовая обожжённая глина
appliedenergistics2:item.ItemFacade:0, Кабельный фасад - Фиолетовая обожжённая глина
appliedenergistics2:item.ItemFacade:0, Кабельный фасад - Синяя обожжённая глина
appliedenergistics2:item.ItemFacade:0, Кабельный фасад - Коричневая обожжённая глина
appliedenergistics2:item.ItemFacade:0, Кабельный фасад - Зелёная обожжённая глина
appliedenergistics2:item.ItemFacade:0, Кабельный фасад - Красная обожжённая глина
appliedenergistics2:item.ItemFacade:0, Кабельный фасад - Чёрная обожжённая глина
appliedenergistics2:item.ItemFacade:0, Кабельный фасад - Древесина акации
appliedenergistics2:item.ItemFacade:0, Кабельный фасад - Древесина тёмного дуба
appliedenergistics2:item.ItemFacade:0, Кабельный фасад - ic2.blockOreCopper
appliedenergistics2:item.ItemFacade:0, Кабельный фасад - ic2.blockOreTin
appliedenergistics2:item.ItemFacade:0, Кабельный фасад - ic2.blockOreUran
appliedenergistics2:item.ItemFacade:0, Кабельный фасад - ic2.blockOreLead
appliedenergistics2:item.ItemFacade:0, Кабельный фасад - Сноп сена
appliedenergistics2:item.ItemFacade:0, Кабельный фасад - Обожжёная глина
appliedenergistics2:item.ItemFacade:0, Кабельный фасад - Угольный блок
appliedenergistics2:item.ItemFacade:0, Кабельный фасад - Плотный лёд
appliedenergistics2:item.ItemFacade:0, Кабельный фасад - ic2.blockAlloy
appliedenergistics2:item.ItemFacade:0, Кабельный фасад - ic2.blockBasalt
appliedenergistics2:item.ItemFacade:0, Кабельный фасад - ic2.blockMetalCopper
appliedenergistics2:item.ItemFacade:0, Кабельный фасад - ic2.blockMetalTin
appliedenergistics2:item.ItemFacade:0, Кабельный фасад - ic2.blockMetalBronze
appliedenergistics2:item.ItemFacade:0, Кабельный фасад - ic2.blockMetalUranium
appliedenergistics2:item.ItemFacade:0, Кабельный фасад - ic2.blockMetalLead
appliedenergistics2:item.ItemFacade:0, Кабельный фасад - ic2.blockMetalAdvIron
appliedenergistics2:item.ItemFacade:0, Кабельный фасад - ic2.blockITNT
appliedenergistics2:item.ItemFacade:0, Кабельный фасад - Блок истинного кварца
appliedenergistics2:item.ItemFacade:0, Кабельный фасад - Колонна истинного кварца
appliedenergistics2:item.ItemFacade:0, Кабельный фасад - Резной блок истинного кварца
appliedenergistics2:item.ItemFacade:0, Кабельный фасад - Изменчивый блок
appliedenergistics2:item.ItemFacade:0, Кабельный фасад - Небесный камень
appliedenergistics2:item.ItemFacade:0, Кабельный фасад - Блок небесного камня
appliedenergistics2:item.ItemFacade:0, Кабельный фасад - Кирпич небесного камня
appliedenergistics2:item.ItemFacade:0, Кабельный фасад - Малый кирпич небесного камня
appliedenergistics2:item.ItemFacade:0, Кабельный фасад - Sky Stone Slabs
appliedenergistics2:item.ItemFacade:0, Кабельный фасад - Sky Stone Block Slabs
appliedenergistics2:item.ItemFacade:0, Кабельный фасад - Sky Stone Brick Slabs
appliedenergistics2:item.ItemFacade:0, Кабельный фасад - Sky Stone Small Brick Slabs
appliedenergistics2:item.ItemFacade:0, Кабельный фасад - Fluix Slabs
appliedenergistics2:item.ItemFacade:0, Кабельный фасад - Certus Quartz Slabs
appliedenergistics2:item.ItemFacade:0, Кабельный фасад - Chiseled Certus Quartz Slabs
appliedenergistics2:item.ItemFacade:0, Кабельный фасад - Certus Quartz Pillar Slabs
appliedenergistics2:item.ItemFacade:0, Кабельный фасад - Portal Frame
appliedenergistics2:item.ItemFacade:0, Кабельный фасад - Sticky Ore
appliedenergistics2:item.ItemFacade:0, Кабельный фасад - Фабричный блок механизма
appliedenergistics2:item.ItemFacade:0, Кабельный фасад - Древесина гевеи
appliedenergistics2:item.ItemFacade:0, Кабельный фасад - Древесина гевеи
appliedenergistics2:item.ItemFacade:0, Кабельный фасад - Цветное стекло (Белое)
appliedenergistics2:item.ItemFacade:0, Кабельный фасад - Дорожка
appliedenergistics2:item.ItemFacade:0, Кабельный фасад - Блок пластика
appliedenergistics2:item.ItemFacade:0, Кабельный фасад - Ледяные кирпичи
appliedenergistics2:item.ItemFacade:0, Кабельный фасад - Гладкий чёрный камень
appliedenergistics2:item.ItemFacade:0, Кабельный фасад - Древесина великого дерева
appliedenergistics2:item.ItemFacade:0, Кабельный фасад - Древесина серебряного дерева
appliedenergistics2:item.ItemFacade:0, Кабельный фасад - Зачарованная книжная полка
appliedenergistics2:item.ItemFacade:0, Кабельный фасад - Заколдованная книжная полка
appliedenergistics2:item.ItemFacade:0, Кабельный фасад - Блок памяти
appliedenergistics2:item.ItemFacade:0, Кабельный фасад - Руннический обсидиан
appliedenergistics2:item.ItemFacade:0, Кабельный фасад - Рунный обсидиан (Гора)
appliedenergistics2:item.ItemFacade:0, Кабельный фасад - Рунный обсидиан (Море)
appliedenergistics2:item.ItemFacade:0, Кабельный фасад - Рунный обсидиан (Кристалл)
appliedenergistics2:item.ItemFacade:0, Кабельный фасад - Рунный обсидиан (Свет)
appliedenergistics2:item.ItemFacade:0, Кабельный фасад - Рунный обсидиан (Душа)
appliedenergistics2:item.ItemFacade:0, Кабельный фасад - Рунный обсидиан (Быстрота)
appliedenergistics2:item.ItemFacade:0, Кабельный фасад - Runed Obsidian (Zombie)
appliedenergistics2:item.ItemFacade:0, Кабельный фасад - Runed Obsidian (Blaze)
appliedenergistics2:item.ItemFacade:0, Кабельный фасад - Runed Obsidian (Ghast)
appliedenergistics2:item.ItemFacade:0, Кабельный фасад - Runed Obsidian (Skull)
appliedenergistics2:item.ItemFacade:0, Кабельный фасад - Runed Obsidian (Slime)
appliedenergistics2:item.ItemFacade:0, Кабельный фасад - Runed Obsidian (Bat)
appliedenergistics2:item.ItemFacade:0, Кабельный фасад - Runed Obsidian (Wisp)
appliedenergistics2:item.ItemFacade:0, Кабельный фасад - Кровавая руна
appliedenergistics2:item.ItemFacade:0, Кабельный фасад - Руна дополнительной ёмкости
appliedenergistics2:item.ItemFacade:0, Кабельный фасад - Руна дислокации
appliedenergistics2:item.ItemFacade:0, Кабельный фасад - Руна шара
appliedenergistics2:item.ItemFacade:0, Кабельный фасад - Руна улучшенной ёмкости
appliedenergistics2:item.ItemFacade:0, Кабельный фасад - Руна ускорения
appliedenergistics2:item.ItemFacade:0, Кабельный фасад - Руна скорости
appliedenergistics2:item.ItemFacade:0, Кабельный фасад - Руна эффективности
appliedenergistics2:item.ItemFacade:0, Кабельный фасад - Руна жертвоприношения
appliedenergistics2:item.ItemFacade:0, Кабельный фасад - Руна самопожертвования
appliedenergistics2:item.ItemFacade:0, Кабельный фасад - Ритуальный камень
appliedenergistics2:item.ItemFacade:0, Кабельный фасад - Несовершенный ритуальный камень
appliedenergistics2:item.ItemFacade:0, Кабельный фасад - Кузница душевной брони
appliedenergistics2:item.ItemFacade:0, Кабельный фасад - Кровавый кирпич
appliedenergistics2:item.ItemFacade:0, Кабельный фасад - Большой кровавый кирпич
appliedenergistics2:item.ItemFacade:0, Кабельный фасад - Кристальное скопление
appliedenergistics2:item.ItemFacade:0, Кабельный фасад - Кирпич кристального скопления
appliedenergistics2:item.ItemFacade:0, Кабельный фасад - Глиф искусного зачарователя
appliedenergistics2:item.ItemFacade:0, Кабельный фасад - Глиф магической силы
appliedenergistics2:item.ItemFacade:0, Кабельный фасад - Глиф непреклонный стабильности
appliedenergistics2:item.ItemFacade:0, Кабельный фасад - Жизнекамень
appliedenergistics2:item.ItemFacade:0, Кабельный фасад - Кирпич из жизнекамня
appliedenergistics2:item.ItemFacade:0, Кабельный фасад - Замшелый кирпич из жизнекамня
appliedenergistics2:item.ItemFacade:0, Кабельный фасад - Потрескавшийся кирпич из жизнекамня
appliedenergistics2:item.ItemFacade:0, Кабельный фасад - Обрамленный кирпич из жизнекамня
appliedenergistics2:item.ItemFacade:0, Кабельный фасад - Жизнедерево
appliedenergistics2:item.ItemFacade:0, Кабельный фасад - Доски из жизнедерева
appliedenergistics2:item.ItemFacade:0, Кабельный фасад - Замшелые доски из жизнедерева
appliedenergistics2:item.ItemFacade:0, Кабельный фасад - Обрамленное жизнедерево
appliedenergistics2:item.ItemFacade:0, Кабельный фасад - Резное жизнедерево
appliedenergistics2:item.ItemFacade:0, Кабельный фасад - Светящееся жизнедерево
appliedenergistics2:item.ItemFacade:0, Кабельный фасад - Алхимический катализатор
appliedenergistics2:item.ItemFacade:0, Кабельный фасад - Блок манастали
appliedenergistics2:item.ItemFacade:0, Кабельный фасад - Блок террастали
appliedenergistics2:item.ItemFacade:0, Кабельный фасад - Блок элементия
appliedenergistics2:item.ItemFacade:0, Кабельный фасад - Block of Mana Diamond
appliedenergistics2:item.ItemFacade:0, Кабельный фасад - Block of Dragonstone
appliedenergistics2:item.ItemFacade:0, Кабельный фасад - Древесина мечтаний
appliedenergistics2:item.ItemFacade:0, Кабельный фасад - Доски из древесины мечтаний
appliedenergistics2:item.ItemFacade:0, Кабельный фасад - Замшелые доски из древесины мечтаний
appliedenergistics2:item.ItemFacade:0, Кабельный фасад - Обрамленная древесина мечтаний
appliedenergistics2:item.ItemFacade:0, Кабельный фасад - Резная древесина мечтаний
appliedenergistics2:item.ItemFacade:0, Кабельный фасад - Светящаяся древесина мечтаний
appliedenergistics2:item.ItemFacade:0, Кабельный фасад - Колдовской катализатор
appliedenergistics2:item.ItemFacade:0, Кабельный фасад - Призмарин
appliedenergistics2:item.ItemFacade:0, Кабельный фасад - Призмариновые кирпичи
appliedenergistics2:item.ItemFacade:0, Кабельный фасад - Тёмный призмарин
appliedenergistics2:item.ItemFacade:0, Кабельный фасад - Морской светильник
appliedenergistics2:item.ItemFacade:0, Кабельный фасад - Тростниковый блок
appliedenergistics2:item.ItemFacade:0, Кабельный фасад - Солома
appliedenergistics2:item.ItemFacade:0, Кабельный фасад - Адский кирпич
appliedenergistics2:item.ItemFacade:0, Кабельный фасад - Душевный кирпич
appliedenergistics2:item.ItemFacade:0, Кабельный фасад - Ледяной кирпич
appliedenergistics2:item.ItemFacade:0, Кабельный фасад - Черепица
appliedenergistics2:item.ItemFacade:0, Кабельный фасад - Азулежу
appliedenergistics2:item.ItemFacade:0, Кабельный фасад - Азулежу
appliedenergistics2:item.ItemFacade:0, Кабельный фасад - Азулежу
appliedenergistics2:item.ItemFacade:0, Кабельный фасад - Азулежу
appliedenergistics2:item.ItemFacade:0, Кабельный фасад - Азулежу
appliedenergistics2:item.ItemFacade:0, Кабельный фасад - Азулежу
appliedenergistics2:item.ItemFacade:0, Кабельный фасад - Азулежу
appliedenergistics2:item.ItemFacade:0, Кабельный фасад - Азулежу
appliedenergistics2:item.ItemFacade:0, Кабельный фасад - Азулежу
appliedenergistics2:item.ItemFacade:0, Кабельный фасад - Азулежу
appliedenergistics2:item.ItemFacade:0, Кабельный фасад - Азулежу
appliedenergistics2:item.ItemFacade:0, Кабельный фасад - Азулежу
appliedenergistics2:item.ItemFacade:0, Кабельный фасад - Enchanted Soil
appliedenergistics2:item.ItemFacade:0, Кабельный фасад - White Petal Block
appliedenergistics2:item.ItemFacade:0, Кабельный фасад - Orange Petal Block
appliedenergistics2:item.ItemFacade:0, Кабельный фасад - Magenta Petal Block
appliedenergistics2:item.ItemFacade:0, Кабельный фасад - Light Blue Petal Block
appliedenergistics2:item.ItemFacade:0, Кабельный фасад - Yellow Petal Block
appliedenergistics2:item.ItemFacade:0, Кабельный фасад - Lime Petal Block
appliedenergistics2:item.ItemFacade:0, Кабельный фасад - Pink Petal Block
appliedenergistics2:item.ItemFacade:0, Кабельный фасад - Gray Petal Block
appliedenergistics2:item.ItemFacade:0, Кабельный фасад - Light Gray Petal Block
appliedenergistics2:item.ItemFacade:0, Кабельный фасад - Cyan Petal Block
appliedenergistics2:item.ItemFacade:0, Кабельный фасад - Purple Petal Block
appliedenergistics2:item.ItemFacade:0, Кабельный фасад - Blue Petal Block
appliedenergistics2:item.ItemFacade:0, Кабельный фасад - Brown Petal Block
appliedenergistics2:item.ItemFacade:0, Кабельный фасад - Green Petal Block
appliedenergistics2:item.ItemFacade:0, Кабельный фасад - Red Petal Block
appliedenergistics2:item.ItemFacade:0, Кабельный фасад - Black Petal Block
appliedenergistics2:item.ItemFacade:0, Кабельный фасад - End Stone Bricks
appliedenergistics2:item.ItemFacade:0, Кабельный фасад - Chiseled End Stone Brick
appliedenergistics2:item.ItemFacade:0, Кабельный фасад - Ender Bricks
appliedenergistics2:item.ItemFacade:0, Кабельный фасад - Pillar Ender Bricks
appliedenergistics2:item.ItemFacade:0, Кабельный фасад - Blaze Lamp
appliedenergistics2:item.ItemFacade:0, Кабельный фасад - Living Root
appliedenergistics2:item.ItemFacade:0, Кабельный фасад - Fel Pumpkin
appliedenergistics2:item.ItemFacade:0, Кабельный фасад - Manastorm Charge
appliedenergistics2:item.ItemFacade:0, Кабельный фасад - Shimmerrock
appliedenergistics2:item.ItemFacade:0, Кабельный фасад - Shimmerwood Planks
appliedenergistics2:item.ItemFacade:0, Кабельный фасад - Metamorphic Forest Stone
appliedenergistics2:item.ItemFacade:0, Кабельный фасад - Metamorphic Plains Stone
appliedenergistics2:item.ItemFacade:0, Кабельный фасад - Metamorphic Mountain Stone
appliedenergistics2:item.ItemFacade:0, Кабельный фасад - Metamorphic Fungal Stone
appliedenergistics2:item.ItemFacade:0, Кабельный фасад - Metamorphic Swamp Stone
appliedenergistics2:item.ItemFacade:0, Кабельный фасад - Metamorphic Desert Stone
appliedenergistics2:item.ItemFacade:0, Кабельный фасад - Metamorphic Taiga Stone
appliedenergistics2:item.ItemFacade:0, Кабельный фасад - Metamorphic Mesa Stone
appliedenergistics2:item.ItemFacade:0, Кабельный фасад - Metamorphic Forest Cobblestone
appliedenergistics2:item.ItemFacade:0, Кабельный фасад - Metamorphic Plains Cobblestone
appliedenergistics2:item.ItemFacade:0, Кабельный фасад - Metamorphic Mountain Cobblestone
appliedenergistics2:item.ItemFacade:0, Кабельный фасад - Metamorphic Fungal Cobblestone
appliedenergistics2:item.ItemFacade:0, Кабельный фасад - Metamorphic Swamp Cobblestone
appliedenergistics2:item.ItemFacade:0, Кабельный фасад - Metamorphic Desert Cobblestone
appliedenergistics2:item.ItemFacade:0, Кабельный фасад - Metamorphic Taiga Cobblestone
appliedenergistics2:item.ItemFacade:0, Кабельный фасад - Metamorphic Mesa Cobblestone
appliedenergistics2:item.ItemFacade:0, Кабельный фасад - Metamorphic Forest Stone Bricks
appliedenergistics2:item.ItemFacade:0, Кабельный фасад - Metamorphic Plains Stone Bricks
appliedenergistics2:item.ItemFacade:0, Кабельный фасад - Metamorphic Mountain Stone Bricks
appliedenergistics2:item.ItemFacade:0, Кабельный фасад - Metamorphic Fungal Stone Bricks
appliedenergistics2:item.ItemFacade:0, Кабельный фасад - Metamorphic Swamp Stone Bricks
appliedenergistics2:item.ItemFacade:0, Кабельный фасад - Metamorphic Desert Stone Bricks
appliedenergistics2:item.ItemFacade:0, Кабельный фасад - Metamorphic Taiga Stone Bricks
appliedenergistics2:item.ItemFacade:0, Кабельный фасад - Metamorphic Mesa Stone Bricks
appliedenergistics2:item.ItemFacade:0, Кабельный фасад - Chiseled Metamorphic Forest Stone Brick
appliedenergistics2:item.ItemFacade:0, Кабельный фасад - Chiseled Metamorphic Plains Stone Brick
appliedenergistics2:item.ItemFacade:0, Кабельный фасад - Chiseled Metamorphic Mountain Stone Brick
appliedenergistics2:item.ItemFacade:0, Кабельный фасад - Chiseled Metamorphic Fungal Stone Brick
appliedenergistics2:item.ItemFacade:0, Кабельный фасад - Chiseled Metamorphic Swamp Stone Brick
appliedenergistics2:item.ItemFacade:0, Кабельный фасад - Chiseled Metamorphic Desert Stone Brick
appliedenergistics2:item.ItemFacade:0, Кабельный фасад - Chiseled Metamorphic Taiga Stone Brick
appliedenergistics2:item.ItemFacade:0, Кабельный фасад - Chiseled Metamorphic Mesa Stone Brick
appliedenergistics2:item.ItemFacade:0, Кабельный фасад - Andesite
appliedenergistics2:item.ItemFacade:0, Кабельный фасад - Basalt
appliedenergistics2:item.ItemFacade:0, Кабельный фасад - Diorite
appliedenergistics2:item.ItemFacade:0, Кабельный фасад - Granite
appliedenergistics2:item.ItemFacade:0, Кабельный фасад - Polished Andesite
appliedenergistics2:item.ItemFacade:0, Кабельный фасад - Polished Basalt
appliedenergistics2:item.ItemFacade:0, Кабельный фасад - Polished Diorite
appliedenergistics2:item.ItemFacade:0, Кабельный фасад - Polished Granite
appliedenergistics2:item.ItemFacade:0, Кабельный фасад - Andesite Bricks
appliedenergistics2:item.ItemFacade:0, Кабельный фасад - Basalt Bricks
appliedenergistics2:item.ItemFacade:0, Кабельный фасад - Diorite Bricks
appliedenergistics2:item.ItemFacade:0, Кабельный фасад - Granite Bricks
appliedenergistics2:item.ItemFacade:0, Кабельный фасад - Chiseled Andesite Brick
appliedenergistics2:item.ItemFacade:0, Кабельный фасад - Chiseled Basalt Brick
appliedenergistics2:item.ItemFacade:0, Кабельный фасад - Chiseled Diorite Brick
appliedenergistics2:item.ItemFacade:0, Кабельный фасад - Chiseled Granite Brick
appliedenergistics2:item.ItemFacade:0, Кабельный фасад - White Portuguese Pavement
appliedenergistics2:item.ItemFacade:0, Кабельный фасад - Black Portuguese Pavement
appliedenergistics2:item.ItemFacade:0, Кабельный фасад - Blue Portuguese Pavement
appliedenergistics2:item.ItemFacade:0, Кабельный фасад - Red Portuguese Pavement
appliedenergistics2:item.ItemFacade:0, Кабельный фасад - Yellow Portuguese Pavement
appliedenergistics2:item.ItemFacade:0, Кабельный фасад - Green Portuguese Pavement
appliedenergistics2:item.ItemFacade:0, Кабельный фасад - Блок дымного кварца
appliedenergistics2:item.ItemFacade:0, Кабельный фасад - Резной блок дымного кварца
appliedenergistics2:item.ItemFacade:0, Кабельный фасад - Колонна из дымного кварца
appliedenergistics2:item.ItemFacade:0, Кабельный фасад - Блок манакварца
appliedenergistics2:item.ItemFacade:0, Кабельный фасад - Резной блок манакварца
appliedenergistics2:item.ItemFacade:0, Кабельный фасад - Колонна из манакварца
appliedenergistics2:item.ItemFacade:0, Кабельный фасад - Блок пламенного кварца
appliedenergistics2:item.ItemFacade:0, Кабельный фасад - Резной блок пламенного кварца
appliedenergistics2:item.ItemFacade:0, Кабельный фасад - Колонна из пламенного кварца
appliedenergistics2:item.ItemFacade:0, Кабельный фасад - Блок лавандового кварца
appliedenergistics2:item.ItemFacade:0, Кабельный фасад - Резной блок лавандового кварца
appliedenergistics2:item.ItemFacade:0, Кабельный фасад - Колонна из лавандового кварца
appliedenergistics2:item.ItemFacade:0, Кабельный фасад - Блок красного кварца
appliedenergistics2:item.ItemFacade:0, Кабельный фасад - Резной блок красного кварца
appliedenergistics2:item.ItemFacade:0, Кабельный фасад - Колонна из красного кварца
appliedenergistics2:item.ItemFacade:0, Кабельный фасад - Блок эльфийского кварца
appliedenergistics2:item.ItemFacade:0, Кабельный фасад - Резной блок эльфийского кварца
appliedenergistics2:item.ItemFacade:0, Кабельный фасад - Колонна из эльфийского кварца
appliedenergistics2:item.ItemFacade:0, Кабельный фасад - Block of Sunny Quartz
appliedenergistics2:item.ItemFacade:0, Кабельный фасад - Chiseled Sunny Quartz Block
appliedenergistics2:item.ItemFacade:0, Кабельный фасад - Pillar Sunny Quartz Block
appliedenergistics2:item.ItemFacade:0, Кабельный фасад - Smokey Quartz Slab
appliedenergistics2:item.ItemFacade:0, Кабельный фасад - Mana Quartz Slab
appliedenergistics2:item.ItemFacade:0, Кабельный фасад - Blaze Quartz Slab
appliedenergistics2:item.ItemFacade:0, Кабельный фасад - Lavender Quartz Slab
appliedenergistics2:item.ItemFacade:0, Кабельный фасад - Redquartz Slab
appliedenergistics2:item.ItemFacade:0, Кабельный фасад - Elven Quartz Slab
appliedenergistics2:item.ItemFacade:0, Кабельный фасад - Sunny Quartz Slab
appliedenergistics2:item.ItemFacade:0, Кабельный фасад - Livingwood Slab
appliedenergistics2:item.ItemFacade:0, Кабельный фасад - Livingwood Plank Slab
appliedenergistics2:item.ItemFacade:0, Кабельный фасад - Livingrock Slab
appliedenergistics2:item.ItemFacade:0, Кабельный фасад - Livingrock Brick Slab
appliedenergistics2:item.ItemFacade:0, Кабельный фасад - Dreamwood Slab
appliedenergistics2:item.ItemFacade:0, Кабельный фасад - Dreamwood Plank Slab
appliedenergistics2:item.ItemFacade:0, Кабельный фасад - Reed Slab
appliedenergistics2:item.ItemFacade:0, Кабельный фасад - Thatch Slab
appliedenergistics2:item.ItemFacade:0, Кабельный фасад - Prismarine Slab
appliedenergistics2:item.ItemFacade:0, Кабельный фасад - Prismarine Brick Slab
appliedenergistics2:item.ItemFacade:0, Кабельный фасад - Dark Prismarine Slab
appliedenergistics2:item.ItemFacade:0, Кабельный фасад - Hellish Brick Slab
appliedenergistics2:item.ItemFacade:0, Кабельный фасад - Soul Brick Slab
appliedenergistics2:item.ItemFacade:0, Кабельный фасад - Frosty Brick Slab
appliedenergistics2:item.ItemFacade:0, Кабельный фасад - Roof Tile Slab
appliedenergistics2:item.ItemFacade:0, Кабельный фасад - Trodden Dirt Slab
appliedenergistics2:item.ItemFacade:0, Кабельный фасад - End Stone Brick Slab
appliedenergistics2:item.ItemFacade:0, Кабельный фасад - Ender Brick Slab
appliedenergistics2:item.ItemFacade:0, Кабельный фасад - Shimmerrock Slab
appliedenergistics2:item.ItemFacade:0, Кабельный фасад - Shimmerwood Plank Slab
appliedenergistics2:item.ItemFacade:0, Кабельный фасад - Metamorphic Forest Stone Slab
appliedenergistics2:item.ItemFacade:0, Кабельный фасад - Metamorphic Plains Stone Slab
appliedenergistics2:item.ItemFacade:0, Кабельный фасад - Metamorphic Mountain Stone Slab
appliedenergistics2:item.ItemFacade:0, Кабельный фасад - Metamorphic Fungal Stone Slab
appliedenergistics2:item.ItemFacade:0, Кабельный фасад - Metamorphic Swamp Stone Slab
appliedenergistics2:item.ItemFacade:0, Кабельный фасад - Metamorphic Desert Stone Slab
appliedenergistics2:item.ItemFacade:0, Кабельный фасад - Metamorphic Taiga Stone Slab
appliedenergistics2:item.ItemFacade:0, Кабельный фасад - Metamorphic Mesa Stone Slab
appliedenergistics2:item.ItemFacade:0, Кабельный фасад - Metamorphic Forest Cobblestone Slab
appliedenergistics2:item.ItemFacade:0, Кабельный фасад - Metamorphic Plains Cobblestone Slab
appliedenergistics2:item.ItemFacade:0, Кабельный фасад - Metamorphic Mountain Cobblestone Slab
appliedenergistics2:item.ItemFacade:0, Кабельный фасад - Metamorphic Fungal Cobblestone Slab
appliedenergistics2:item.ItemFacade:0, Кабельный фасад - Metamorphic Swamp Cobblestone Slab
appliedenergistics2:item.ItemFacade:0, Кабельный фасад - Metamorphic Desert Cobblestone Slab
appliedenergistics2:item.ItemFacade:0, Кабельный фасад - Metamorphic Taiga Cobblestone Slab
appliedenergistics2:item.ItemFacade:0, Кабельный фасад - Metamorphic Mesa Cobblestone Slab
appliedenergistics2:item.ItemFacade:0, Кабельный фасад - Metamorphic Forest Stone Brick Slab
appliedenergistics2:item.ItemFacade:0, Кабельный фасад - Metamorphic Plains Stone Brick Slab
appliedenergistics2:item.ItemFacade:0, Кабельный фасад - Metamorphic Mountain Stone Brick Slab
appliedenergistics2:item.ItemFacade:0, Кабельный фасад - Metamorphic Fungal Stone Brick Slab
appliedenergistics2:item.ItemFacade:0, Кабельный фасад - Metamorphic Swamp Stone Brick Slab
appliedenergistics2:item.ItemFacade:0, Кабельный фасад - Metamorphic Desert Stone Brick Slab
appliedenergistics2:item.ItemFacade:0, Кабельный фасад - Metamorphic Taiga Stone Brick Slab
appliedenergistics2:item.ItemFacade:0, Кабельный фасад - Metamorphic Mesa Stone Bricks Slab
appliedenergistics2:item.ItemFacade:0, Кабельный фасад - Andesite Slab
appliedenergistics2:item.ItemFacade:0, Кабельный фасад - Basalt Slab
appliedenergistics2:item.ItemFacade:0, Кабельный фасад - Diorite Slab
appliedenergistics2:item.ItemFacade:0, Кабельный фасад - Granite Slab
appliedenergistics2:item.ItemFacade:0, Кабельный фасад - Andesite Brick Slab
appliedenergistics2:item.ItemFacade:0, Кабельный фасад - Basalt Brick Slab
appliedenergistics2:item.ItemFacade:0, Кабельный фасад - Diorite Brick Slab
appliedenergistics2:item.ItemFacade:0, Кабельный фасад - Granite Brick Slab
appliedenergistics2:item.ItemFacade:0, Кабельный фасад - White Portuguese Pavement Slab
appliedenergistics2:item.ItemFacade:0, Кабельный фасад - Black Portuguese Pavement Slab
appliedenergistics2:item.ItemFacade:0, Кабельный фасад - Blue Portuguese Pavement Slab
appliedenergistics2:item.ItemFacade:0, Кабельный фасад - Red Portuguese Pavement Slab
appliedenergistics2:item.ItemFacade:0, Кабельный фасад - Yellow Portuguese Pavement Slab
appliedenergistics2:item.ItemFacade:0, Кабельный фасад - Green Portuguese Pavement Slab
appliedenergistics2:item.ItemFacade:0, Кабельный фасад - Compressed Crafting Table
appliedenergistics2:item.ItemFacade:0, Кабельный фасад - Double Compressed Crafting Table
appliedenergistics2:item.ItemFacade:0, Кабельный фасад - Crystal Matrix
appliedenergistics2:item.ItemFacade:0, Кабельный фасад - Neutronium Block
appliedenergistics2:item.ItemFacade:0, Кабельный фасад - Infinity Block
appliedenergistics2:item.ItemFacade:0, Кабельный фасад - Разрушенный кирпич
appliedenergistics2:item.ItemFacade:0, Кабельный фасад - Разрушенный кирпич
appliedenergistics2:item.ItemFacade:0, Кабельный фасад - Разрушенный кирпич
appliedenergistics2:item.ItemFacade:0, Кабельный фасад - Разрушенный кирпич
appliedenergistics2:item.ItemFacade:0, Кабельный фасад - Разрушенный кирпич
appliedenergistics2:item.ItemFacade:0, Кабельный фасад - Разрушенный кирпич
appliedenergistics2:item.ItemFacade:0, Кабельный фасад - Сфалерит
appliedenergistics2:item.ItemFacade:0, Кабельный фасад - Сфалерит с звёздной пылью
appliedenergistics2:item.ItemFacade:0, Кабельный фасад - Руда порошка Края
appliedenergistics2:item.ItemFacade:0, Кабельный фасад - tile.biomeIslandCore.name
appliedenergistics2:item.ItemFacade:0, Кабельный фасад - Заражённый камень Края
appliedenergistics2:item.ItemFacade:0, Кабельный фасад - Сожжённый камень Края
appliedenergistics2:item.ItemFacade:0, Кабельный фасад - Зачарованный камень Края
appliedenergistics2:item.ItemFacade:0, Кабельный фасад - Гладкий светящийся обсидиан
appliedenergistics2:item.ItemFacade:0, Кабельный фасад - Резной светящийся обсидиан
appliedenergistics2:item.ItemFacade:0, Кабельный фасад - Колонна из светящегося обсидиана
appliedenergistics2:item.ItemFacade:0, Кабельный фасад - Persegrit
appliedenergistics2:item.ItemFacade:0, Кабельный фасад - Persegrit
appliedenergistics2:item.ItemFacade:0, Кабельный фасад - Persegrit
appliedenergistics2:item.ItemFacade:0, Кабельный фасад - Persegrit
appliedenergistics2:item.ItemFacade:0, Кабельный фасад - Persegrit
appliedenergistics2:item.ItemFacade:0, Кабельный фасад - Persegrit
appliedenergistics2:item.ItemFacade:0, Кабельный фасад - Persegrit
appliedenergistics2:item.ItemFacade:0, Кабельный фасад - Persegrit
appliedenergistics2:item.ItemFacade:0, Кабельный фасад - Persegrit
appliedenergistics2:item.ItemFacade:0, Кабельный фасад - Persegrit
appliedenergistics2:item.ItemFacade:0, Кабельный фасад - Persegrit
appliedenergistics2:item.ItemFacade:0, Кабельный фасад - Persegrit
appliedenergistics2:item.ItemFacade:0, Кабельный фасад - Persegrit
appliedenergistics2:item.ItemFacade:0, Кабельный фасад - Persegrit
appliedenergistics2:item.ItemFacade:0, Кабельный фасад - Persegrit
appliedenergistics2:item.ItemFacade:0, Кабельный фасад - Persegrit
appliedenergistics2:item.ItemFacade:0, Кабельный фасад - Руда звёздной пыли
appliedenergistics2:item.ItemFacade:0, Кабельный фасад - Endium Block
appliedenergistics2:item.ItemFacade:0, Кабельный фасад - Laboratory Obsidian
appliedenergistics2:item.ItemFacade:0, Кабельный фасад - Светящийся разрушенный кирпич
appliedenergistics2:item.ItemFacade:0, Кабельный фасад - Головоломка темницы (Выкл)
appliedenergistics2:item.ItemFacade:0, Кабельный фасад - Головоломка темницы (Вкл)
appliedenergistics2:item.ItemFacade:0, Кабельный фасад - Головоломка темницы (Стена)
appliedenergistics2:item.ItemFacade:0, Кабельный фасад - Головоломка темницы (Каменная стена)
appliedenergistics2:item.ItemFacade:0, Кабельный фасад - Головоломка темницы (Горящая стена)
appliedenergistics2:item.ItemFacade:0, Кабельный фасад - Laboratory Floor
appliedenergistics2:item.ItemFacade:0, Кабельный фасад - Пепел
appliedenergistics2:item.ItemFacade:0, Кабельный фасад - Руда магматической породы
appliedenergistics2:item.ItemFacade:0, Кабельный фасад - Падающий обсидиан
appliedenergistics2:item.ItemFacade:0, Кабельный фасад - Endium Ore
appliedenergistics2:item.ItemFacade:0, Кабельный фасад - Гладкий разрушенный кирпич
appliedenergistics2:item.ItemFacade:0, Кабельный фасад - Гладкий обсидиан
appliedenergistics2:item.ItemFacade:0, Кабельный фасад - Резной обсидиан
appliedenergistics2:item.ItemFacade:0, Кабельный фасад - Колонна из обсидиана
appliedenergistics2:item.ItemFacade:0, Кабельный фасад - specialEffects.1.name
appliedenergistics2:item.ItemFacade:0, Кабельный фасад - specialEffects.2.name
appliedenergistics2:item.ItemFacade:0, Кабельный фасад - specialEffects.3.name
appliedenergistics2:item.ItemFacade:0, Кабельный фасад - specialEffects.4.name
appliedenergistics2:item.ItemFacade:0, Кабельный фасад - specialEffects.5.name
appliedenergistics2:item.ItemFacade:0, Кабельный фасад - Руда сферы нестабильности
appliedenergistics2:item.ItemFacade:0, Кабельный фасад - Апатитовая руда
appliedenergistics2:item.ItemFacade:0, Кабельный фасад - Медная руда
appliedenergistics2:item.ItemFacade:0, Кабельный фасад - Оловянная руда
appliedenergistics2:item.ItemFacade:0, Кабельный фасад - Апатитовый блок
appliedenergistics2:item.ItemFacade:0, Кабельный фасад - Медный блок
appliedenergistics2:item.ItemFacade:0, Кабельный фасад - Оловянный блок
appliedenergistics2:item.ItemFacade:0, Кабельный фасад - Бронзовый блок
appliedenergistics2:item.ItemFacade:0, Кабельный фасад - tile.buildToolBlock.name
appliedenergistics2:item.ItemFacade:0, Кабельный фасад - Рупиевая руда
appliedenergistics2:item.ItemFacade:0, Кабельный фасад - Арлемитовая руда
appliedenergistics2:item.ItemFacade:0, Кабельный фасад - Реалмитовая руда
appliedenergistics2:item.ItemFacade:0, Кабельный фасад - Каменно-кровавая руда
appliedenergistics2:item.ItemFacade:0, Кабельный фасад - Незеритовая руда
appliedenergistics2:item.ItemFacade:0, Кабельный фасад - Рупиевый блок
appliedenergistics2:item.ItemFacade:0, Кабельный фасад - Арлемитовый блок
appliedenergistics2:item.ItemFacade:0, Кабельный фасад - Реалмитовый блок
appliedenergistics2:item.ItemFacade:0, Кабельный фасад - Каменно-кровавый блок
appliedenergistics2:item.ItemFacade:0, Кабельный фасад - Незеритовый блок
appliedenergistics2:item.ItemFacade:0, Кабельный фасад - Проверяющий
appliedenergistics2:item.ItemFacade:0, Кабельный фасад - Радужная шерсть
appliedenergistics2:item.ItemFacade:0, Кабельный фасад - Ящик
appliedenergistics2:item.ItemFacade:0, Кабельный фасад - Plank Design
appliedenergistics2:item.ItemFacade:0, Кабельный фасад - Синий камень
appliedenergistics2:item.ItemFacade:0, Кабельный фасад - Синяя лопасть
appliedenergistics2:item.ItemFacade:0, Кабельный фасад - Бирюзовая лопасть
appliedenergistics2:item.ItemFacade:0, Кабельный фасад - Фиолетовая лопасть
appliedenergistics2:item.ItemFacade:0, Кабельный фасад - Красная лопасть
appliedenergistics2:item.ItemFacade:0, Кабельный фасад - Жёлтая лопасть
appliedenergistics2:item.ItemFacade:0, Кабельный фасад - Божественная порода
appliedenergistics2:item.ItemFacade:0, Кабельный фасад - Красивая шерсть
appliedenergistics2:item.ItemFacade:0, Кабельный фасад - Бирюзовая сталь
appliedenergistics2:item.ItemFacade:0, Кабельный фасад - Красная сталь
appliedenergistics2:item.ItemFacade:0, Кабельный фасад - Фиолетовая сталь
appliedenergistics2:item.ItemFacade:0, Кабельный фасад - Зелёная сталь
appliedenergistics2:item.ItemFacade:0, Кабельный фасад - Жёлтая сталь
appliedenergistics2:item.ItemFacade:0, Кабельный фасад - Синяя сталь
appliedenergistics2:item.ItemFacade:0, Кабельный фасад - Белая сталь
appliedenergistics2:item.ItemFacade:0, Кабельный фасад - Чёрная сталь
appliedenergistics2:item.ItemFacade:0, Кабельный фасад - Оранжевая сталь
appliedenergistics2:item.ItemFacade:0, Кабельный фасад - Светло-красная сталь
appliedenergistics2:item.ItemFacade:0, Кабельный фасад - Водяные кирпичи
appliedenergistics2:item.ItemFacade:0, Кабельный фасад - Арлемитовые кирпичи
appliedenergistics2:item.ItemFacade:0, Кабельный фасад - Кирпичи из чёрного камня
appliedenergistics2:item.ItemFacade:0, Кабельный фасад - Алмазные кирпичи
appliedenergistics2:item.ItemFacade:0, Кабельный фасад - Золотые кирпичи
appliedenergistics2:item.ItemFacade:0, Кабельный фасад - Зелёные кирпичи
appliedenergistics2:item.ItemFacade:0, Кабельный фасад - Железные кирпичи
appliedenergistics2:item.ItemFacade:0, Кабельный фасад - Лазуритовые кирпичи
appliedenergistics2:item.ItemFacade:0, Кабельный фасад - Лавовые кирпичи
appliedenergistics2:item.ItemFacade:0, Кабельный фасад - Незеритовые кирпичи
appliedenergistics2:item.ItemFacade:0, Кабельный фасад - Розовые кирпичи
appliedenergistics2:item.ItemFacade:0, Кабельный фасад - Фиолетовые кирпичи
appliedenergistics2:item.ItemFacade:0, Кабельный фасад - Реалмитовые кирпичи
appliedenergistics2:item.ItemFacade:0, Кабельный фасад - Кирпичи из красного камня
appliedenergistics2:item.ItemFacade:0, Кабельный фасад - Кирпичи из молочного камня
appliedenergistics2:item.ItemFacade:0, Кабельный фасад - Рупиевые мини-кирпичи
appliedenergistics2:item.ItemFacade:0, Кабельный фасад - Реалмитовые мини-кирпичи
appliedenergistics2:item.ItemFacade:0, Кабельный фасад - Арлемитовые мини-кирпичи
appliedenergistics2:item.ItemFacade:0, Кабельный фасад - Мини-кирпичи
appliedenergistics2:item.ItemFacade:0, Кабельный фасад - Каменно-кровавые мини-кирпичи
appliedenergistics2:item.ItemFacade:0, Кабельный фасад - Незеритовые мини-кирпичи
appliedenergistics2:item.ItemFacade:0, Кабельный фасад - Мини-кирпичи из коренной породы
appliedenergistics2:item.ItemFacade:0, Кабельный фасад - Водяная лампа
appliedenergistics2:item.ItemFacade:0, Кабельный фасад - Арлемитовая лампа
appliedenergistics2:item.ItemFacade:0, Кабельный фасад - Пламенная лампа
appliedenergistics2:item.ItemFacade:0, Кабельный фасад - Лампа синего огня
appliedenergistics2:item.ItemFacade:0, Кабельный фасад - Алмазная лампа
appliedenergistics2:item.ItemFacade:0, Кабельный фасад - Божественная лампа
appliedenergistics2:item.ItemFacade:0, Кабельный фасад - Дракеновая лампа
appliedenergistics2:item.ItemFacade:0, Кабельный фасад - Лампа Эдема
appliedenergistics2:item.ItemFacade:0, Кабельный фасад - Лампа Края
appliedenergistics2:item.ItemFacade:0, Кабельный фасад - Лампа из камня Края
appliedenergistics2:item.ItemFacade:0, Кабельный фасад - Золотая лампа
appliedenergistics2:item.ItemFacade:0, Кабельный фасад - Ледяная лампа
appliedenergistics2:item.ItemFacade:0, Кабельный фасад - Лампа джунглей
appliedenergistics2:item.ItemFacade:0, Кабельный фасад - Лампа Кракена
appliedenergistics2:item.ItemFacade:0, Кабельный фасад - Лазуритовая лампа
appliedenergistics2:item.ItemFacade:0, Кабельный фасад - Лавовая лампа
appliedenergistics2:item.ItemFacade:0, Кабельный фасад - Молочная лампа
appliedenergistics2:item.ItemFacade:0, Кабельный фасад - Расплавленная лампа
appliedenergistics2:item.ItemFacade:0, Кабельный фасад - Незеритовая лампа
appliedenergistics2:item.ItemFacade:0, Кабельный фасад - Реалмитовая лампа
appliedenergistics2:item.ItemFacade:0, Кабельный фасад - Лампа из красного камня
appliedenergistics2:item.ItemFacade:0, Кабельный фасад - Рупиевая лампа
appliedenergistics2:item.ItemFacade:0, Кабельный фасад - Terran Lamp
appliedenergistics2:item.ItemFacade:0, Кабельный фасад - Молочный камень
appliedenergistics2:item.ItemFacade:0, Кабельный фасад - Тёмный камень
appliedenergistics2:item.ItemFacade:0, Кабельный фасад - Шип
appliedenergistics2:item.ItemFacade:0, Кабельный фасад - Горячий шип
appliedenergistics2:item.ItemFacade:0, Кабельный фасад - Slime Light
appliedenergistics2:item.ItemFacade:0, Кабельный фасад - Slime Light
appliedenergistics2:item.ItemFacade:0, Кабельный фасад - Тёмный мост
appliedenergistics2:item.ItemFacade:0, Кабельный фасад - Божественная древесина
appliedenergistics2:item.ItemFacade:0, Кабельный фасад - Мшистый божественный камень
appliedenergistics2:item.ItemFacade:0, Кабельный фасад - Божественные доски
appliedenergistics2:item.ItemFacade:0, Кабельный фасад - Замороженная земля
appliedenergistics2:item.ItemFacade:0, Кабельный фасад - Замороженный камень
appliedenergistics2:item.ItemFacade:0, Кабельный фасад - Замороженная древесина
appliedenergistics2:item.ItemFacade:0, Кабельный фасад - Frozen Planks
appliedenergistics2:item.ItemFacade:0, Кабельный фасад - Ледяной камень
appliedenergistics2:item.ItemFacade:0, Кабельный фасад - Ледяные кирпичи
appliedenergistics2:item.ItemFacade:0, Кабельный фасад - Снежные кирпичи
appliedenergistics2:item.ItemFacade:0, Кабельный фасад - Угольный камень
appliedenergistics2:item.ItemFacade:0, Кабельный фасад - Ковёр мастерской
appliedenergistics2:item.ItemFacade:0, Кабельный фасад - Книжная полка мастерской
appliedenergistics2:item.ItemFacade:0, Кабельный фасад - Лампа мастерской
appliedenergistics2:item.ItemFacade:0, Кабельный фасад - Синий рождественский леденец
appliedenergistics2:item.ItemFacade:0, Кабельный фасад - Зелёный рождественский леденец
appliedenergistics2:item.ItemFacade:0, Кабельный фасад - Розовый рождественский леденец
appliedenergistics2:item.ItemFacade:0, Кабельный фасад - Красный рождественский леденец
appliedenergistics2:item.ItemFacade:0, Кабельный фасад - Жёлтый рождественский леденец
appliedenergistics2:item.ItemFacade:0, Кабельный фасад - Frozen Slab
appliedenergistics2:item.ItemFacade:0, Кабельный фасад - Алтарь Крушителя
appliedenergistics2:item.ItemFacade:0, Кабельный фасад - Алтарь Квадротика
appliedenergistics2:item.ItemFacade:0, Кабельный фасад - Алтарь Кароса
appliedenergistics2:item.ItemFacade:0, Кабельный фасад - Алтарь Раглока
appliedenergistics2:item.ItemFacade:0, Кабельный фасад - Лунный алтарь
appliedenergistics2:item.ItemFacade:0, Кабельный фасад - Камень сновидений
appliedenergistics2:item.ItemFacade:0, Кабельный фасад - Земля сновидений
appliedenergistics2:item.ItemFacade:0, Кабельный фасад - Огненный кристалл
appliedenergistics2:item.ItemFacade:0, Кабельный фасад - Dreamwood Log
appliedenergistics2:item.ItemFacade:0, Кабельный фасад - Светлые кирпичи сновидений
appliedenergistics2:item.ItemFacade:0, Кабельный фасад - Светлые кирпичи сновидений
appliedenergistics2:item.ItemFacade:0, Кабельный фасад - Лунный камень
appliedenergistics2:item.ItemFacade:0, Кабельный фасад - Лунные кирпичи
appliedenergistics2:item.ItemFacade:0, Кабельный фасад - Стена склепа
appliedenergistics2:item.ItemFacade:0, Кабельный фасад - Деревенская лампа
appliedenergistics2:item.ItemFacade:0, Кабельный фасад - Лампа в клетке
appliedenergistics2:item.ItemFacade:0, Кабельный фасад - Огненный свет
appliedenergistics2:item.ItemFacade:0, Кабельный фасад - Hyrewood Log
appliedenergistics2:item.ItemFacade:0, Кабельный фасад - Красные кирпичи сноведений
appliedenergistics2:item.ItemFacade:0, Кабельный фасад - Горячая зелёная плитка Кароса
appliedenergistics2:item.ItemFacade:0, Кабельный фасад - Firewood Log
appliedenergistics2:item.ItemFacade:0, Кабельный фасад - Зелёный вечный камень
appliedenergistics2:item.ItemFacade:0, Кабельный фасад - Мятная древесина
appliedenergistics2:item.ItemFacade:0, Кабельный фасад - Стены улья
appliedenergistics2:item.ItemFacade:0, Кабельный фасад - Стена комнаты
appliedenergistics2:item.ItemFacade:0, Кабельный фасад - Стена комнаты
appliedenergistics2:item.ItemFacade:0, Кабельный фасад - Стена комнаты
appliedenergistics2:item.ItemFacade:0, Кабельный фасад - Белый вечный камень
appliedenergistics2:item.ItemFacade:0, Кабельный фасад - Тёмный вечный камень
appliedenergistics2:item.ItemFacade:0, Кабельный фасад - Чёрный камень голода
appliedenergistics2:item.ItemFacade:0, Кабельный фасад - Зелёный камень голода
appliedenergistics2:item.ItemFacade:0, Кабельный фасад - Пол склепа
appliedenergistics2:item.ItemFacade:0, Кабельный фасад - Стены зала
appliedenergistics2:item.ItemFacade:0, Кабельный фасад - Синие кирпичи Кароса
appliedenergistics2:item.ItemFacade:0, Кабельный фасад - Чёрные кирпичи Кароса
appliedenergistics2:item.ItemFacade:0, Кабельный фасад - Хелиотичный луч
appliedenergistics2:item.ItemFacade:0, Кабельный фасад - Divine Slab
appliedenergistics2:item.ItemFacade:0, Кабельный фасад - Земля Эдема
appliedenergistics2:item.ItemFacade:0, Кабельный фасад - Земля Дикого леса
appliedenergistics2:item.ItemFacade:0, Кабельный фасад - Земля Апалачии
appliedenergistics2:item.ItemFacade:0, Кабельный фасад - Земля Небесного терна
appliedenergistics2:item.ItemFacade:0, Кабельный фасад - Земля Мортума
appliedenergistics2:item.ItemFacade:0, Кабельный фасад - Руда Эдема
appliedenergistics2:item.ItemFacade:0, Кабельный фасад - Руда Дикого леса
appliedenergistics2:item.ItemFacade:0, Кабельный фасад - Руда Апалачии
appliedenergistics2:item.ItemFacade:0, Кабельный фасад - Руда Небесного терна
appliedenergistics2:item.ItemFacade:0, Кабельный фасад - Руда Мортума
appliedenergistics2:item.ItemFacade:0, Кабельный фасад - Блок Эдема
appliedenergistics2:item.ItemFacade:0, Кабельный фасад - Блок Дикого леса
appliedenergistics2:item.ItemFacade:0, Кабельный фасад - Блок Апалачии
appliedenergistics2:item.ItemFacade:0, Кабельный фасад - Блок Небесного терна
appliedenergistics2:item.ItemFacade:0, Кабельный фасад - Блок Мортума
appliedenergistics2:item.ItemFacade:0, Кабельный фасад - Древесина Эдема
appliedenergistics2:item.ItemFacade:0, Кабельный фасад - Древесина Дикого леса
appliedenergistics2:item.ItemFacade:0, Кабельный фасад - Древесина Апалачии
appliedenergistics2:item.ItemFacade:0, Кабельный фасад - Древесина Небесного терна
appliedenergistics2:item.ItemFacade:0, Кабельный фасад - Древесина Мортума
appliedenergistics2:item.ItemFacade:0, Кабельный фасад - Eden Planks
appliedenergistics2:item.ItemFacade:0, Кабельный фасад - Wildwood Planks
appliedenergistics2:item.ItemFacade:0, Кабельный фасад - Apalachia Planks
appliedenergistics2:item.ItemFacade:0, Кабельный фасад - Skythern Planks
appliedenergistics2:item.ItemFacade:0, Кабельный фасад - Mortum Planks
appliedenergistics2:item.ItemFacade:0, Кабельный фасад - Сумеречный камень
appliedenergistics2:item.ItemFacade:0, Кабельный фасад - Eden Slab
appliedenergistics2:item.ItemFacade:0, Кабельный фасад - Wildwood Slab
appliedenergistics2:item.ItemFacade:0, Кабельный фасад - Apalachia Slab
appliedenergistics2:item.ItemFacade:0, Кабельный фасад - Skythern Slab
appliedenergistics2:item.ItemFacade:0, Кабельный фасад - Mortum Slab
appliedenergistics2:item.ItemFacade:0, Кабельный фасад - Аркановая земля
appliedenergistics2:item.ItemFacade:0, Кабельный фасад - Аркановая руда
appliedenergistics2:item.ItemFacade:0, Кабельный фасад - Аркановый металл
appliedenergistics2:item.ItemFacade:0, Кабельный фасад - Аркановая мощь
appliedenergistics2:item.ItemFacade:0, Кабельный фасад - Подземная лампа
appliedenergistics2:item.ItemFacade:0, Кабельный фасад - Огненная ловушка
appliedenergistics2:item.ItemFacade:0, Кабельный фасад - Огненная ловушка
appliedenergistics2:item.ItemFacade:0, Кабельный фасад - Камень душ
appliedenergistics2:item.ItemFacade:0, Кабельный фасад - Осадок душ
appliedenergistics2:item.ItemFacade:0, Кабельный фасад - Испорченные кирпичи
appliedenergistics2:item.ItemFacade:0, Кабельный фасад - Тёмные испорченные кирпичи
appliedenergistics2:item.ItemFacade:0, Кабельный фасад - Древний кирпич
appliedenergistics2:item.ItemFacade:0, Кабельный фасад - Древний камень
appliedenergistics2:item.ItemFacade:0, Кабельный фасад - Светлые испорченные кирпичи
appliedenergistics2:item.ItemFacade:0, Кабельный фасад - Древняя плитка
appliedenergistics2:item.ItemFacade:0, Кабельный фасад - Эвкалипт
appliedenergistics2:item.ItemFacade:0, Кабельный фасад - Доски из эвкалипта
appliedenergistics2:item.ItemFacade:0, Кабельный фасад - Асселерон
appliedenergistics2:item.ItemFacade:0, Кабельный фасад - Медная руда
appliedenergistics2:item.ItemFacade:0, Кабельный фасад - Оловянная руда
appliedenergistics2:item.ItemFacade:0, Кабельный фасад - Серебряная руда
appliedenergistics2:item.ItemFacade:0, Кабельный фасад - Свинцовая руда
appliedenergistics2:item.ItemFacade:0, Кабельный фасад - Никелевая руда
appliedenergistics2:item.ItemFacade:0, Кабельный фасад - Платиновая руда
appliedenergistics2:item.ItemFacade:0, Кабельный фасад - Мифриловая руда
appliedenergistics2:item.ItemFacade:0, Кабельный фасад - Медный блок
appliedenergistics2:item.ItemFacade:0, Кабельный фасад - Оловянный блок
appliedenergistics2:item.ItemFacade:0, Кабельный фасад - Серебряный блок
appliedenergistics2:item.ItemFacade:0, Кабельный фасад - Свинцовый блок
appliedenergistics2:item.ItemFacade:0, Кабельный фасад - Никелевый блок
appliedenergistics2:item.ItemFacade:0, Кабельный фасад - Платиновый блок
appliedenergistics2:item.ItemFacade:0, Кабельный фасад - Мифриловый блок
appliedenergistics2:item.ItemFacade:0, Кабельный фасад - Электрумовый блок
appliedenergistics2:item.ItemFacade:0, Кабельный фасад - Инваровый блок
appliedenergistics2:item.ItemFacade:0, Кабельный фасад - Бронзовый блок
appliedenergistics2:item.ItemFacade:0, Кабельный фасад - Синаловый блок
appliedenergistics2:item.ItemFacade:0, Кабельный фасад - Ламиумовый блок
appliedenergistics2:item.ItemFacade:0, Кабельный фасад - Блок эндериума
appliedenergistics2:item.ItemFacade:0, Кабельный фасад - Distortion Flame
appliedenergistics2:item.ItemFacade:0, Кабельный фасад - Draconium Ore
appliedenergistics2:item.ItemFacade:0, Кабельный фасад - Draconium Block
appliedenergistics2:item.ItemFacade:0, Кабельный фасад - Charged Draconium Block
appliedenergistics2:item.ItemFacade:0, Кабельный фасад - Energy Pylon
appliedenergistics2:item.ItemFacade:0, Кабельный фасад - Awakened Draconium Block
appliedenergistics2:item.ItemFacade:0, Кабельный фасад - Draconium Infused Obsidian
appliedenergistics2:item.ItemFacade:0, Кабельный фасад - Admin Dislocator
appliedenergistics2:item.ItemFacade:0, Кабельный фасад - Укреплённый обсидиан
appliedenergistics2:item.ItemFacade:0, Кабельный фасад - tile.blockConduitFacade.name
appliedenergistics2:item.ItemFacade:0, Кабельный фасад - Блок наэлектризованной стали
appliedenergistics2:item.ItemFacade:0, Кабельный фасад - Ангельский блок
appliedenergistics2:item.ItemFacade:0, Кабельный фасад - Детектор обновления блока
appliedenergistics2:item.ItemFacade:0, Кабельный фасад - Заострённый каменный кирпич
appliedenergistics2:item.ItemFacade:0, Кабельный фасад - Обсидиан, заряженный Краем
appliedenergistics2:item.ItemFacade:0, Кабельный фасад - Сгоревший кварц
appliedenergistics2:item.ItemFacade:0, Кабельный фасад - Замороженный камень
appliedenergistics2:item.ItemFacade:0, Кабельный фасад - Бордюрный камень
appliedenergistics2:item.ItemFacade:0, Кабельный фасад - Блок из нестабильного слитка
appliedenergistics2:item.ItemFacade:0, Кабельный фасад - Гравиевый кирпич
appliedenergistics2:item.ItemFacade:0, Кабельный фасад - Бордюрный камень (Альтернативный)
appliedenergistics2:item.ItemFacade:0, Кабельный фасад - Магическая древесина
appliedenergistics2:item.ItemFacade:0, Кабельный фасад - Песчаное стекло
appliedenergistics2:item.ItemFacade:0, Кабельный фасад - Гравиевая дорога
appliedenergistics2:item.ItemFacade:0, Кабельный фасад - Ядро Края
appliedenergistics2:item.ItemFacade:0, Кабельный фасад - Вычислительная матрица, выгравированная алмазом
appliedenergistics2:item.ItemFacade:0, Кабельный фасад - Сплав Эндер-песка
appliedenergistics2:item.ItemFacade:0, Кабельный фасад - Резной 'возвы́шенный' камень
appliedenergistics2:item.ItemFacade:0, Кабельный фасад - tile.extrautils:pureLove.name
appliedenergistics2:item.ItemFacade:0, Кабельный фасад - Блок бедрокия
appliedenergistics2:item.ItemFacade:0, Кабельный фасад - Окрашенный Каменные кирпичи (Белый)
appliedenergistics2:item.ItemFacade:0, Кабельный фасад - Окрашенный Каменные кирпичи (Оранжевый)
appliedenergistics2:item.ItemFacade:0, Кабельный фасад - Окрашенный Каменные кирпичи (Сиреневый)
appliedenergistics2:item.ItemFacade:0, Кабельный фасад - Окрашенный Каменные кирпичи (Светло-синий)
appliedenergistics2:item.ItemFacade:0, Кабельный фасад - Окрашенный Каменные кирпичи (Жёлтый)
appliedenergistics2:item.ItemFacade:0, Кабельный фасад - Окрашенный Каменные кирпичи (Лаймовый)
appliedenergistics2:item.ItemFacade:0, Кабельный фасад - Окрашенный Каменные кирпичи (Розовый)
appliedenergistics2:item.ItemFacade:0, Кабельный фасад - Окрашенный Каменные кирпичи (Серый)
appliedenergistics2:item.ItemFacade:0, Кабельный фасад - Окрашенный Каменные кирпичи (Светло-серый)
appliedenergistics2:item.ItemFacade:0, Кабельный фасад - Окрашенный Каменные кирпичи (Бирюзовый)
appliedenergistics2:item.ItemFacade:0, Кабельный фасад - Окрашенный Каменные кирпичи (Фиолетовый)
appliedenergistics2:item.ItemFacade:0, Кабельный фасад - Окрашенный Каменные кирпичи (Синий)
appliedenergistics2:item.ItemFacade:0, Кабельный фасад - Окрашенный Каменные кирпичи (Коричневый)
appliedenergistics2:item.ItemFacade:0, Кабельный фасад - Окрашенный Каменные кирпичи (Зелёный)
appliedenergistics2:item.ItemFacade:0, Кабельный фасад - Окрашенный Каменные кирпичи (Красный)
appliedenergistics2:item.ItemFacade:0, Кабельный фасад - Окрашенный Каменные кирпичи (Чёрный)
appliedenergistics2:item.ItemFacade:0, Кабельный фасад - Окрашенный Дубовые доски (Белый)
appliedenergistics2:item.ItemFacade:0, Кабельный фасад - Окрашенный Дубовые доски (Оранжевый)
appliedenergistics2:item.ItemFacade:0, Кабельный фасад - Окрашенный Дубовые доски (Сиреневый)
appliedenergistics2:item.ItemFacade:0, Кабельный фасад - Окрашенный Дубовые доски (Светло-синий)
appliedenergistics2:item.ItemFacade:0, Кабельный фасад - Окрашенный Дубовые доски (Жёлтый)
appliedenergistics2:item.ItemFacade:0, Кабельный фасад - Окрашенный Дубовые доски (Лаймовый)
appliedenergistics2:item.ItemFacade:0, Кабельный фасад - Окрашенный Дубовые доски (Розовый)
appliedenergistics2:item.ItemFacade:0, Кабельный фасад - Окрашенный Дубовые доски (Серый)
appliedenergistics2:item.ItemFacade:0, Кабельный фасад - Окрашенный Дубовые доски (Светло-серый)
appliedenergistics2:item.ItemFacade:0, Кабельный фасад - Окрашенный Дубовые доски (Бирюзовый)
appliedenergistics2:item.ItemFacade:0, Кабельный фасад - Окрашенный Дубовые доски (Фиолетовый)
appliedenergistics2:item.ItemFacade:0, Кабельный фасад - Окрашенный Дубовые доски (Синий)
appliedenergistics2:item.ItemFacade:0, Кабельный фасад - Окрашенный Дубовые доски (Коричневый)
appliedenergistics2:item.ItemFacade:0, Кабельный фасад - Окрашенный Дубовые доски (Зелёный)
appliedenergistics2:item.ItemFacade:0, Кабельный фасад - Окрашенный Дубовые доски (Красный)
appliedenergistics2:item.ItemFacade:0, Кабельный фасад - Окрашенный Дубовые доски (Чёрный)
appliedenergistics2:item.ItemFacade:0, Кабельный фасад - Окрашенный Светящийся камень (Белый)
appliedenergistics2:item.ItemFacade:0, Кабельный фасад - Окрашенный Светящийся камень (Оранжевый)
appliedenergistics2:item.ItemFacade:0, Кабельный фасад - Окрашенный Светящийся камень (Сиреневый)
appliedenergistics2:item.ItemFacade:0, Кабельный фасад - Окрашенный Светящийся камень (Светло-синий)
appliedenergistics2:item.ItemFacade:0, Кабельный фасад - Окрашенный Светящийся камень (Жёлтый)
appliedenergistics2:item.ItemFacade:0, Кабельный фасад - Окрашенный Светящийся камень (Лаймовый)
appliedenergistics2:item.ItemFacade:0, Кабельный фасад - Окрашенный Светящийся камень (Розовый)
appliedenergistics2:item.ItemFacade:0, Кабельный фасад - Окрашенный Светящийся камень (Серый)
appliedenergistics2:item.ItemFacade:0, Кабельный фасад - Окрашенный Светящийся камень (Светло-серый)
appliedenergistics2:item.ItemFacade:0, Кабельный фасад - Окрашенный Светящийся камень (Бирюзовый)
appliedenergistics2:item.ItemFacade:0, Кабельный фасад - Окрашенный Светящийся камень (Фиолетовый)
appliedenergistics2:item.ItemFacade:0, Кабельный фасад - Окрашенный Светящийся камень (Синий)
appliedenergistics2:item.ItemFacade:0, Кабельный фасад - Окрашенный Светящийся камень (Коричневый)
appliedenergistics2:item.ItemFacade:0, Кабельный фасад - Окрашенный Светящийся камень (Зелёный)
appliedenergistics2:item.ItemFacade:0, Кабельный фасад - Окрашенный Светящийся камень (Красный)
appliedenergistics2:item.ItemFacade:0, Кабельный фасад - Окрашенный Светящийся камень (Чёрный)
appliedenergistics2:item.ItemFacade:0, Кабельный фасад - Окрашенный Камень (Белый)
appliedenergistics2:item.ItemFacade:0, Кабельный фасад - Окрашенный Камень (Оранжевый)
appliedenergistics2:item.ItemFacade:0, Кабельный фасад - Окрашенный Камень (Сиреневый)
appliedenergistics2:item.ItemFacade:0, Кабельный фасад - Окрашенный Камень (Светло-синий)
appliedenergistics2:item.ItemFacade:0, Кабельный фасад - Окрашенный Камень (Жёлтый)
appliedenergistics2:item.ItemFacade:0, Кабельный фасад - Окрашенный Камень (Лаймовый)
appliedenergistics2:item.ItemFacade:0, Кабельный фасад - Окрашенный Камень (Розовый)
appliedenergistics2:item.ItemFacade:0, Кабельный фасад - Окрашенный Камень (Серый)
appliedenergistics2:item.ItemFacade:0, Кабельный фасад - Окрашенный Камень (Светло-серый)
appliedenergistics2:item.ItemFacade:0, Кабельный фасад - Окрашенный Камень (Бирюзовый)
appliedenergistics2:item.ItemFacade:0, Кабельный фасад - Окрашенный Камень (Фиолетовый)
appliedenergistics2:item.ItemFacade:0, Кабельный фасад - Окрашенный Камень (Синий)
appliedenergistics2:item.ItemFacade:0, Кабельный фасад - Окрашенный Камень (Коричневый)
appliedenergistics2:item.ItemFacade:0, Кабельный фасад - Окрашенный Камень (Зелёный)
appliedenergistics2:item.ItemFacade:0, Кабельный фасад - Окрашенный Камень (Красный)
appliedenergistics2:item.ItemFacade:0, Кабельный фасад - Окрашенный Камень (Чёрный)
appliedenergistics2:item.ItemFacade:0, Кабельный фасад - Окрашенный Кварцевый блок (Белый)
appliedenergistics2:item.ItemFacade:0, Кабельный фасад - Окрашенный Кварцевый блок (Оранжевый)
appliedenergistics2:item.ItemFacade:0, Кабельный фасад - Окрашенный Кварцевый блок (Сиреневый)
appliedenergistics2:item.ItemFacade:0, Кабельный фасад - Окрашенный Кварцевый блок (Светло-синий)
appliedenergistics2:item.ItemFacade:0, Кабельный фасад - Окрашенный Кварцевый блок (Жёлтый)
appliedenergistics2:item.ItemFacade:0, Кабельный фасад - Окрашенный Кварцевый блок (Лаймовый)
appliedenergistics2:item.ItemFacade:0, Кабельный фасад - Окрашенный Кварцевый блок (Розовый)
appliedenergistics2:item.ItemFacade:0, Кабельный фасад - Окрашенный Кварцевый блок (Серый)
appliedenergistics2:item.ItemFacade:0, Кабельный фасад - Окрашенный Кварцевый блок (Светло-серый)
appliedenergistics2:item.ItemFacade:0, Кабельный фасад - Окрашенный Кварцевый блок (Бирюзовый)
appliedenergistics2:item.ItemFacade:0, Кабельный фасад - Окрашенный Кварцевый блок (Фиолетовый)
appliedenergistics2:item.ItemFacade:0, Кабельный фасад - Окрашенный Кварцевый блок (Синий)
appliedenergistics2:item.ItemFacade:0, Кабельный фасад - Окрашенный Кварцевый блок (Коричневый)
appliedenergistics2:item.ItemFacade:0, Кабельный фасад - Окрашенный Кварцевый блок (Зелёный)
appliedenergistics2:item.ItemFacade:0, Кабельный фасад - Окрашенный Кварцевый блок (Красный)
appliedenergistics2:item.ItemFacade:0, Кабельный фасад - Окрашенный Кварцевый блок (Чёрный)
appliedenergistics2:item.ItemFacade:0, Кабельный фасад - Окрашенный Песок душ (Белый)
appliedenergistics2:item.ItemFacade:0, Кабельный фасад - Окрашенный Песок душ (Оранжевый)
appliedenergistics2:item.ItemFacade:0, Кабельный фасад - Окрашенный Песок душ (Сиреневый)
appliedenergistics2:item.ItemFacade:0, Кабельный фасад - Окрашенный Песок душ (Светло-синий)
appliedenergistics2:item.ItemFacade:0, Кабельный фасад - Окрашенный Песок душ (Жёлтый)
appliedenergistics2:item.ItemFacade:0, Кабельный фасад - Окрашенный Песок душ (Лаймовый)
appliedenergistics2:item.ItemFacade:0, Кабельный фасад - Окрашенный Песок душ (Розовый)
appliedenergistics2:item.ItemFacade:0, Кабельный фасад - Окрашенный Песок душ (Серый)
appliedenergistics2:item.ItemFacade:0, Кабельный фасад - Окрашенный Песок душ (Светло-серый)
appliedenergistics2:item.ItemFacade:0, Кабельный фасад - Окрашенный Песок душ (Бирюзовый)
appliedenergistics2:item.ItemFacade:0, Кабельный фасад - Окрашенный Песок душ (Фиолетовый)
appliedenergistics2:item.ItemFacade:0, Кабельный фасад - Окрашенный Песок душ (Синий)
appliedenergistics2:item.ItemFacade:0, Кабельный фасад - Окрашенный Песок душ (Коричневый)
appliedenergistics2:item.ItemFacade:0, Кабельный фасад - Окрашенный Песок душ (Зелёный)
appliedenergistics2:item.ItemFacade:0, Кабельный фасад - Окрашенный Песок душ (Красный)
appliedenergistics2:item.ItemFacade:0, Кабельный фасад - Окрашенный Песок душ (Чёрный)
appliedenergistics2:item.ItemFacade:0, Кабельный фасад - Окрашенный Лампа (Белый)
appliedenergistics2:item.ItemFacade:0, Кабельный фасад - Окрашенный Лампа (Оранжевый)
appliedenergistics2:item.ItemFacade:0, Кабельный фасад - Окрашенный Лампа (Сиреневый)
appliedenergistics2:item.ItemFacade:0, Кабельный фасад - Окрашенный Лампа (Светло-синий)
appliedenergistics2:item.ItemFacade:0, Кабельный фасад - Окрашенный Лампа (Жёлтый)
appliedenergistics2:item.ItemFacade:0, Кабельный фасад - Окрашенный Лампа (Лаймовый)
appliedenergistics2:item.ItemFacade:0, Кабельный фасад - Окрашенный Лампа (Розовый)
appliedenergistics2:item.ItemFacade:0, Кабельный фасад - Окрашенный Лампа (Серый)
appliedenergistics2:item.ItemFacade:0, Кабельный фасад - Окрашенный Лампа (Светло-серый)
appliedenergistics2:item.ItemFacade:0, Кабельный фасад - Окрашенный Лампа (Бирюзовый)
appliedenergistics2:item.ItemFacade:0, Кабельный фасад - Окрашенный Лампа (Фиолетовый)
appliedenergistics2:item.ItemFacade:0, Кабельный фасад - Окрашенный Лампа (Синий)
appliedenergistics2:item.ItemFacade:0, Кабельный фасад - Окрашенный Лампа (Коричневый)
appliedenergistics2:item.ItemFacade:0, Кабельный фасад - Окрашенный Лампа (Зелёный)
appliedenergistics2:item.ItemFacade:0, Кабельный фасад - Окрашенный Лампа (Красный)
appliedenergistics2:item.ItemFacade:0, Кабельный фасад - Окрашенный Лампа (Чёрный)
appliedenergistics2:item.ItemFacade:0, Кабельный фасад - Окрашенный Кирпичи (Белый)
appliedenergistics2:item.ItemFacade:0, Кабельный фасад - Окрашенный Кирпичи (Оранжевый)
appliedenergistics2:item.ItemFacade:0, Кабельный фасад - Окрашенный Кирпичи (Сиреневый)
appliedenergistics2:item.ItemFacade:0, Кабельный фасад - Окрашенный Кирпичи (Светло-синий)
appliedenergistics2:item.ItemFacade:0, Кабельный фасад - Окрашенный Кирпичи (Жёлтый)
appliedenergistics2:item.ItemFacade:0, Кабельный фасад - Окрашенный Кирпичи (Лаймовый)
appliedenergistics2:item.ItemFacade:0, Кабельный фасад - Окрашенный Кирпичи (Розовый)
appliedenergistics2:item.ItemFacade:0, Кабельный фасад - Окрашенный Кирпичи (Серый)
appliedenergistics2:item.ItemFacade:0, Кабельный фасад - Окрашенный Кирпичи (Светло-серый)
appliedenergistics2:item.ItemFacade:0, Кабельный фасад - Окрашенный Кирпичи (Бирюзовый)
appliedenergistics2:item.ItemFacade:0, Кабельный фасад - Окрашенный Кирпичи (Фиолетовый)
appliedenergistics2:item.ItemFacade:0, Кабельный фасад - Окрашенный Кирпичи (Синий)
appliedenergistics2:item.ItemFacade:0, Кабельный фасад - Окрашенный Кирпичи (Коричневый)
appliedenergistics2:item.ItemFacade:0, Кабельный фасад - Окрашенный Кирпичи (Зелёный)
appliedenergistics2:item.ItemFacade:0, Кабельный фасад - Окрашенный Кирпичи (Красный)
appliedenergistics2:item.ItemFacade:0, Кабельный фасад - Окрашенный Кирпичи (Чёрный)
appliedenergistics2:item.ItemFacade:0, Кабельный фасад - Окрашенный Булыжник (Белый)
appliedenergistics2:item.ItemFacade:0, Кабельный фасад - Окрашенный Булыжник (Оранжевый)
appliedenergistics2:item.ItemFacade:0, Кабельный фасад - Окрашенный Булыжник (Сиреневый)
appliedenergistics2:item.ItemFacade:0, Кабельный фасад - Окрашенный Булыжник (Светло-синий)
appliedenergistics2:item.ItemFacade:0, Кабельный фасад - Окрашенный Булыжник (Жёлтый)
appliedenergistics2:item.ItemFacade:0, Кабельный фасад - Окрашенный Булыжник (Лаймовый)
appliedenergistics2:item.ItemFacade:0, Кабельный фасад - Окрашенный Булыжник (Розовый)
appliedenergistics2:item.ItemFacade:0, Кабельный фасад - Окрашенный Булыжник (Серый)
appliedenergistics2:item.ItemFacade:0, Кабельный фасад - Окрашенный Булыжник (Светло-серый)
appliedenergistics2:item.ItemFacade:0, Кабельный фасад - Окрашенный Булыжник (Бирюзовый)
appliedenergistics2:item.ItemFacade:0, Кабельный фасад - Окрашенный Булыжник (Фиолетовый)
appliedenergistics2:item.ItemFacade:0, Кабельный фасад - Окрашенный Булыжник (Синий)
appliedenergistics2:item.ItemFacade:0, Кабельный фасад - Окрашенный Булыжник (Коричневый)
appliedenergistics2:item.ItemFacade:0, Кабельный фасад - Окрашенный Булыжник (Зелёный)
appliedenergistics2:item.ItemFacade:0, Кабельный фасад - Окрашенный Булыжник (Красный)
appliedenergistics2:item.ItemFacade:0, Кабельный фасад - Окрашенный Булыжник (Чёрный)
appliedenergistics2:item.ItemFacade:0, Кабельный фасад - Окрашенный Блок лазурита (Белый)
appliedenergistics2:item.ItemFacade:0, Кабельный фасад - Окрашенный Блок лазурита (Оранжевый)
appliedenergistics2:item.ItemFacade:0, Кабельный фасад - Окрашенный Блок лазурита (Сиреневый)
appliedenergistics2:item.ItemFacade:0, Кабельный фасад - Окрашенный Блок лазурита (Светло-синий)
appliedenergistics2:item.ItemFacade:0, Кабельный фасад - Окрашенный Блок лазурита (Жёлтый)
appliedenergistics2:item.ItemFacade:0, Кабельный фасад - Окрашенный Блок лазурита (Лаймовый)
appliedenergistics2:item.ItemFacade:0, Кабельный фасад - Окрашенный Блок лазурита (Розовый)
appliedenergistics2:item.ItemFacade:0, Кабельный фасад - Окрашенный Блок лазурита (Серый)
appliedenergistics2:item.ItemFacade:0, Кабельный фасад - Окрашенный Блок лазурита (Светло-серый)
appliedenergistics2:item.ItemFacade:0, Кабельный фасад - Окрашенный Блок лазурита (Бирюзовый)
appliedenergistics2:item.ItemFacade:0, Кабельный фасад - Окрашенный Блок лазурита (Фиолетовый)
appliedenergistics2:item.ItemFacade:0, Кабельный фасад - Окрашенный Блок лазурита (Синий)
appliedenergistics2:item.ItemFacade:0, Кабельный фасад - Окрашенный Блок лазурита (Коричневый)
appliedenergistics2:item.ItemFacade:0, Кабельный фасад - Окрашенный Блок лазурита (Зелёный)
appliedenergistics2:item.ItemFacade:0, Кабельный фасад - Окрашенный Блок лазурита (Красный)
appliedenergistics2:item.ItemFacade:0, Кабельный фасад - Окрашенный Блок лазурита (Чёрный)
appliedenergistics2:item.ItemFacade:0, Кабельный фасад - Окрашенный Обсидиан (Белый)
appliedenergistics2:item.ItemFacade:0, Кабельный фасад - Окрашенный Обсидиан (Оранжевый)
appliedenergistics2:item.ItemFacade:0, Кабельный фасад - Окрашенный Обсидиан (Сиреневый)
appliedenergistics2:item.ItemFacade:0, Кабельный фасад - Окрашенный Обсидиан (Светло-синий)
appliedenergistics2:item.ItemFacade:0, Кабельный фасад - Окрашенный Обсидиан (Жёлтый)
appliedenergistics2:item.ItemFacade:0, Кабельный фасад - Окрашенный Обсидиан (Лаймовый)
appliedenergistics2:item.ItemFacade:0, Кабельный фасад - Окрашенный Обсидиан (Розовый)
appliedenergistics2:item.ItemFacade:0, Кабельный фасад - Окрашенный Обсидиан (Серый)
appliedenergistics2:item.ItemFacade:0, Кабельный фасад - Окрашенный Обсидиан (Светло-серый)
appliedenergistics2:item.ItemFacade:0, Кабельный фасад - Окрашенный Обсидиан (Бирюзовый)
appliedenergistics2:item.ItemFacade:0, Кабельный фасад - Окрашенный Обсидиан (Фиолетовый)
appliedenergistics2:item.ItemFacade:0, Кабельный фасад - Окрашенный Обсидиан (Синий)
appliedenergistics2:item.ItemFacade:0, Кабельный фасад - Окрашенный Обсидиан (Коричневый)
appliedenergistics2:item.ItemFacade:0, Кабельный фасад - Окрашенный Обсидиан (Зелёный)
appliedenergistics2:item.ItemFacade:0, Кабельный фасад - Окрашенный Обсидиан (Красный)
appliedenergistics2:item.ItemFacade:0, Кабельный фасад - Окрашенный Обсидиан (Чёрный)
appliedenergistics2:item.ItemFacade:0, Кабельный фасад - Окрашенный Блок красного камня (Белый)
appliedenergistics2:item.ItemFacade:0, Кабельный фасад - Окрашенный Блок красного камня (Оранжевый)
appliedenergistics2:item.ItemFacade:0, Кабельный фасад - Окрашенный Блок красного камня (Сиреневый)
appliedenergistics2:item.ItemFacade:0, Кабельный фасад - Окрашенный Блок красного камня (Светло-синий)
appliedenergistics2:item.ItemFacade:0, Кабельный фасад - Окрашенный Блок красного камня (Жёлтый)
appliedenergistics2:item.ItemFacade:0, Кабельный фасад - Окрашенный Блок красного камня (Лаймовый)
appliedenergistics2:item.ItemFacade:0, Кабельный фасад - Окрашенный Блок красного камня (Розовый)
appliedenergistics2:item.ItemFacade:0, Кабельный фасад - Окрашенный Блок красного камня (Серый)
appliedenergistics2:item.ItemFacade:0, Кабельный фасад - Окрашенный Блок красного камня (Светло-серый)
appliedenergistics2:item.ItemFacade:0, Кабельный фасад - Окрашенный Блок красного камня (Бирюзовый)
appliedenergistics2:item.ItemFacade:0, Кабельный фасад - Окрашенный Блок красного камня (Фиолетовый)
appliedenergistics2:item.ItemFacade:0, Кабельный фасад - Окрашенный Блок красного камня (Синий)
appliedenergistics2:item.ItemFacade:0, Кабельный фасад - Окрашенный Блок красного камня (Коричневый)
appliedenergistics2:item.ItemFacade:0, Кабельный фасад - Окрашенный Блок красного камня (Зелёный)
appliedenergistics2:item.ItemFacade:0, Кабельный фасад - Окрашенный Блок красного камня (Красный)
appliedenergistics2:item.ItemFacade:0, Кабельный фасад - Окрашенный Блок красного камня (Чёрный)
appliedenergistics2:item.ItemFacade:0, Кабельный фасад - Окрашенный Угольный блок (Белый)
appliedenergistics2:item.ItemFacade:0, Кабельный фасад - Окрашенный Угольный блок (Оранжевый)
appliedenergistics2:item.ItemFacade:0, Кабельный фасад - Окрашенный Угольный блок (Сиреневый)
appliedenergistics2:item.ItemFacade:0, Кабельный фасад - Окрашенный Угольный блок (Светло-синий)
appliedenergistics2:item.ItemFacade:0, Кабельный фасад - Окрашенный Угольный блок (Жёлтый)
appliedenergistics2:item.ItemFacade:0, Кабельный фасад - Окрашенный Угольный блок (Лаймовый)
appliedenergistics2:item.ItemFacade:0, Кабельный фасад - Окрашенный Угольный блок (Розовый)
appliedenergistics2:item.ItemFacade:0, Кабельный фасад - Окрашенный Угольный блок (Серый)
appliedenergistics2:item.ItemFacade:0, Кабельный фасад - Окрашенный Угольный блок (Светло-серый)
appliedenergistics2:item.ItemFacade:0, Кабельный фасад - Окрашенный Угольный блок (Бирюзовый)
appliedenergistics2:item.ItemFacade:0, Кабельный фасад - Окрашенный Угольный блок (Фиолетовый)
appliedenergistics2:item.ItemFacade:0, Кабельный фасад - Окрашенный Угольный блок (Синий)
appliedenergistics2:item.ItemFacade:0, Кабельный фасад - Окрашенный Угольный блок (Коричневый)
appliedenergistics2:item.ItemFacade:0, Кабельный фасад - Окрашенный Угольный блок (Зелёный)
appliedenergistics2:item.ItemFacade:0, Кабельный фасад - Окрашенный Угольный блок (Красный)
appliedenergistics2:item.ItemFacade:0, Кабельный фасад - Окрашенный Угольный блок (Чёрный)
appliedenergistics2:item.ItemFacade:0, Кабельный фасад - Сжатый булыжник
appliedenergistics2:item.ItemFacade:0, Кабельный фасад - Двойной сжатый булыжник
appliedenergistics2:item.ItemFacade:0, Кабельный фасад - Тройной сжатый булыжник
appliedenergistics2:item.ItemFacade:0, Кабельный фасад - Четверной сжатый булыжник
appliedenergistics2:item.ItemFacade:0, Кабельный фасад - Пятикратносжатый булыжник
appliedenergistics2:item.ItemFacade:0, Кабельный фасад - Шестикратносжатый булыжник
appliedenergistics2:item.ItemFacade:0, Кабельный фасад - Семикратносжатый булыжник
appliedenergistics2:item.ItemFacade:0, Кабельный фасад - Восьмикратносжатый булыжник
appliedenergistics2:item.ItemFacade:0, Кабельный фасад - Сжатая земля
appliedenergistics2:item.ItemFacade:0, Кабельный фасад - Двойная сжатая земля
appliedenergistics2:item.ItemFacade:0, Кабельный фасад - Тройная сжатая земля
appliedenergistics2:item.ItemFacade:0, Кабельный фасад - Четверная сжатая земля
appliedenergistics2:item.ItemFacade:0, Кабельный фасад - Сжатый гравий
appliedenergistics2:item.ItemFacade:0, Кабельный фасад - Двойной сжатый гравий
appliedenergistics2:item.ItemFacade:0, Кабельный фасад - Сжатый песок
appliedenergistics2:item.ItemFacade:0, Кабельный фасад - Двойной сжатый песок
appliedenergistics2:item.ItemFacade:0, Кабельный фасад - Конвейерная лента
appliedenergistics2:item.ItemFacade:0, Кабельный фасад - Небесный камень (Белый)
appliedenergistics2:item.ItemFacade:0, Кабельный фасад - Небесный камень (Оранжевый)
appliedenergistics2:item.ItemFacade:0, Кабельный фасад - Небесный камень (Сиреневый)
appliedenergistics2:item.ItemFacade:0, Кабельный фасад - Небесный камень (Светло-синий)
appliedenergistics2:item.ItemFacade:0, Кабельный фасад - Небесный камень (Жёлтый)
appliedenergistics2:item.ItemFacade:0, Кабельный фасад - Небесный камень (Лаймовый)
appliedenergistics2:item.ItemFacade:0, Кабельный фасад - Небесный камень (Розовый)
appliedenergistics2:item.ItemFacade:0, Кабельный фасад - Небесный камень (Серый)
appliedenergistics2:item.ItemFacade:0, Кабельный фасад - Небесный камень (Светло-серый)
appliedenergistics2:item.ItemFacade:0, Кабельный фасад - Небесный камень (Бирюзовый)
appliedenergistics2:item.ItemFacade:0, Кабельный фасад - Небесный камень (Фиолетовый)
appliedenergistics2:item.ItemFacade:0, Кабельный фасад - Небесный камень (Синий)
appliedenergistics2:item.ItemFacade:0, Кабельный фасад - Небесный камень (Коричневый)
appliedenergistics2:item.ItemFacade:0, Кабельный фасад - Небесный камень (Зелёный)
appliedenergistics2:item.ItemFacade:0, Кабельный фасад - Небесный камень (Красный)
appliedenergistics2:item.ItemFacade:0, Кабельный фасад - Небесный камень (Чёрный)
appliedenergistics2:item.ItemFacade:0, Кабельный фасад - Красные часы
appliedenergistics2:item.ItemFacade:0, Кабельный фасад - Ветчина на кости
appliedenergistics2:item.ItemFacade:0, Кабельный фасад - Бомба из слизи
appliedenergistics2:item.ItemFacade:0, Кабельный фасад - Бомба из слизи
appliedenergistics2:item.ItemFacade:0, Кабельный фасад - Застывшая синяя слизь
appliedenergistics2:item.ItemFacade:0, Кабельный фасад - Застывшая зелёная слизь
appliedenergistics2:item.ItemFacade:0, Кабельный фасад - Застывшая фиолетовая слизь
appliedenergistics2:item.ItemFacade:0, Кабельный фасад - Обсидиановый кирпич
appliedenergistics2:item.ItemFacade:0, Кабельный фасад - Песчаниковый кирпич
appliedenergistics2:item.ItemFacade:0, Кабельный фасад - Кирпич Нижнего мира
appliedenergistics2:item.ItemFacade:0, Кабельный фасад - Кирпич из гладкого камня
appliedenergistics2:item.ItemFacade:0, Кабельный фасад - Железный кирпич
appliedenergistics2:item.ItemFacade:0, Кабельный фасад - Золотой кирпич
appliedenergistics2:item.ItemFacade:0, Кабельный фасад - Лазуритовый кирпич
appliedenergistics2:item.ItemFacade:0, Кабельный фасад - Алмазный кирпич
appliedenergistics2:item.ItemFacade:0, Кабельный фасад - Красный кирпич
appliedenergistics2:item.ItemFacade:0, Кабельный фасад - Костяной кирпич
appliedenergistics2:item.ItemFacade:0, Кабельный фасад - Слизневый кирпич
appliedenergistics2:item.ItemFacade:0, Кабельный фасад - Слизневый кирпич
appliedenergistics2:item.ItemFacade:0, Кабельный фасад - Кирпич из камня Края
appliedenergistics2:item.ItemFacade:0, Кабельный фасад - Обсидиановый кирпич
appliedenergistics2:item.ItemFacade:0, Кабельный фасад - Красивый обсидиановый кирпич
appliedenergistics2:item.ItemFacade:0, Кабельный фасад - Красивый песчаниковый кирпич
appliedenergistics2:item.ItemFacade:0, Кабельный фасад - Красивый кирпич Нижнего мира
appliedenergistics2:item.ItemFacade:0, Кабельный фасад - Красивый кирпич из гладкого камня
appliedenergistics2:item.ItemFacade:0, Кабельный фасад - Красивый железный кирпич
appliedenergistics2:item.ItemFacade:0, Кабельный фасад - Красивый золотой кирпич
appliedenergistics2:item.ItemFacade:0, Кабельный фасад - Красивый лазуритовый кирпич
appliedenergistics2:item.ItemFacade:0, Кабельный фасад - Красивый алмазный кирпич
appliedenergistics2:item.ItemFacade:0, Кабельный фасад - Красивый красный кирпич
appliedenergistics2:item.ItemFacade:0, Кабельный фасад - Красивый костяной кирпич
appliedenergistics2:item.ItemFacade:0, Кабельный фасад - Красивый слизневый кирпич
appliedenergistics2:item.ItemFacade:0, Кабельный фасад - Красивый слизневый кирпич
appliedenergistics2:item.ItemFacade:0, Кабельный фасад - Кирпич из красивого камня Края
appliedenergistics2:item.ItemFacade:0, Кабельный фасад - Красивый обсидиановый кирпич
appliedenergistics2:item.ItemFacade:0, Кабельный фасад - Кирпич из красивого камня
appliedenergistics2:item.ItemFacade:0, Кабельный фасад - Каменная дорога
appliedenergistics2:item.ItemFacade:0, Кабельный фасад - Алюмитовый кирпич
appliedenergistics2:item.ItemFacade:0, Кабельный фасад - Ардитовый кирпич
appliedenergistics2:item.ItemFacade:0, Кабельный фасад - Кобальтовый кирпич
appliedenergistics2:item.ItemFacade:0, Кабельный фасад - Мануллиновый кирпич
appliedenergistics2:item.ItemFacade:0, Кабельный фасад - Красивый алюмитовый кирпич
appliedenergistics2:item.ItemFacade:0, Кабельный фасад - Красивый ардитовый кирпич
appliedenergistics2:item.ItemFacade:0, Кабельный фасад - Красивый кобальтовый кирпич
appliedenergistics2:item.ItemFacade:0, Кабельный фасад - Красивый мануллиновый кирпич
appliedenergistics2:item.ItemFacade:0, Кабельный фасад - Кобальтовая руда
appliedenergistics2:item.ItemFacade:0, Кабельный фасад - Ардитовая руда
appliedenergistics2:item.ItemFacade:0, Кабельный фасад - Медная руда
appliedenergistics2:item.ItemFacade:0, Кабельный фасад - Оловянная руда
appliedenergistics2:item.ItemFacade:0, Кабельный фасад - Алюминиевая руда
appliedenergistics2:item.ItemFacade:0, Кабельный фасад - Железная гравиевая руда
appliedenergistics2:item.ItemFacade:0, Кабельный фасад - Золотая гравиевая руда
appliedenergistics2:item.ItemFacade:0, Кабельный фасад - Медная гравиевая руда
appliedenergistics2:item.ItemFacade:0, Кабельный фасад - Оловянная гравиевая руда
appliedenergistics2:item.ItemFacade:0, Кабельный фасад - Алюминиевая гравиевая руда
appliedenergistics2:item.ItemFacade:0, Кабельный фасад - Кобальтовая гравиевая руда
appliedenergistics2:item.ItemFacade:0, Кабельный фасад - Кобальтовый блок
appliedenergistics2:item.ItemFacade:0, Кабельный фасад - Ардитовый блок
appliedenergistics2:item.ItemFacade:0, Кабельный фасад - Мануллиновый блок
appliedenergistics2:item.ItemFacade:0, Кабельный фасад - Медный блок
appliedenergistics2:item.ItemFacade:0, Кабельный фасад - Бронзовый блок
appliedenergistics2:item.ItemFacade:0, Кабельный фасад - Оловянный блок
appliedenergistics2:item.ItemFacade:0, Кабельный фасад - Алюминиевый блок
appliedenergistics2:item.ItemFacade:0, Кабельный фасад - Блок алюминиевой латуни
appliedenergistics2:item.ItemFacade:0, Кабельный фасад - Алюмитовый блок
appliedenergistics2:item.ItemFacade:0, Кабельный фасад - Стальной блок
appliedenergistics2:item.ItemFacade:0, Кабельный фасад - Блок спрессованного ока Края
appliedenergistics2:item.ItemFacade:0, Кабельный фасад - Слизневая грязь
appliedenergistics2:item.ItemFacade:0, Кабельный фасад - Цемент
appliedenergistics2:item.ItemFacade:0, Кабельный фасад - Слизневая грязь
appliedenergistics2:item.ItemFacade:0, Кабельный фасад - Кладбищенская почва
appliedenergistics2:item.ItemFacade:0, Кабельный фасад - Священная почва
appliedenergistics2:item.ItemFacade:0, Кабельный фасад - Земля из синей слизи
appliedenergistics2:item.ItemFacade:0, Кабельный фасад - Слизевая почва
appliedenergistics2:item.ItemFacade:0, Кабельный фасад - Блок клея
appliedenergistics2:item.ItemFacade:0, Кабельный фасад - Грубый бурый песчаник
appliedenergistics2:item.ItemFacade:0, Кабельный фасад - Дорога из грубого бурого песчаника
appliedenergistics2:item.ItemFacade:0, Кабельный фасад - Бурый песчаник
appliedenergistics2:item.ItemFacade:0, Кабельный фасад - Кирпич из бурого песчаника
appliedenergistics2:item.ItemFacade:0, Кабельный фасад - Дорога из бурого песчаника
appliedenergistics2:item.ItemFacade:0, Кабельный фасад - Красивый бурый песчаник
appliedenergistics2:item.ItemFacade:0, Кабельный фасад - Резной бурый песчаник
appliedenergistics2:item.ItemFacade:0, Кабельный фасад - Волшебный блок
appliedenergistics2:item.ItemFacade:0, Кабельный фасад - Покфениумный блок
appliedenergistics2:item.ItemFacade:0, Кабельный фасад - Блок красного аурума
appliedenergistics2:item.ItemFacade:0, Кабельный фасад - Блок закоптившегося кварца
appliedenergistics2:item.ItemFacade:0, Кабельный фасад - Резной блок закоптившегося кварца
appliedenergistics2:item.ItemFacade:0, Кабельный фасад - Колонна из закоптившегося кварца
appliedenergistics2:item.ItemFacade:0, Кабельный фасад - Плита закоптившегося кварца
appliedenergistics2:item.ItemFacade:0, Кабельный фасад - Блок звезды Нижнего мира
appliedenergistics2:item.ItemFacade:0, Кабельный фасад - Tainted Log
appliedenergistics2:item.ItemFacade:0, Кабельный фасад - Tainted Planks
appliedenergistics2:item.ItemFacade:0, Кабельный фасад - Tainted Stone
appliedenergistics2:item.ItemFacade:0, Кабельный фасад - Tainted Stone Bricks
appliedenergistics2:item.ItemFacade:0, Кабельный фасад - Декоративный оловянный блок
appliedenergistics2:item.ItemFacade:0, Кабельный фасад - Декоративный оловянный блок
appliedenergistics2:item.ItemFacade:0, Кабельный фасад - Медная руда
appliedenergistics2:item.ItemFacade:0, Кабельный фасад - Оловянная руда
appliedenergistics2:item.ItemFacade:0, Кабельный фасад - Алюминиевая руда
appliedenergistics2:item.ItemFacade:0, Кабельный фасад - Кремниевая руда
appliedenergistics2:item.ItemFacade:0, Кабельный фасад - Медный блок
appliedenergistics2:item.ItemFacade:0, Кабельный фасад - Оловянный блок
appliedenergistics2:item.ItemFacade:0, Кабельный фасад - Алюминиевый блок
appliedenergistics2:item.ItemFacade:0, Кабельный фасад - Блок метеоритного железа
appliedenergistics2:item.ItemFacade:0, Кабельный фасад - Медная руда
appliedenergistics2:item.ItemFacade:0, Кабельный фасад - Оловянная руда
appliedenergistics2:item.ItemFacade:0, Кабельный фасад - Сырная руда
appliedenergistics2:item.ItemFacade:0, Кабельный фасад - Лунный грунт
appliedenergistics2:item.ItemFacade:0, Кабельный фасад - Лунный камень
appliedenergistics2:item.ItemFacade:0, Кабельный фасад - Лунный дёрн
appliedenergistics2:item.ItemFacade:0, Кабельный фасад - Кирпич лунной сокровищницы
appliedenergistics2:item.ItemFacade:0, Кабельный фасад - tile.slabGCDouble.tinSlab.name
appliedenergistics2:item.ItemFacade:0, Кабельный фасад - tile.slabGCDouble.tinSlab.name
appliedenergistics2:item.ItemFacade:0, Кабельный фасад - tile.slabGCDouble.moonSlab.name
appliedenergistics2:item.ItemFacade:0, Кабельный фасад - tile.slabGCDouble.moonBricksSlab.name
appliedenergistics2:item.ItemFacade:0, Кабельный фасад - tile.slabGCDouble.marsSlab.name
appliedenergistics2:item.ItemFacade:0, Кабельный фасад - tile.slabGCDouble.marsBricksSlab.name
appliedenergistics2:item.ItemFacade:0, Кабельный фасад - Астероидный камень
appliedenergistics2:item.ItemFacade:0, Кабельный фасад - Астероидный камень
appliedenergistics2:item.ItemFacade:0, Кабельный фасад - Астероидный камень
appliedenergistics2:item.ItemFacade:0, Кабельный фасад - Алюминиевая руда
appliedenergistics2:item.ItemFacade:0, Кабельный фасад - Ильменитовая руда
appliedenergistics2:item.ItemFacade:0, Кабельный фасад - Железная руда
appliedenergistics2:item.ItemFacade:0, Кабельный фасад - Медная руда
appliedenergistics2:item.ItemFacade:0, Кабельный фасад - Оловянная руда
appliedenergistics2:item.ItemFacade:0, Кабельный фасад - Руда деш
appliedenergistics2:item.ItemFacade:0, Кабельный фасад - Железная руда
appliedenergistics2:item.ItemFacade:0, Кабельный фасад - Марсианский булыжник
appliedenergistics2:item.ItemFacade:0, Кабельный фасад - Марсианский поверхностный камень
appliedenergistics2:item.ItemFacade:0, Кабельный фасад - Марсианский подповерхностный камень
appliedenergistics2:item.ItemFacade:0, Кабельный фасад - Кирпич марсианской сокровищницы
appliedenergistics2:item.ItemFacade:0, Кабельный фасад - Блок деш
appliedenergistics2:item.ItemFacade:0, Кабельный фасад - Марсианский камень
appliedenergistics2:item.ItemFacade:0, Кабельный фасад - Осмиевая руда
appliedenergistics2:item.ItemFacade:0, Кабельный фасад - Медная руда
appliedenergistics2:item.ItemFacade:0, Кабельный фасад - Оловянная руда
appliedenergistics2:item.ItemFacade:0, Кабельный фасад - §8Черный Пластиковый блок
appliedenergistics2:item.ItemFacade:0, Кабельный фасад - §cКрасный Пластиковый блок
appliedenergistics2:item.ItemFacade:0, Кабельный фасад - §2Зеленый Пластиковый блок
appliedenergistics2:item.ItemFacade:0, Кабельный фасад - §6Коричневый Пластиковый блок
appliedenergistics2:item.ItemFacade:0, Кабельный фасад - §1Синий Пластиковый блок
appliedenergistics2:item.ItemFacade:0, Кабельный фасад - §5Фиолетовый Пластиковый блок
appliedenergistics2:item.ItemFacade:0, Кабельный фасад - §3Темно-Голубой Пластиковый блок
appliedenergistics2:item.ItemFacade:0, Кабельный фасад - §7Светло-Серый Пластиковый блок
appliedenergistics2:item.ItemFacade:0, Кабельный фасад - §8Серый Пластиковый блок
appliedenergistics2:item.ItemFacade:0, Кабельный фасад - §dРозовый Пластиковый блок
appliedenergistics2:item.ItemFacade:0, Кабельный фасад - §aСветло-Зеленый Пластиковый блок
appliedenergistics2:item.ItemFacade:0, Кабельный фасад - §eЖелтый Пластиковый блок
appliedenergistics2:item.ItemFacade:0, Кабельный фасад - §9Светло-Голубой Пластиковый блок
appliedenergistics2:item.ItemFacade:0, Кабельный фасад - §dПурпурный Пластиковый блок
appliedenergistics2:item.ItemFacade:0, Кабельный фасад - §6Оранжевый Пластиковый блок
appliedenergistics2:item.ItemFacade:0, Кабельный фасад - §fБелый Пластиковый блок
appliedenergistics2:item.ItemFacade:0, Кабельный фасад - §8Черный Гладкий пластиковый блок
appliedenergistics2:item.ItemFacade:0, Кабельный фасад - §cКрасный Гладкий пластиковый блок
appliedenergistics2:item.ItemFacade:0, Кабельный фасад - §2Зеленый Гладкий пластиковый блок
appliedenergistics2:item.ItemFacade:0, Кабельный фасад - §6Коричневый Гладкий пластиковый блок
appliedenergistics2:item.ItemFacade:0, Кабельный фасад - §1Синий Гладкий пластиковый блок
appliedenergistics2:item.ItemFacade:0, Кабельный фасад - §5Фиолетовый Гладкий пластиковый блок
appliedenergistics2:item.ItemFacade:0, Кабельный фасад - §3Темно-Голубой Гладкий пластиковый блок
appliedenergistics2:item.ItemFacade:0, Кабельный фасад - §7Светло-Серый Гладкий пластиковый блок
appliedenergistics2:item.ItemFacade:0, Кабельный фасад - §8Серый Гладкий пластиковый блок
appliedenergistics2:item.ItemFacade:0, Кабельный фасад - §dРозовый Гладкий пластиковый блок
appliedenergistics2:item.ItemFacade:0, Кабельный фасад - §aСветло-Зеленый Гладкий пластиковый блок
appliedenergistics2:item.ItemFacade:0, Кабельный фасад - §eЖелтый Гладкий пластиковый блок
appliedenergistics2:item.ItemFacade:0, Кабельный фасад - §9Светло-Голубой Гладкий пластиковый блок
appliedenergistics2:item.ItemFacade:0, Кабельный фасад - §dПурпурный Гладкий пластиковый блок
appliedenergistics2:item.ItemFacade:0, Кабельный фасад - §6Оранжевый Гладкий пластиковый блок
appliedenergistics2:item.ItemFacade:0, Кабельный фасад - §fБелый Гладкий пластиковый блок
appliedenergistics2:item.ItemFacade:0, Кабельный фасад - §8Черный Пластиковый светящийся блок
appliedenergistics2:item.ItemFacade:0, Кабельный фасад - §cКрасный Пластиковый светящийся блок
appliedenergistics2:item.ItemFacade:0, Кабельный фасад - §2Зеленый Пластиковый светящийся блок
appliedenergistics2:item.ItemFacade:0, Кабельный фасад - §6Коричневый Пластиковый светящийся блок
appliedenergistics2:item.ItemFacade:0, Кабельный фасад - §1Синий Пластиковый светящийся блок
appliedenergistics2:item.ItemFacade:0, Кабельный фасад - §5Фиолетовый Пластиковый светящийся блок
appliedenergistics2:item.ItemFacade:0, Кабельный фасад - §3Темно-Голубой Пластиковый светящийся блок
appliedenergistics2:item.ItemFacade:0, Кабельный фасад - §7Светло-Серый Пластиковый светящийся блок
appliedenergistics2:item.ItemFacade:0, Кабельный фасад - §8Серый Пластиковый светящийся блок
appliedenergistics2:item.ItemFacade:0, Кабельный фасад - §dРозовый Пластиковый светящийся блок
appliedenergistics2:item.ItemFacade:0, Кабельный фасад - §aСветло-Зеленый Пластиковый светящийся блок
appliedenergistics2:item.ItemFacade:0, Кабельный фасад - §eЖелтый Пластиковый светящийся блок
appliedenergistics2:item.ItemFacade:0, Кабельный фасад - §9Светло-Голубой Пластиковый светящийся блок
appliedenergistics2:item.ItemFacade:0, Кабельный фасад - §dПурпурный Пластиковый светящийся блок
appliedenergistics2:item.ItemFacade:0, Кабельный фасад - §6Оранжевый Пластиковый светящийся блок
appliedenergistics2:item.ItemFacade:0, Кабельный фасад - §fБелый Пластиковый светящийся блок
appliedenergistics2:item.ItemFacade:0, Кабельный фасад - §8Черный Укреплённый пластиковый блок
appliedenergistics2:item.ItemFacade:0, Кабельный фасад - §cКрасный Укреплённый пластиковый блок
appliedenergistics2:item.ItemFacade:0, Кабельный фасад - §2Зеленый Укреплённый пластиковый блок
appliedenergistics2:item.ItemFacade:0, Кабельный фасад - §6Коричневый Укреплённый пластиковый блок
appliedenergistics2:item.ItemFacade:0, Кабельный фасад - §1Синий Укреплённый пластиковый блок
appliedenergistics2:item.ItemFacade:0, Кабельный фасад - §5Фиолетовый Укреплённый пластиковый блок
appliedenergistics2:item.ItemFacade:0, Кабельный фасад - §3Темно-Голубой Укреплённый пластиковый блок
appliedenergistics2:item.ItemFacade:0, Кабельный фасад - §7Светло-Серый Укреплённый пластиковый блок
appliedenergistics2:item.ItemFacade:0, Кабельный фасад - §8Серый Укреплённый пластиковый блок
appliedenergistics2:item.ItemFacade:0, Кабельный фасад - §dРозовый Укреплённый пластиковый блок
appliedenergistics2:item.ItemFacade:0, Кабельный фасад - §aСветло-Зеленый Укреплённый пластиковый блок
appliedenergistics2:item.ItemFacade:0, Кабельный фасад - §eЖелтый Укреплённый пластиковый блок
appliedenergistics2:item.ItemFacade:0, Кабельный фасад - §9Светло-Голубой Укреплённый пластиковый блок
appliedenergistics2:item.ItemFacade:0, Кабельный фасад - §dПурпурный Укреплённый пластиковый блок
appliedenergistics2:item.ItemFacade:0, Кабельный фасад - §6Оранжевый Укреплённый пластиковый блок
appliedenergistics2:item.ItemFacade:0, Кабельный фасад - §fБелый Укреплённый пластиковый блок
appliedenergistics2:item.ItemFacade:0, Кабельный фасад - §8Черный Пластиковый путь
appliedenergistics2:item.ItemFacade:0, Кабельный фасад - §cКрасный Пластиковый путь
appliedenergistics2:item.ItemFacade:0, Кабельный фасад - §2Зеленый Пластиковый путь
appliedenergistics2:item.ItemFacade:0, Кабельный фасад - §6Коричневый Пластиковый путь
appliedenergistics2:item.ItemFacade:0, Кабельный фасад - §1Синий Пластиковый путь
appliedenergistics2:item.ItemFacade:0, Кабельный фасад - §5Фиолетовый Пластиковый путь
appliedenergistics2:item.ItemFacade:0, Кабельный фасад - §3Темно-Голубой Пластиковый путь
appliedenergistics2:item.ItemFacade:0, Кабельный фасад - §7Светло-Серый Пластиковый путь
appliedenergistics2:item.ItemFacade:0, Кабельный фасад - §8Серый Пластиковый путь
appliedenergistics2:item.ItemFacade:0, Кабельный фасад - §dРозовый Пластиковый путь
appliedenergistics2:item.ItemFacade:0, Кабельный фасад - §aСветло-Зеленый Пластиковый путь
appliedenergistics2:item.ItemFacade:0, Кабельный фасад - §eЖелтый Пластиковый путь
appliedenergistics2:item.ItemFacade:0, Кабельный фасад - §9Светло-Голубой Пластиковый путь
appliedenergistics2:item.ItemFacade:0, Кабельный фасад - §dПурпурный Пластиковый путь
appliedenergistics2:item.ItemFacade:0, Кабельный фасад - §6Оранжевый Пластиковый путь
appliedenergistics2:item.ItemFacade:0, Кабельный фасад - §fБелый Пластиковый путь
appliedenergistics2:item.ItemFacade:0, Кабельный фасад - Блок соли
appliedenergistics2:item.ItemFacade:0, Кабельный фасад - Сумеречный дуб
appliedenergistics2:item.ItemFacade:0, Кабельный фасад - Сумеречная сосна
appliedenergistics2:item.ItemFacade:0, Кабельный фасад - Сумеречная берёза
appliedenergistics2:item.ItemFacade:0, Кабельный фасад - Тёмное дерево
appliedenergistics2:item.ItemFacade:0, Кабельный фасад - Корни
appliedenergistics2:item.ItemFacade:0, Кабельный фасад - Замшелые корни
appliedenergistics2:item.ItemFacade:0, Кабельный фасад - Камень лабиринта
appliedenergistics2:item.ItemFacade:0, Кабельный фасад - Кладка из камня лабиринта
appliedenergistics2:item.ItemFacade:0, Кабельный фасад - Гладкая лабиринтовая кладка
appliedenergistics2:item.ItemFacade:0, Кабельный фасад - Декоративная лабиринтовая кладка
appliedenergistics2:item.ItemFacade:0, Кабельный фасад - Потресканая лабиринтовая кладка
appliedenergistics2:item.ItemFacade:0, Кабельный фасад - Замшелая лабиринтовая кладка
appliedenergistics2:item.ItemFacade:0, Кабельный фасад - Узорчатая лабиринтовая кладка
appliedenergistics2:item.ItemFacade:0, Кабельный фасад - Двойная узорчатая лабиринтовая кладка
appliedenergistics2:item.ItemFacade:0, Кабельный фасад - Хеджа
appliedenergistics2:item.ItemFacade:0, Кабельный фасад - Анти верстак
appliedenergistics2:item.ItemFacade:0, Кабельный фасад - Нагакамень
appliedenergistics2:item.ItemFacade:0, Кабельный фасад - Нагакамень
appliedenergistics2:item.ItemFacade:0, Кабельный фасад - Дерево времени
appliedenergistics2:item.ItemFacade:0, Кабельный фасад - Загадочное дерево
appliedenergistics2:item.ItemFacade:0, Кабельный фасад - Дерево шахтёра
appliedenergistics2:item.ItemFacade:0, Кабельный фасад - Правильное дерево
appliedenergistics2:item.ItemFacade:0, Кабельный фасад - Дерево времени
appliedenergistics2:item.ItemFacade:0, Кабельный фасад - Мудрое дерево
appliedenergistics2:item.ItemFacade:0, Кабельный фасад - Ядро дерева шахтёра
appliedenergistics2:item.ItemFacade:0, Кабельный фасад - Ядро дерева сортировки
appliedenergistics2:item.ItemFacade:0, Кабельный фасад - Планки тёмной башни
appliedenergistics2:item.ItemFacade:0, Кабельный фасад - Боковые планки тёмной башни
appliedenergistics2:item.ItemFacade:0, Кабельный фасад - Трестнутые планки тёмной башни
appliedenergistics2:item.ItemFacade:0, Кабельный фасад - Замшелые планки тёмной башни
appliedenergistics2:item.ItemFacade:0, Кабельный фасад - Инфицированные планки тёмной башни
appliedenergistics2:item.ItemFacade:0, Кабельный фасад - Восстанавливающийся блок
appliedenergistics2:item.ItemFacade:0, Кабельный фасад - Исчезающий блок
appliedenergistics2:item.ItemFacade:0, Кабельный фасад - Заблокированный восстанавливающийся блок
appliedenergistics2:item.ItemFacade:0, Кабельный фасад - Разблокированый восстанавливающийся блок
appliedenergistics2:item.ItemFacade:0, Кабельный фасад - Строитель башни
appliedenergistics2:item.ItemFacade:0, Кабельный фасад - Карминитовый реактор
appliedenergistics2:item.ItemFacade:0, Кабельный фасад - Крепкий щит
appliedenergistics2:item.ItemFacade:0, Кабельный фасад - Блок Авроры
appliedenergistics2:item.ItemFacade:0, Кабельный фасад - Подземные кирпичи
appliedenergistics2:item.ItemFacade:0, Кабельный фасад - Потресканные поздемные кирпичи
appliedenergistics2:item.ItemFacade:0, Кабельный фасад - Замшелые подземные кирпичи
appliedenergistics2:item.ItemFacade:0, Кабельный фасад - Влажный камень смерти
appliedenergistics2:item.ItemFacade:0, Кабельный фасад - Потрескавшийся камень смерти
appliedenergistics2:item.ItemFacade:0, Кабельный фасад - Камень смерти
appliedenergistics2:item.ItemFacade:0, Кабельный фасад - Листва тёмного дерева
appliedenergistics2:item.ItemFacade:0, Кабельный фасад - Колонна Авроры
appliedenergistics2:item.ItemFacade:0, Кабельный фасад - Плита Авроры
appliedenergistics2:item.ItemFacade:0, Кабельный фасад - Тролльштеин
appliedenergistics2:item.ItemFacade:0, Кабельный фасад - Взбытое облако
appliedenergistics2:item.ItemFacade:0, Кабельный фасад - Гигантский булыжник
appliedenergistics2:item.ItemFacade:0, Кабельный фасад - Гигантское дерево
appliedenergistics2:item.ItemFacade:0, Кабельный фасад - Гигантский обсидиан
appliedenergistics2:item.ItemFacade:0, Кабельный фасад - Огромный стебель
appliedenergistics2:item.ItemFacade:0, Кабельный фасад - Огромный грибрил
appliedenergistics2:item.ItemFacade:0, Кабельный фасад - Castle Brick
appliedenergistics2:item.ItemFacade:0, Кабельный фасад - Worn Castle Brick
appliedenergistics2:item.ItemFacade:0, Кабельный фасад - Cracked Castle Brick
appliedenergistics2:item.ItemFacade:0, Кабельный фасад - Castle Roof Tile
appliedenergistics2:item.ItemFacade:0, Кабельный фасад - Blue Castle Rune Brick
appliedenergistics2:item.ItemFacade:0, Кабельный фасад - Yellow Castle Rune Brick
appliedenergistics2:item.ItemFacade:0, Кабельный фасад - Pink Castle Rune Brick
appliedenergistics2:item.ItemFacade:0, Кабельный фасад - Violet Castle Rune Brick
appliedenergistics2:item.ItemFacade:0, Кабельный фасад - Cinder Log [NYI]
appliedenergistics2:item.ItemFacade:0, Кабельный фасад - Blue Castle Door
appliedenergistics2:item.ItemFacade:0, Кабельный фасад - Twilight Oak Planks
appliedenergistics2:item.ItemFacade:0, Кабельный фасад - Canopy Planks
appliedenergistics2:item.ItemFacade:0, Кабельный фасад - Mangrove Planks
appliedenergistics2:item.ItemFacade:0, Кабельный фасад - Darkwood Planks
appliedenergistics2:item.ItemFacade:0, Кабельный фасад - Timewood Planks
appliedenergistics2:item.ItemFacade:0, Кабельный фасад - Transwood Planks
appliedenergistics2:item.ItemFacade:0, Кабельный фасад - Minewood Planks
appliedenergistics2:item.ItemFacade:0, Кабельный фасад - Sortingwood Planks
appliedenergistics2:item.ItemFacade:0, Кабельный фасад - Искаженная древесина
appliedenergistics2:item.ItemFacade:0, Кабельный фасад - Доски из Искаженной древесины
appliedenergistics2:item.ItemFacade:0, Кабельный фасад - Искаженная листва
appliedenergistics2:item.ItemFacade:0, Кабельный фасад - Infused Quartz Block
appliedenergistics2:item.ItemFacade:0, Кабельный фасад - Chiseled Infused Quartz Block
appliedenergistics2:item.ItemFacade:0, Кабельный фасад - Infused Quartz Pillar Block
appliedenergistics2:item.ItemFacade:0, Кабельный фасад - Алхимит
appliedenergistics2:item.ItemFacade:0, Кабельный фасад - Шоколадный блок
appliedenergistics2:item.ItemFacade:0, Кабельный фасад - Граница измерения
appliedenergistics2:item.ItemFacade:0, Кабельный фасад - Блок мозга
appliedenergistics2:item.ItemFacade:0, Кабельный фасад - Пыль
appliedenergistics2:item.ItemFacade:0, Кабельный фасад - Кластер глаз
appliedenergistics2:item.ItemFacade:0, Кабельный фасад - Кость
appliedenergistics2:item.ItemFacade:0, Кабельный фасад - Блок плоти
appliedenergistics2:item.ItemFacade:0, Кабельный фасад - Сингулярные останки
appliedenergistics2:item.ItemFacade:0, Кабельный фасад - Планарные врата
appliedenergistics2:item.ItemFacade:0, Кабельный фасад - Рябина
appliedenergistics2:item.ItemFacade:0, Кабельный фасад - Ольха
appliedenergistics2:item.ItemFacade:0, Кабельный фасад - Боярышник
appliedenergistics2:item.ItemFacade:0, Кабельный фасад - Рябиновые доски
appliedenergistics2:item.ItemFacade:0, Кабельный фасад - Ольховые доски
appliedenergistics2:item.ItemFacade:0, Кабельный фасад - Боярышниковые доски
appliedenergistics2:item.ItemFacade:0, Кабельный фасад - Рябиновая плита
appliedenergistics2:item.ItemFacade:0, Кабельный фасад - Ольховая плита
appliedenergistics2:item.ItemFacade:0, Кабельный фасад - Боярышниковая плита
appliedenergistics2:item.ItemFacade:0, Кабельный фасад - Торба
appliedenergistics2:item.ItemFacade:0, Кабельный фасад - Окровавленная торба
appliedenergistics2:item.ItemFacade:0, Кабельный фасад - Snow Slab
appliedenergistics2:item.ItemFacade:0, Кабельный фасад - Blood-stained Wool
appliedenergistics2:item.ItemFacade:0, Кабельный фасад - Mirror Surface
appliedenergistics2:item.ItemFacade:0, Кабельный фасад - Пыточный камень
appliedenergistics2:item.ItemFacade:0, Кабельный фасад - Зачарованный Райский Дёрн
appliedenergistics2:item.ItemFacade:0, Кабельный фасад - Райская земля
appliedenergistics2:item.ItemFacade:0, Кабельный фасад - Святой Камень
appliedenergistics2:item.ItemFacade:0, Кабельный фасад - Замшелый Святой Камень
appliedenergistics2:item.ItemFacade:0, Кабельный фасад - Святой кирпич
appliedenergistics2:item.ItemFacade:0, Кабельный фасад - Быстро-песок
appliedenergistics2:item.ItemFacade:0, Кабельный фасад - Руда Амброзиума
appliedenergistics2:item.ItemFacade:0, Кабельный фасад - Занитовая Руда
appliedenergistics2:item.ItemFacade:0, Кабельный фасад - Занитный Блок
appliedenergistics2:item.ItemFacade:0, Кабельный фасад - Подарок
appliedenergistics2:item.ItemFacade:0, Кабельный фасад - Небесное древо
appliedenergistics2:item.ItemFacade:0, Кабельный фасад - Золотой Дуб
appliedenergistics2:item.ItemFacade:0, Кабельный фасад - Небесные доски
appliedenergistics2:item.ItemFacade:0, Кабельный фасад - Солнечный алтарь
appliedenergistics2:item.ItemFacade:0, Кабельный фасад - Колонна
appliedenergistics2:item.ItemFacade:0, Кабельный фасад - Резная колонна
appliedenergistics2:item.ItemFacade:0, Кабельный фасад - Резной Камень
appliedenergistics2:item.ItemFacade:0, Кабельный фасад - Свето-резной Камень
appliedenergistics2:item.ItemFacade:0, Кабельный фасад - Ангельский Камень
appliedenergistics2:item.ItemFacade:0, Кабельный фасад - Свето-ангельский Камень
appliedenergistics2:item.ItemFacade:0, Кабельный фасад - Адский Камень
appliedenergistics2:item.ItemFacade:0, Кабельный фасад - Светло-адский Камень
appliedenergistics2:item.ItemFacade:0, Кабельный фасад - Резной Камень
appliedenergistics2:item.ItemFacade:0, Кабельный фасад - Свето-резной Камень
appliedenergistics2:item.ItemFacade:0, Кабельный фасад - Ангельский Камень
appliedenergistics2:item.ItemFacade:0, Кабельный фасад - Свето-ангельский Камень
appliedenergistics2:item.ItemFacade:0, Кабельный фасад - Адский Камень
appliedenergistics2:item.ItemFacade:0, Кабельный фасад - Светло-адский Камень
appliedenergistics2:item.ItemFacade:0, Кабельный фасад - Резной Камень
appliedenergistics2:item.ItemFacade:0, Кабельный фасад - Ангельский Камень
appliedenergistics2:item.ItemFacade:0, Кабельный фасад - Адский Камень
appliedenergistics2:item.ItemFacade:0, Кабельный фасад - Двойная Плита из Небесного древа
appliedenergistics2:item.ItemFacade:0, Кабельный фасад - Каменная Двойная Плита
appliedenergistics2:item.ItemFacade:0, Кабельный фасад - Ангельская Двойная Плита
appliedenergistics2:item.ItemFacade:0, Кабельный фасад - Адская Двойная Плита
appliedenergistics2:item.ItemFacade:0, Кабельный фасад - Двойная Плита из Булыжника
appliedenergistics2:item.ItemFacade:0, Кабельный фасад - Двойная плита из Замшелого Булыжника
appliedenergistics2:item.ItemFacade:0, Кабельный фасад - Двойная Плита из Кирпича
appliedenergistics2:item.ItemFacade:0, Кабельный фасад - Лестница из аэро-геля
appliedenergistics2:item.ItemFacade:0, Кабельный фасад - Небесная книжная полка
appliedenergistics2:item.ItemCrystalSeed:0, Семя истинного кварца
appliedenergistics2:item.ItemCrystalSeed:600, Семя кварца Нижнего мира
appliedenergistics2:item.ItemCrystalSeed:1200, Изменчивое семя
appliedenergistics2:item.ItemCrystalSeed:0, Семя истинного кварца
appliedenergistics2:item.ItemCrystalSeed:600, Семя кварца Нижнего мира
appliedenergistics2:item.ItemCrystalSeed:1200, Изменчивое семя
appliedenergistics2:item.ItemCrystalSeed:0, Семя истинного кварца
appliedenergistics2:item.ItemCrystalSeed:600, Семя кварца Нижнего мира
appliedenergistics2:item.ItemCrystalSeed:1200, Изменчивое семя
appliedenergistics2:item.ItemEncodedPattern, Кодированный шаблон
appliedenergistics2:item.ToolColorApplicator, Аппликатор цвета
appliedenergistics2:item.ItemPaintBall:0, Шар с краской - Белый
appliedenergistics2:item.ItemPaintBall:1, Шар с краской - Оранжевый
appliedenergistics2:item.ItemPaintBall:2, Шар с краской - Сиреневый
appliedenergistics2:item.ItemPaintBall:3, Шар с краской - Светло-синий
appliedenergistics2:item.ItemPaintBall:4, Шар с краской - Жёлтый
appliedenergistics2:item.ItemPaintBall:5, Шар с краской - Лаймовый
appliedenergistics2:item.ItemPaintBall:6, Шар с краской - Розовый
appliedenergistics2:item.ItemPaintBall:7, Шар с краской - Серый
appliedenergistics2:item.ItemPaintBall:8, Шар с краской - Светло-серый
appliedenergistics2:item.ItemPaintBall:9, Шар с краской - Бирюзовый
appliedenergistics2:item.ItemPaintBall:10, Шар с краской - Фиолетовый
appliedenergistics2:item.ItemPaintBall:11, Шар с краской - Синий
appliedenergistics2:item.ItemPaintBall:12, Шар с краской - Коричневый
appliedenergistics2:item.ItemPaintBall:13, Шар с краской - Зелёный
appliedenergistics2:item.ItemPaintBall:14, Шар с краской - Красный
appliedenergistics2:item.ItemPaintBall:15, Шар с краской - Чёрный
appliedenergistics2:item.ItemPaintBall:20, Шар с краской - Люмен Белый
appliedenergistics2:item.ItemPaintBall:21, Шар с краской - Люмен Оранжевый
appliedenergistics2:item.ItemPaintBall:22, Шар с краской - Люмен Сиреневый
appliedenergistics2:item.ItemPaintBall:23, Шар с краской - Люмен Светло-синий
appliedenergistics2:item.ItemPaintBall:24, Шар с краской - Люмен Жёлтый
appliedenergistics2:item.ItemPaintBall:25, Шар с краской - Люмен Лаймовый
appliedenergistics2:item.ItemPaintBall:26, Шар с краской - Люмен Розовый
appliedenergistics2:item.ItemPaintBall:27, Шар с краской - Люмен Серый
appliedenergistics2:item.ItemPaintBall:28, Шар с краской - Люмен Светло-серый
appliedenergistics2:item.ItemPaintBall:29, Шар с краской - Люмен Бирюзовый
appliedenergistics2:item.ItemPaintBall:30, Шар с краской - Люмен Фиолетовый
appliedenergistics2:item.ItemPaintBall:31, Шар с краской - Люмен Синий
appliedenergistics2:item.ItemPaintBall:32, Шар с краской - Люмен Коричневый
appliedenergistics2:item.ItemPaintBall:33, Шар с краской - Люмен Зелёный
appliedenergistics2:item.ItemPaintBall:34, Шар с краской - Люмен Красный
appliedenergistics2:item.ItemPaintBall:35, Шар с краской - Люмен Чёрный
appliedenergistics2:item.ItemMultiMaterial:28, Продвинутая карта
appliedenergistics2:item.ItemMultiMaterial:44, Ядро истребления
appliedenergistics2:item.ItemMultiMaterial:25, Базовая карта
appliedenergistics2:item.ItemMultiMaterial:52, Пустой шаблон
appliedenergistics2:item.ItemMultiMaterial:23, Вычислительный процессор
appliedenergistics2:item.ItemMultiMaterial:13, Вычислительный пресс для высекателя
appliedenergistics2:item.ItemMultiMaterial:16, Отпечатанный вычислительный контур
appliedenergistics2:item.ItemMultiMaterial:27, Карта ёмкости
appliedenergistics2:item.ItemMultiMaterial:53, Карта создания
appliedenergistics2:item.ItemMultiMaterial:29, Карта нечёткости
appliedenergistics2:item.ItemMultiMaterial:31, Карта инвертирования
appliedenergistics2:item.ItemMultiMaterial:26, Карта красного камня
appliedenergistics2:item.ItemMultiMaterial:30, Карта ускорения
appliedenergistics2:item.ItemMultiMaterial:34, 128³ пространственный компонент
appliedenergistics2:item.ItemMultiMaterial:33, 16³ пространственный компонент
appliedenergistics2:item.ItemMultiMaterial:37, 16К МЭ компонент хранения
appliedenergistics2:item.ItemMultiMaterial:35, 1К МЭ компонент хранения
appliedenergistics2:item.ItemMultiMaterial:32, 2³ пространственный компонент
appliedenergistics2:item.ItemMultiMaterial:36, 4К МЭ компонент хранения
appliedenergistics2:item.ItemMultiMaterial:38, 64К МЭ компонент хранения
appliedenergistics2:item.ItemMultiMaterial:0, Кристалл истинного кварца
appliedenergistics2:item.ItemMultiMaterial:1, Заряженный кристалл истинного кварца
appliedenergistics2:item.ItemMultiMaterial:2, Пыль истинного кварца
appliedenergistics2:item.ItemMultiMaterial:39, МЭ корпус ячейки хранения
appliedenergistics2:item.ItemMultiMaterial:24, Инженерный процессор
appliedenergistics2:item.ItemMultiMaterial:14, Инженерный пресс для высекателя
appliedenergistics2:item.ItemMultiMaterial:17, Отпечатанный инженерный контур
appliedenergistics2:item.ItemMultiMaterial:4, Мука
appliedenergistics2:item.ItemMultiMaterial:7, Изменчивый кристалл
appliedenergistics2:item.ItemMultiMaterial:8, Изменчивая пыль
appliedenergistics2:item.ItemMultiMaterial:9, Изменчивая жемчужина
appliedenergistics2:item.ItemMultiMaterial:43, Ядро формирования
appliedenergistics2:item.ItemMultiMaterial:22, Логический процессор
appliedenergistics2:item.ItemMultiMaterial:15, Логический пресс для высекателя
appliedenergistics2:item.ItemMultiMaterial:18, Отпечатанный логический контур
appliedenergistics2:item.ItemMultiMaterial:6, Шарик материи
appliedenergistics2:item.ItemMultiMaterial:21, Именующий пресс для высекателя
appliedenergistics2:item.ItemMultiMaterial:3, Пыль кварца Нижнего мира
appliedenergistics2:item.ItemMultiMaterial:10, Чистый кристалл истинного кварца
appliedenergistics2:item.ItemMultiMaterial:12, Чистый изменчивый кристалл
appliedenergistics2:item.ItemMultiMaterial:11, Чистый кристалл кварца Нижнего мира
appliedenergistics2:item.ItemMultiMaterial:48, Квантовая запутанная сингулярность
appliedenergistics2:item.ItemMultiMaterial:19, Кремниевый пресс для высекателя
appliedenergistics2:item.ItemMultiMaterial:20, Отпечатанный кремний
appliedenergistics2:item.ItemMultiMaterial:47, Сингулярность
appliedenergistics2:item.ItemMultiMaterial:45, Пыль небесного камня
appliedenergistics2:item.ItemMultiMaterial:41, Беспроводной приёмник
appliedenergistics2:item.ItemMultiMaterial:42, Беспроводной усилитель
appliedenergistics2:item.ItemMultiPart:300, Плоскость истребления
appliedenergistics2:item.ItemMultiPart:120, Кабельный якорь
appliedenergistics2:item.ItemMultiPart:20, МЭ закрытый кабель - Белый
appliedenergistics2:item.ItemMultiPart:21, МЭ закрытый кабель - Оранжевый
appliedenergistics2:item.ItemMultiPart:22, МЭ закрытый кабель - Сиреневый
appliedenergistics2:item.ItemMultiPart:23, МЭ закрытый кабель - Светло-синий
appliedenergistics2:item.ItemMultiPart:24, МЭ закрытый кабель - Жёлтый
appliedenergistics2:item.ItemMultiPart:25, МЭ закрытый кабель - Лаймовый
appliedenergistics2:item.ItemMultiPart:26, МЭ закрытый кабель - Розовый
appliedenergistics2:item.ItemMultiPart:27, МЭ закрытый кабель - Серый
appliedenergistics2:item.ItemMultiPart:28, МЭ закрытый кабель - Светло-серый
appliedenergistics2:item.ItemMultiPart:29, МЭ закрытый кабель - Бирюзовый
appliedenergistics2:item.ItemMultiPart:30, МЭ закрытый кабель - Фиолетовый
appliedenergistics2:item.ItemMultiPart:31, МЭ закрытый кабель - Синий
appliedenergistics2:item.ItemMultiPart:32, МЭ закрытый кабель - Коричневый
appliedenergistics2:item.ItemMultiPart:33, МЭ закрытый кабель - Зелёный
appliedenergistics2:item.ItemMultiPart:34, МЭ закрытый кабель - Красный
appliedenergistics2:item.ItemMultiPart:35, МЭ закрытый кабель - Чёрный
appliedenergistics2:item.ItemMultiPart:36, МЭ закрытый кабель - Изменчивый
appliedenergistics2:item.ItemMultiPart:60, МЭ плотный кабель - Белый
appliedenergistics2:item.ItemMultiPart:61, МЭ плотный кабель - Оранжевый
appliedenergistics2:item.ItemMultiPart:62, МЭ плотный кабель - Сиреневый
appliedenergistics2:item.ItemMultiPart:63, МЭ плотный кабель - Светло-синий
appliedenergistics2:item.ItemMultiPart:64, МЭ плотный кабель - Жёлтый
appliedenergistics2:item.ItemMultiPart:65, МЭ плотный кабель - Лаймовый
appliedenergistics2:item.ItemMultiPart:66, МЭ плотный кабель - Розовый
appliedenergistics2:item.ItemMultiPart:67, МЭ плотный кабель - Серый
appliedenergistics2:item.ItemMultiPart:68, МЭ плотный кабель - Светло-серый
appliedenergistics2:item.ItemMultiPart:69, МЭ плотный кабель - Бирюзовый
appliedenergistics2:item.ItemMultiPart:70, МЭ плотный кабель - Фиолетовый
appliedenergistics2:item.ItemMultiPart:71, МЭ плотный кабель - Синий
appliedenergistics2:item.ItemMultiPart:72, МЭ плотный кабель - Коричневый
appliedenergistics2:item.ItemMultiPart:73, МЭ плотный кабель - Зелёный
appliedenergistics2:item.ItemMultiPart:74, МЭ плотный кабель - Красный
appliedenergistics2:item.ItemMultiPart:75, МЭ плотный кабель - Чёрный
appliedenergistics2:item.ItemMultiPart:76, МЭ плотный кабель - Изменчивый
appliedenergistics2:item.ItemMultiPart:0, МЭ стеклянный кабель - Белый
appliedenergistics2:item.ItemMultiPart:1, МЭ стеклянный кабель - Оранжевый
appliedenergistics2:item.ItemMultiPart:2, МЭ стеклянный кабель - Сиреневый
appliedenergistics2:item.ItemMultiPart:3, МЭ стеклянный кабель - Светло-синий
appliedenergistics2:item.ItemMultiPart:4, МЭ стеклянный кабель - Жёлтый
appliedenergistics2:item.ItemMultiPart:5, МЭ стеклянный кабель - Лаймовый
appliedenergistics2:item.ItemMultiPart:6, МЭ стеклянный кабель - Розовый
appliedenergistics2:item.ItemMultiPart:7, МЭ стеклянный кабель - Серый
appliedenergistics2:item.ItemMultiPart:8, МЭ стеклянный кабель - Светло-серый
appliedenergistics2:item.ItemMultiPart:9, МЭ стеклянный кабель - Бирюзовый
appliedenergistics2:item.ItemMultiPart:10, МЭ стеклянный кабель - Фиолетовый
appliedenergistics2:item.ItemMultiPart:11, МЭ стеклянный кабель - Синий
appliedenergistics2:item.ItemMultiPart:12, МЭ стеклянный кабель - Коричневый
appliedenergistics2:item.ItemMultiPart:13, МЭ стеклянный кабель - Зелёный
appliedenergistics2:item.ItemMultiPart:14, МЭ стеклянный кабель - Красный
appliedenergistics2:item.ItemMultiPart:15, МЭ стеклянный кабель - Чёрный
appliedenergistics2:item.ItemMultiPart:16, МЭ стеклянный кабель - Изменчивый
appliedenergistics2:item.ItemMultiPart:40, МЭ умный кабель - Белый
appliedenergistics2:item.ItemMultiPart:41, МЭ умный кабель - Оранжевый
appliedenergistics2:item.ItemMultiPart:42, МЭ умный кабель - Сиреневый
appliedenergistics2:item.ItemMultiPart:43, МЭ умный кабель - Светло-синий
appliedenergistics2:item.ItemMultiPart:44, МЭ умный кабель - Жёлтый
appliedenergistics2:item.ItemMultiPart:45, МЭ умный кабель - Лаймовый
appliedenergistics2:item.ItemMultiPart:46, МЭ умный кабель - Розовый
appliedenergistics2:item.ItemMultiPart:47, МЭ умный кабель - Серый
appliedenergistics2:item.ItemMultiPart:48, МЭ умный кабель - Светло-серый
appliedenergistics2:item.ItemMultiPart:49, МЭ умный кабель - Бирюзовый
appliedenergistics2:item.ItemMultiPart:50, МЭ умный кабель - Фиолетовый
appliedenergistics2:item.ItemMultiPart:51, МЭ умный кабель - Синий
appliedenergistics2:item.ItemMultiPart:52, МЭ умный кабель - Коричневый
appliedenergistics2:item.ItemMultiPart:53, МЭ умный кабель - Зелёный
appliedenergistics2:item.ItemMultiPart:54, МЭ умный кабель - Красный
appliedenergistics2:item.ItemMultiPart:55, МЭ умный кабель - Чёрный
appliedenergistics2:item.ItemMultiPart:56, МЭ умный кабель - Изменчивый
appliedenergistics2:item.ItemMultiPart:420, МЭ монитор преобразования
appliedenergistics2:item.ItemMultiPart:360, МЭ терминал создания
appliedenergistics2:item.ItemMultiPart:200, Тёмная осветительная панель
appliedenergistics2:item.ItemMultiPart:260, МЭ шина экспорта
appliedenergistics2:item.ItemMultiPart:320, МЭ плоскость формирования
appliedenergistics2:item.ItemMultiPart:301, ME Identity Annihilation Plane
appliedenergistics2:item.ItemMultiPart:240, МЭ шина импорта
appliedenergistics2:item.ItemMultiPart:440, МЭ интерфейс
appliedenergistics2:item.ItemMultiPart:480, МЭ терминал интерфейсов
appliedenergistics2:item.ItemMultiPart:100, МЭ инвертированная шина переключения
appliedenergistics2:item.ItemMultiPart:280, МЭ излучатель уровня
appliedenergistics2:item.ItemMultiPart:160, Яркая осветительная панель
appliedenergistics2:item.ItemMultiPart:465, Туннель точка-точка - EU
appliedenergistics2:item.ItemMultiPart:462, Туннель точка-точка - Предмет
appliedenergistics2:item.ItemMultiPart:467, Туннель точка-точка - Свет
appliedenergistics2:item.ItemMultiPart:463, Туннель точка-точка - Жидкость
appliedenergistics2:item.ItemMultiPart:460, Туннель точка-точка - МЭ
appliedenergistics2:item.ItemMultiPart:466, Туннель точка-точка - RF
appliedenergistics2:item.ItemMultiPart:461, Туннель точка-точка - Красный камень
appliedenergistics2:item.ItemMultiPart:340, МЭ терминал шаблонов
appliedenergistics2:item.ItemMultiPart:140, Кварцевое оптическое волокно
appliedenergistics2:item.ItemMultiPart:180, Осветительная панель
appliedenergistics2:item.ItemMultiPart:220, МЭ шина хранения
appliedenergistics2:item.ItemMultiPart:400, МЭ монитор хранения
appliedenergistics2:item.ItemMultiPart:380, МЭ терминал
appliedenergistics2:item.ItemMultiPart:80, МЭ шина переключения
Aroma1997sDimension:portalIgniter, Mining Multitool
Aroma1997sDimension:dimensionChanger, DimensionChanger
MineFactoryReloaded:hammer, Точная кувалда
MineFactoryReloaded:plastic.boots, Пластиковые ботинки
MineFactoryReloaded:rubber.raw, Сырая резина
MineFactoryReloaded:rubber.bar, Плитка резины
MineFactoryReloaded:plastic.raw, Сырой пластик
MineFactoryReloaded:plastic.sheet, Пластиковые листы
MineFactoryReloaded:plastic.helm, Пластиковый шлем
MineFactoryReloaded:plastic.chest, Пластиковая кираса
MineFactoryReloaded:plastic.legs, Пластиковые поножи
MineFactoryReloaded:glass.helm, Sunglasses
MineFactoryReloaded:upgrade.radius:0, Улучшение (Лазурит)
MineFactoryReloaded:upgrade.radius:1, Улучшение (Олово)
MineFactoryReloaded:upgrade.radius:2, Улучшение (Железо)
MineFactoryReloaded:upgrade.radius:3, Улучшение (Медь)
MineFactoryReloaded:upgrade.radius:4, Улучшение (Бронза)
MineFactoryReloaded:upgrade.radius:5, Улучшение (Серебро)
MineFactoryReloaded:upgrade.radius:6, Улучшение (Золото)
MineFactoryReloaded:upgrade.radius:7, Улучшение (Кварц)
MineFactoryReloaded:upgrade.radius:8, Улучшение (Алмаз)
MineFactoryReloaded:upgrade.radius:9, Улучшение (Платина)
MineFactoryReloaded:upgrade.radius:10, Улучшение (Изумруд)
MineFactoryReloaded:upgrade.radius:11, Улучшение (Булыжник)
MineFactoryReloaded:rednet.meter:0, RedNet измеритель
MineFactoryReloaded:rednet.meter:1, RedNet мультиметр
MineFactoryReloaded:rednet.meter:2, Предмет отладки
MineFactoryReloaded:rednet.memorycard, Карта памяти PRC
MineFactoryReloaded:upgrade.logic:0, PRC LX-100 логическая карта расширения
MineFactoryReloaded:upgrade.logic:1, PRC LX-300 логическая карта расширения
MineFactoryReloaded:upgrade.logic:2, PRC LX-500 логическая карта расширения
MineFactoryReloaded:meat.ingot.raw, Сырой слиток мяса
MineFactoryReloaded:meat.ingot.cooked, Приготовленный слиток мяса
MineFactoryReloaded:meat.nugget.raw, Кусочек сырого мяса
MineFactoryReloaded:meat.nugget.cooked, Кусочек приготовленного мяса
MineFactoryReloaded:pinkslime:0, Шарик розовой слизи
MineFactoryReloaded:pinkslime:1, Кристалл розовой слизи
MineFactoryReloaded:syringe.empty, Пустой шприц
MineFactoryReloaded:syringe.health, Шприц здоровья
MineFactoryReloaded:syringe.growth, Шприц роста
MineFactoryReloaded:syringe.zombie, Шприц зомби
MineFactoryReloaded:syringe.slime, Увеличитель слизней
MineFactoryReloaded:syringe.cure, Антидот
MineFactoryReloaded:safarinet.launcher, Метатель сети
MineFactoryReloaded:safarinet.reusable, Сафари сеть (Многоразовая)
MineFactoryReloaded:safarinet.singleuse, Сафари сеть (Одноразовая)
MineFactoryReloaded:safarinet.jailer, Тюремная сафари сеть
MineFactoryReloaded:safarinet.jailer.fancy, Золотая тюремная сафари сеть
MineFactoryReloaded:portaspawner, Портоспаунер
MineFactoryReloaded:xpextractor, Экстрактор опыта
MineFactoryReloaded:straw, Соломка
MineFactoryReloaded:milkbottle, Бутылка молока
MineFactoryReloaded:plastic.cup:0, Пластиковый стаканчик
MineFactoryReloaded:plastic.bag, Пластиковый пакет
MineFactoryReloaded:sugarcharcoal, Сахарный древесный уголь
MineFactoryReloaded:fertilizer, Промышленное удобрение
MineFactoryReloaded:ceramicdye:0, Керамическая краска (Белая)
MineFactoryReloaded:ceramicdye:1, Керамическая краска (Оранжевая)
MineFactoryReloaded:ceramicdye:2, Керамическая краска (Сиреневая)
MineFactoryReloaded:ceramicdye:3, Керамическая краска (Светло-синяя)
MineFactoryReloaded:ceramicdye:4, Керамическая краска (Жёлтая)
MineFactoryReloaded:ceramicdye:5, Керамическая краска (Лаймовая)
MineFactoryReloaded:ceramicdye:6, Керамическая краска (Розовая)
MineFactoryReloaded:ceramicdye:7, Керамическая краска (Серая)
MineFactoryReloaded:ceramicdye:8, Керамическая краска (Светло-серая)
MineFactoryReloaded:ceramicdye:9, Керамическая краска (Бирюзовая)
MineFactoryReloaded:ceramicdye:10, Керамическая краска (Фиолетовая)
MineFactoryReloaded:ceramicdye:11, Керамическая краска (Синяя)
MineFactoryReloaded:ceramicdye:12, Керамическая краска (Коричневая)
MineFactoryReloaded:ceramicdye:13, Керамическая краска (Зелёная)
MineFactoryReloaded:ceramicdye:14, Керамическая краска (Красная)
MineFactoryReloaded:ceramicdye:15, Керамическая краска (Чёрная)
MineFactoryReloaded:laserfocus:0, Фокусирующая линза (Белая)
MineFactoryReloaded:laserfocus:1, Фокусирующая линза (Оранжевая)
MineFactoryReloaded:laserfocus:2, Фокусирующая линза (Сиреневая)
MineFactoryReloaded:laserfocus:3, Фокусирующая линза (Светло-синяя)
MineFactoryReloaded:laserfocus:4, Фокусирующая линза (Жёлтая)
MineFactoryReloaded:laserfocus:5, Фокусирующая линза (Лаймовая)
MineFactoryReloaded:laserfocus:6, Фокусирующая линза (Розовая)
MineFactoryReloaded:laserfocus:7, Фокусирующая линза (Серая)
MineFactoryReloaded:laserfocus:8, Фокусирующая линза (Светло-серая)
MineFactoryReloaded:laserfocus:9, Фокусирующая линза (Бирюзовая)
MineFactoryReloaded:laserfocus:10, Фокусирующая линза (Фиолетовая)
MineFactoryReloaded:laserfocus:11, Фокусирующая линза (Синяя)
MineFactoryReloaded:laserfocus:12, Фокусирующая линза (Коричневая)
MineFactoryReloaded:laserfocus:13, Фокусирующая линза (Зелёная)
MineFactoryReloaded:laserfocus:14, Фокусирующая линза (Красная)
MineFactoryReloaded:laserfocus:15, Фокусирующая линза (Чёрная)
MineFactoryReloaded:record.blank, Пустая пластинка
MineFactoryReloaded:spyglass, Подзорная труба
MineFactoryReloaded:ruler, Линейка
MineFactoryReloaded:fishingrod, Удочка
MineFactoryReloaded:potatolauncher, Potato Cannon
MineFactoryReloaded:needlegun, Игольчатое ружьё
MineFactoryReloaded:needlegun.ammo.empty, Магазин игольчатого ружья
MineFactoryReloaded:needlegun.ammo.standard, Боеприпасы игольчатого ружья (Иглы)
MineFactoryReloaded:needlegun.ammo.pierce, Боеприпасы игольчатого ружья (Шрапнель)
MineFactoryReloaded:needlegun.ammo.lava, Боеприпасы игольчатого ружья (Лава)
MineFactoryReloaded:needlegun.ammo.sludge, Боеприпасы игольчатого ружья (Шлам)
MineFactoryReloaded:needlegun.ammo.sewage, Боеприпасы игольчатого ружья (Навоз)
MineFactoryReloaded:needlegun.ammo.fire, Боеприпасы игольчатого ружья (Огонь)
MineFactoryReloaded:needlegun.ammo.anvil, Боеприпасы игольчатого ружья (Наковальня)
MineFactoryReloaded:rocketlauncher, SPAMR Launcher
MineFactoryReloaded:rocket:0, Tracking Self-Propelled Anti Material Rocket
MineFactoryReloaded:rocket:1, Self-Propelled Anti Material Rocket
MineFactoryReloaded:bucket.sewage, Ведро навоза
MineFactoryReloaded:bucket.sludge, Ведро шлама
MineFactoryReloaded:bucket.essence, Ведро эссенции
MineFactoryReloaded:bucket.biofuel, Ведро биотоплива
MineFactoryReloaded:bucket.meat, Ведро фарша
MineFactoryReloaded:bucket.pinkslime, Ведро розовой слизи
MineFactoryReloaded:bucket.chocolatemilk, Ведро молочного шоколада
MineFactoryReloaded:bucket.mushroomsoup, Ведро грибного супа
Baubles:Ring:0, Кольцо шахтёра
Thaumcraft:WandCasting:0, Обитый железом деревянный жезл
Thaumcraft:WandCasting:9, Окаймленный золотом великодревесный жезл
Thaumcraft:WandCasting:54, Покрытый таум-металлом серебродревесный жезл
Thaumcraft:WandCasting:128, Покрытый таум-металлом серебродревесный скипетр
Thaumcraft:WandCap:0, Железный наконечник
Thaumcraft:WandCap:1, Золотой наконечник
Thaumcraft:WandCap:2, Заряженный таум-наконечник
Thaumcraft:WandCap:6, Инертный таум-наконечник
Thaumcraft:WandCap:7, Заряженный пустотный наконечник
Thaumcraft:WandCap:8, Инертный пустотный наконечник
Thaumcraft:WandRod:0, Великодревесный стержень
Thaumcraft:WandRod:1, Обсидиановый стержень
Thaumcraft:WandRod:2, Серебрянодревесный стержень
Thaumcraft:WandRod:3, Ледяной стержень
Thaumcraft:WandRod:4, Кварцевый стержень
Thaumcraft:WandRod:5, Тростниковый стержень
Thaumcraft:WandRod:6, Огненный стержень
Thaumcraft:WandRod:7, Костяной стержень
Thaumcraft:WandRod:50, Великодревесное ядро посоха
Thaumcraft:WandRod:51, Обсидиановое ядро посоха
Thaumcraft:WandRod:52, Серебрянодревесное ядро посоха
Thaumcraft:WandRod:53, Ледяное ядро посоха
Thaumcraft:WandRod:54, Кварцевое ядро посоха
Thaumcraft:WandRod:55, Тростниковое ядро посоха
Thaumcraft:WandRod:56, Огненное ядро посоха
Thaumcraft:WandRod:57, Костяное ядро посоха
Thaumcraft:WandRod:100, Сингулярное ядро посоха
Thaumcraft:FocusPouch, Сумка для набалдашников
Thaumcraft:FocusFire, Набалдашник: Огонь
Thaumcraft:FocusShock, Набалдашник: Шок
Thaumcraft:FocusHellbat, Набалдашник: 9 кругов ада
Thaumcraft:FocusFrost, Набалдашник: Заморозка
Thaumcraft:FocusTrade, Набалдашник: Равноценный обмен 
Thaumcraft:FocusExcavation, Набалдашник: Копание
Thaumcraft:FocusPortableHole, Набалдашник: Червоточина
Thaumcraft:FocusPech, Набалдашник: Гномье проклятие
Thaumcraft:FocusWarding, Набалдашник: Укрепление
Thaumcraft:FocusPrimal, Набалдашник: Сингулярность
Thaumcraft:ItemEssence:0, Стеклянный пузырёк
Thaumcraft:ItemEssence:1, Пузырёк с эссенцией
Thaumcraft:ItemEssence:1, Пузырёк с эссенцией
Thaumcraft:ItemEssence:1, Пузырёк с эссенцией
Thaumcraft:ItemEssence:1, Пузырёк с эссенцией
Thaumcraft:ItemEssence:1, Пузырёк с эссенцией
Thaumcraft:ItemEssence:1, Пузырёк с эссенцией
Thaumcraft:ItemEssence:1, Пузырёк с эссенцией
Thaumcraft:ItemEssence:1, Пузырёк с эссенцией
Thaumcraft:ItemEssence:1, Пузырёк с эссенцией
Thaumcraft:ItemEssence:1, Пузырёк с эссенцией
Thaumcraft:ItemEssence:1, Пузырёк с эссенцией
Thaumcraft:ItemEssence:1, Пузырёк с эссенцией
Thaumcraft:ItemEssence:1, Пузырёк с эссенцией
Thaumcraft:ItemEssence:1, Пузырёк с эссенцией
Thaumcraft:ItemEssence:1, Пузырёк с эссенцией
Thaumcraft:ItemEssence:1, Пузырёк с эссенцией
Thaumcraft:ItemEssence:1, Пузырёк с эссенцией
Thaumcraft:ItemEssence:1, Пузырёк с эссенцией
Thaumcraft:ItemEssence:1, Пузырёк с эссенцией
Thaumcraft:ItemEssence:1, Пузырёк с эссенцией
Thaumcraft:ItemEssence:1, Пузырёк с эссенцией
Thaumcraft:ItemEssence:1, Пузырёк с эссенцией
Thaumcraft:ItemEssence:1, Пузырёк с эссенцией
Thaumcraft:ItemEssence:1, Пузырёк с эссенцией
Thaumcraft:ItemEssence:1, Пузырёк с эссенцией
Thaumcraft:ItemEssence:1, Пузырёк с эссенцией
Thaumcraft:ItemEssence:1, Пузырёк с эссенцией
Thaumcraft:ItemEssence:1, Пузырёк с эссенцией
Thaumcraft:ItemEssence:1, Пузырёк с эссенцией
Thaumcraft:ItemEssence:1, Пузырёк с эссенцией
Thaumcraft:ItemEssence:1, Пузырёк с эссенцией
Thaumcraft:ItemEssence:1, Пузырёк с эссенцией
Thaumcraft:ItemEssence:1, Пузырёк с эссенцией
Thaumcraft:ItemEssence:1, Пузырёк с эссенцией
Thaumcraft:ItemEssence:1, Пузырёк с эссенцией
Thaumcraft:ItemEssence:1, Пузырёк с эссенцией
Thaumcraft:ItemEssence:1, Пузырёк с эссенцией
Thaumcraft:ItemEssence:1, Пузырёк с эссенцией
Thaumcraft:ItemEssence:1, Пузырёк с эссенцией
Thaumcraft:ItemEssence:1, Пузырёк с эссенцией
Thaumcraft:ItemEssence:1, Пузырёк с эссенцией
Thaumcraft:ItemEssence:1, Пузырёк с эссенцией
Thaumcraft:ItemEssence:1, Пузырёк с эссенцией
Thaumcraft:ItemEssence:1, Пузырёк с эссенцией
Thaumcraft:ItemEssence:1, Пузырёк с эссенцией
Thaumcraft:ItemEssence:1, Пузырёк с эссенцией
Thaumcraft:ItemEssence:1, Пузырёк с эссенцией
Thaumcraft:ItemEssence:1, Пузырёк с эссенцией
Thaumcraft:ItemEssence:1, Пузырёк с эссенцией
Thaumcraft:ItemEssence:1, Пузырёк с эссенцией
Thaumcraft:ItemEssence:1, Пузырёк с эссенцией
Thaumcraft:ItemEssence:1, Пузырёк с эссенцией
Thaumcraft:ItemEssence:1, Пузырёк с эссенцией
Thaumcraft:ItemEssence:1, Пузырёк с эссенцией
Thaumcraft:ItemEssence:1, Пузырёк с эссенцией
Thaumcraft:ItemEssence:1, Пузырёк с эссенцией
Thaumcraft:ItemManaBean:0, Магический боб
Thaumcraft:ItemWispEssence:0, Эфирная эссенция
Thaumcraft:ItemWispEssence:0, Эфирная эссенция
Thaumcraft:ItemWispEssence:0, Эфирная эссенция
Thaumcraft:ItemWispEssence:0, Эфирная эссенция
Thaumcraft:ItemWispEssence:0, Эфирная эссенция
Thaumcraft:ItemWispEssence:0, Эфирная эссенция
Thaumcraft:ItemWispEssence:0, Эфирная эссенция
Thaumcraft:ItemWispEssence:0, Эфирная эссенция
Thaumcraft:ItemWispEssence:0, Эфирная эссенция
Thaumcraft:ItemWispEssence:0, Эфирная эссенция
Thaumcraft:ItemWispEssence:0, Эфирная эссенция
Thaumcraft:ItemWispEssence:0, Эфирная эссенция
Thaumcraft:ItemWispEssence:0, Эфирная эссенция
Thaumcraft:ItemWispEssence:0, Эфирная эссенция
Thaumcraft:ItemWispEssence:0, Эфирная эссенция
Thaumcraft:ItemWispEssence:0, Эфирная эссенция
Thaumcraft:ItemWispEssence:0, Эфирная эссенция
Thaumcraft:ItemWispEssence:0, Эфирная эссенция
Thaumcraft:ItemWispEssence:0, Эфирная эссенция
Thaumcraft:ItemWispEssence:0, Эфирная эссенция
Thaumcraft:ItemWispEssence:0, Эфирная эссенция
Thaumcraft:ItemWispEssence:0, Эфирная эссенция
Thaumcraft:ItemWispEssence:0, Эфирная эссенция
Thaumcraft:ItemWispEssence:0, Эфирная эссенция
Thaumcraft:ItemWispEssence:0, Эфирная эссенция
Thaumcraft:ItemWispEssence:0, Эфирная эссенция
Thaumcraft:ItemWispEssence:0, Эфирная эссенция
Thaumcraft:ItemWispEssence:0, Эфирная эссенция
Thaumcraft:ItemWispEssence:0, Эфирная эссенция
Thaumcraft:ItemWispEssence:0, Эфирная эссенция
Thaumcraft:ItemWispEssence:0, Эфирная эссенция
Thaumcraft:ItemWispEssence:0, Эфирная эссенция
Thaumcraft:ItemWispEssence:0, Эфирная эссенция
Thaumcraft:ItemWispEssence:0, Эфирная эссенция
Thaumcraft:ItemWispEssence:0, Эфирная эссенция
Thaumcraft:ItemWispEssence:0, Эфирная эссенция
Thaumcraft:ItemWispEssence:0, Эфирная эссенция
Thaumcraft:ItemWispEssence:0, Эфирная эссенция
Thaumcraft:ItemWispEssence:0, Эфирная эссенция
Thaumcraft:ItemWispEssence:0, Эфирная эссенция
Thaumcraft:ItemWispEssence:0, Эфирная эссенция
Thaumcraft:ItemWispEssence:0, Эфирная эссенция
Thaumcraft:ItemWispEssence:0, Эфирная эссенция
Thaumcraft:ItemWispEssence:0, Эфирная эссенция
Thaumcraft:ItemWispEssence:0, Эфирная эссенция
Thaumcraft:ItemWispEssence:0, Эфирная эссенция
Thaumcraft:ItemWispEssence:0, Эфирная эссенция
Thaumcraft:ItemWispEssence:0, Эфирная эссенция
Thaumcraft:ItemWispEssence:0, Эфирная эссенция
Thaumcraft:ItemWispEssence:0, Эфирная эссенция
Thaumcraft:ItemWispEssence:0, Эфирная эссенция
Thaumcraft:ItemWispEssence:0, Эфирная эссенция
Thaumcraft:ItemWispEssence:0, Эфирная эссенция
Thaumcraft:ItemWispEssence:0, Эфирная эссенция
Thaumcraft:ItemWispEssence:0, Эфирная эссенция
Thaumcraft:ItemWispEssence:0, Эфирная эссенция
Thaumcraft:ItemResource:0, Алюментум
Thaumcraft:ItemResource:1, Нитор
Thaumcraft:ItemResource:2, Таум-слиток
Thaumcraft:ItemResource:3, Ртуть
Thaumcraft:ItemResource:4, Магический жир
Thaumcraft:ItemResource:6, Янтарь
Thaumcraft:ItemResource:7, Зачарованная ткань
Thaumcraft:ItemResource:8, Фильтр
Thaumcraft:ItemResource:9, Фрагмент знаний
Thaumcraft:ItemResource:10, Зеркало
Thaumcraft:ItemResource:11, Заражённая слизь
Thaumcraft:ItemResource:12, Заражённое щупальце
Thaumcraft:ItemResource:13, Баночная бирка
Thaumcraft:ItemResource:14, Salis Mundus
Thaumcraft:ItemResource:15, Сингулярный амулет
Thaumcraft:ItemResource:16, Слиток пустотного металла
Thaumcraft:ItemResource:17, Семя пустоты
Thaumcraft:ItemResource:18, Золотая монета
Thaumcraft:ItemShard:0, Грозовой кристалл
Thaumcraft:ItemShard:1, Огненный кристалл
Thaumcraft:ItemShard:2, Ледяной кристалл
Thaumcraft:ItemShard:3, Земляной кристалл
Thaumcraft:ItemShard:4, Кристалл порядка
Thaumcraft:ItemShard:5, Энтропийный кристалл
Thaumcraft:ItemShard:6, Сбалансированный кристалл
Thaumcraft:ItemResearchNotes:0, Записки исследований
Thaumcraft:ItemInkwell, Чернильница с пером
Thaumcraft:ItemThaumonomicon:0, Таумономикон
Thaumcraft:ItemThaumometer, Таумометр
Thaumcraft:ItemGoggles, Очки откровения
Thaumcraft:ItemHelmetThaumium, Таум-шлем
Thaumcraft:ItemChestplateThaumium, Таум-кираса
Thaumcraft:ItemLeggingsThaumium, Таум-поножи
Thaumcraft:ItemBootsThaumium, Таум-ботинки
Thaumcraft:ItemShovelThaumium, Таум-лопата
Thaumcraft:ItemPickThaumium, Таум-кирка
Thaumcraft:ItemAxeThaumium, Таум-топор
Thaumcraft:ItemSwordThaumium, Таум-меч
Thaumcraft:ItemHoeThaumium, Таум-мотыга
Thaumcraft:ItemArcaneDoor, Магическая дверь
Thaumcraft:ItemNugget:0, Железный самородок
Thaumcraft:ItemNugget:5, Капля ртути
Thaumcraft:ItemNugget:21, Киноварный кластер
Thaumcraft:ItemNugget:6, Самородок таум-металла
Thaumcraft:ItemNugget:7, Самородок пустотного металла
Thaumcraft:ItemNugget:16, Железорудный кластер
Thaumcraft:ItemNugget:31, Золоторудный кластер
Thaumcraft:BootsTraveller, Сапоги путешественника
Thaumcraft:ItemNuggetChicken, Кусочек курятины
Thaumcraft:ItemNuggetBeef, Кусочек говядины
Thaumcraft:ItemNuggetPork, Кусочек свинины
Thaumcraft:ItemNuggetFish, Кусочек рыбки
Thaumcraft:TripleMeatTreat, Мясное ассорти
Thaumcraft:ItemSwordElemental, Меч Бури
Thaumcraft:ItemShovelElemental, Лопата Землероя
Thaumcraft:ItemPickaxeElemental, Кирка Огня
Thaumcraft:ItemAxeElemental, Топор Потока
Thaumcraft:ItemHoeElemental, Мотыга Роста
Thaumcraft:ItemChestplateRobe, Мантия тауматурга
Thaumcraft:ItemLeggingsRobe, Шаровары тауматурга
Thaumcraft:ItemBootsRobe, Сапоги тауматурга
Thaumcraft:ArcaneDoorKey:0, Железный магический ключ
Thaumcraft:ArcaneDoorKey:1, Золотой магический ключ
Thaumcraft:HandMirror, Магическое зеркало (Ручное)
Thaumcraft:HoverHarness, Таумостатический ранец
Thaumcraft:BlockJarFilledItem, Банка с эссенцией
Thaumcraft:BlockJarNodeItem, Узел ауры в банке
Thaumcraft:TrunkSpawner:0, Ходячий сундук
Thaumcraft:ItemGolemPlacer:0, Соломенный голем
Thaumcraft:ItemGolemPlacer:1, Деревянный голем
Thaumcraft:ItemGolemPlacer:2, Сальный голем
Thaumcraft:ItemGolemPlacer:3, Кирпичный голем
Thaumcraft:ItemGolemPlacer:4, Голем из плоти
Thaumcraft:ItemGolemPlacer:5, Каменный голем
Thaumcraft:ItemGolemPlacer:6, Железный голем
Thaumcraft:ItemGolemPlacer:7, Таум-голем
Thaumcraft:ItemGolemCore:100, Сердце голема
Thaumcraft:ItemGolemCore:0, Сердце голема
Thaumcraft:ItemGolemCore:1, Сердце голема
Thaumcraft:ItemGolemCore:2, Сердце голема
Thaumcraft:ItemGolemCore:3, Сердце голема
Thaumcraft:ItemGolemCore:4, Сердце голема
Thaumcraft:ItemGolemCore:5, Сердце голема
Thaumcraft:ItemGolemCore:6, Сердце голема
Thaumcraft:ItemGolemCore:7, Сердце голема
Thaumcraft:ItemGolemCore:8, Сердце голема
Thaumcraft:ItemGolemCore:9, Сердце голема
Thaumcraft:ItemGolemCore:10, Сердце голема
Thaumcraft:ItemGolemCore:11, Сердце голема
Thaumcraft:ItemGolemUpgrade:0, Улучшение голема: Воздух
Thaumcraft:ItemGolemUpgrade:1, Улучшение голема: Земля
Thaumcraft:ItemGolemUpgrade:2, Улучшение голема: Огонь
Thaumcraft:ItemGolemUpgrade:3, Улучшение голема: Вода
Thaumcraft:ItemGolemUpgrade:4, Улучшение голема: Порядок
Thaumcraft:ItemGolemUpgrade:5, Улучшение голема: Хаос
Thaumcraft:GolemBell, Хрустальный колокольчик
Thaumcraft:ItemGolemDecoration:0, Аксессуар: Цилиндр
Thaumcraft:ItemGolemDecoration:1, Аксессуар: Очки
Thaumcraft:ItemGolemDecoration:2, Аксессуар: Бабочка
Thaumcraft:ItemGolemDecoration:3, Аксессуар: Феска
Thaumcraft:ItemGolemDecoration:4, Аксессуар: Арбалет
Thaumcraft:ItemGolemDecoration:5, Аксессуар: Забрало
Thaumcraft:ItemGolemDecoration:6, Аксессуар: Бронепластина
Thaumcraft:ItemGolemDecoration:7, Аксессуар: Кувалда
Thaumcraft:ItemBowBone, Костяной лук
Thaumcraft:PrimalArrow:0, Грозовая стрела
Thaumcraft:PrimalArrow:1, Огненная стрела
Thaumcraft:PrimalArrow:2, Ледяная стрела
Thaumcraft:PrimalArrow:3, Каменная стрела
Thaumcraft:PrimalArrow:4, Стрела порядка
Thaumcraft:PrimalArrow:5, Разрушающая стрела
Thaumcraft:ItemResonator, Резонатор
Thaumcraft:ItemBaubleBlanks:0, Обычный амулет
Thaumcraft:ItemBaubleBlanks:1, Обычное кольцо
Thaumcraft:ItemBaubleBlanks:2, Обычный пояс
Thaumcraft:ItemAmuletRunic:0, Амулет рунного щита
Thaumcraft:ItemAmuletRunic:1, Амулет экстренного рунного щита
Thaumcraft:ItemRingRunic:0, Кольцо защиты
Thaumcraft:ItemRingRunic:1, Кольцо рунного щита
Thaumcraft:ItemRingRunic:2, Энергизированное кольцо рунного щита
Thaumcraft:ItemRingRunic:3, Восстанавливающее кольцо рунного щита
Thaumcraft:ItemGirdleRunic:0, Пояс рунного щита
Thaumcraft:ItemGirdleRunic:1, Кинетический пояс рунного щита
Thaumcraft:ItemAmuletVis:0, Камень Вис
Thaumcraft:ItemAmuletVis:1, Амулет-хранилище Вис
Thaumcraft:ItemGirdleHover:0, Таумостатический пояс
Thaumcraft:ItemZombieBrain, Мозг зомби
Thaumcraft:ItemBathSalts, Очищающая соль
Thaumcraft:ItemCrystalEssence:0, Кристаллизированная эссенция
Thaumcraft:ItemBucketDeath, Ведро жидкой смерти
Thaumcraft:ItemBucketPure, Ведро очищающей жидкости
Thaumcraft:ItemHelmetFortress, Боевой таум-шлем
Thaumcraft:ItemChestplateFortress, Боевая таум-кираса
Thaumcraft:ItemLeggingsFortress, Боевые таум-поножи
Thaumcraft:ItemEldritchObject:0, Глаз Древних
Thaumcraft:ItemEldritchObject:1, Багровые ритуалы
Thaumcraft:ItemEldritchObject:2, Рунная скрижаль
Thaumcraft:ItemEldritchObject:3, Сингулярная жемчужина
Thaumcraft:ItemEldritchObject:4, Установщик древних обелисков
Thaumcraft:ItemHelmetVoid, Пустотный шлем
Thaumcraft:ItemChestplateVoid, Пустотная кираса
Thaumcraft:ItemLeggingsVoid, Пустотные поножи
Thaumcraft:ItemBootsVoid, Пустотные ботинки
Thaumcraft:ItemShovelVoid, Пустотная лопата
Thaumcraft:ItemPickVoid, Пустотная кирка
Thaumcraft:ItemAxeVoid, Пустотный топор
Thaumcraft:ItemSwordVoid, Пустотный меч
Thaumcraft:ItemHoeVoid, Пустотная мотыга
Thaumcraft:ItemHelmetVoidFortress, Пустотный капюшон тауматурга
Thaumcraft:ItemChestplateVoidFortress, Пустотная мантия тауматурга
Thaumcraft:ItemLeggingsVoidFortress, Пустотные шаровары тауматурга
Thaumcraft:ItemSanitySoap, Лечащее мыло
Thaumcraft:ItemSanityChecker, Психический детектор
Thaumcraft:ItemBottleTaint, Порча в бутылке
Thaumcraft:ItemHelmetCultistRobe, Капюшон культиста
Thaumcraft:ItemChestplateCultistRobe, Мантия культиста
Thaumcraft:ItemLeggingsCultistRobe, Шаровары культиста
Thaumcraft:ItemBootsCultist, Ботинки культиста
Thaumcraft:ItemHelmetCultistPlate, Шлем культиста
Thaumcraft:ItemChestplateCultistPlate, Кираса культиста
Thaumcraft:ItemLeggingsCultistPlate, Поножи культиста
Thaumcraft:ItemHelmetCultistLeaderPlate, Шлем Претора культистов
Thaumcraft:ItemChestplateCultistLeaderPlate, Кираса Претора культистов
Thaumcraft:ItemLeggingsCultistLeaderPlate, Поножи Претора культистов
Thaumcraft:ItemSwordCrimson, Багровый меч
Thaumcraft:ItemLootBag:0, Обычное сокровище
Thaumcraft:ItemLootBag:1, Необычное сокровище
Thaumcraft:ItemLootBag:2, Редкое сокровище
Thaumcraft:ItemCompassStone:0, Зловещий камень
Thaumcraft:ItemPrimalCrusher, Сингулярный крушитель
Automagy:shardSliver:0, Щепка грозы
Automagy:shardSliver:1, Щепка огня
Automagy:shardSliver:2, Щепка льда
Automagy:shardSliver:3, Щепка земли
Automagy:shardSliver:4, Щепка порядка
Automagy:shardSliver:5, Щепка энтропии
Automagy:enchantedPaper:0, Зачарованная бумага
Automagy:enchantedPaper:1, Рунический белый перечень
Automagy:enchantedPaper:2, Рунический белый перечень
Automagy:enchantedPaper:3, Свзяка зачарованной бумаги
Automagy:avaricePearl:0, Жемчужина алчности
Automagy:avaricePearl:1, Жемчужина скупости
Automagy:crystalEye, Кристаллическое око
Automagy:crystalEntityEye, Око души
Automagy:crystalBrain:0, Кристалльный мозг: Гроза
Automagy:crystalBrain:1, Кристалльный мозг: Огонь
Automagy:crystalBrain:2, Кристалльный мозг: Лёд
Automagy:crystalBrain:3, Кристалльный мозг: Земля
Automagy:crystalBrain:4, Кристалльный мозг: Порядок
Automagy:crystalBrain:5, Кристалльный мозг: Энтропия
Automagy:golemLinker, Колокольчик связывания голема
Automagy:ingredient:0, Conflux Disc
Automagy:horizontal:0, Разрушенная жемчужина алчности
Automagy:edible:0, Амальгама мерцатуса
Automagy:foodstuff:0, Курога из висомора
Automagy:netherHeart, Сердце золы
Automagy:tallyLens:0, Объектив для ящика c ярлыком: Чистота
Automagy:tallyLens:1, Объектив для ящика c ярлыком: Свобода
Automagy:tallyLens:2, Объектив для ящика с ярлыком: Доход
Automagy:glyph:0, Водная примесь
Automagy:glyph:1, Символ пустоты
Automagy:glyph:2, Символ потребление
Automagy:glyph:3, Символ выкачивания
Automagy:glyph:4, Символ зависти
Automagy:glyph:5, Символ воздержания
Automagy:glyph:6, Символ сохранения
Automagy:glyph:7, Символ пожирателя
Automagy:glyph:8, Символ водохранилища
Automagy:glyph:9, Символ быка
Automagy:golemWorkbenchUpgrade:0, Workbench Upgrade: Air
Automagy:golemWorkbenchUpgrade:1, Workbench Upgrade: Fire
Automagy:golemWorkbenchUpgrade:3, Workbench Upgrade: Earth
Automagy:golemWorkbenchUpgrade:5, Workbench Upgrade: Entropy
Automagy:baubleEnderDisjunction:0, Кольцо эндер-разъединения
Automagy:baubleEnderDisjunction:1, Маленькое кольцо разъединения эндера
Automagy:autoHandMirror, Зеркальце голода
Automagy:focusCrafting, Набалдашник: Создание
Automagy:phialExtra, Phial of Enchanter's Concentrate
Automagy:creativeTool:0, Шапка раздумий
Automagy:bucketMushroom, Ведро с грибным супом
Automagy:bucketVishroom, Ведро с супом из висомора
AWWayofTime:weakBloodOrb, Слабый кровавый шар
AWWayofTime:apprenticeBloodOrb, Кровавый шар ученика
AWWayofTime:magicianBloodOrb, Кровавый шар мага
AWWayofTime:energyBlaster, Энергетическая пушка
AWWayofTime:energySword, Связанное лезвие
AWWayofTime:lavaCrystal, Лавовый кристал
AWWayofTime:waterSigil, Водный сигил
AWWayofTime:lavaSigil, Лавовый сигил
AWWayofTime:voidSigil, Пустотный сигил
AWWayofTime:blankSlate, Чистая плитка
AWWayofTime:reinforcedSlate, Укреплённая плитка
AWWayofTime:sacrificialKnife, Жертвенный кинжал
AWWayofTime:daggerOfSacrifice, Кинжал жертвоприношения
AWWayofTime:airSigil, Воздушный сигил
AWWayofTime:sigilOfTheFastMiner, Сигил быстрого копателя
AWWayofTime:sigilOfElementalAffinity, Сигил стихийного родства
AWWayofTime:sigilOfHaste, Сигил быстроты
AWWayofTime:sigilOfHolding, Сигил удержания
AWWayofTime:divinationSigil, Сигил предсказания
AWWayofTime:waterScribeTool, Инструмент начертания элементаля: Вода
AWWayofTime:fireScribeTool, Инструмент начертания элементаля: Огонь
AWWayofTime:earthScribeTool, Инструмент начертания элементаля: Земля
AWWayofTime:airScribeTool, Инструмент начертания элементаля: Воздух
AWWayofTime:activationCrystal:0, Слабый кристал активации
AWWayofTime:activationCrystal:1, Пробуждённый кристал активации
AWWayofTime:activationCrystal:2, Творческий кристал активации
AWWayofTime:boundPickaxe, Связанная кирка
AWWayofTime:boundAxe, Связанный топор
AWWayofTime:boundShovel, Связанная лопата
AWWayofTime:boundHelmet, Связанный шлем
AWWayofTime:boundPlate, Связанная кираса
AWWayofTime:boundLeggings, Связанные поножи
AWWayofTime:boundBoots, Связанные ботинки
AWWayofTime:weakBloodShard, Слабый кровавый осколок
AWWayofTime:growthSigil, Сигил зелёной рощи
AWWayofTime:blankSpell, Кристал отвязывания
AWWayofTime:masterBloodOrb, Кровавый шар мастера
AWWayofTime:alchemyFlask, Фляжка для зелий
AWWayofTime:standardBindingAgent, Обычный связывающий реагент
AWWayofTime:mundanePowerCatalyst, Земной энергетический кристал
AWWayofTime:averagePowerCatalyst, Обычный энергетический кристал
AWWayofTime:greaterPowerCatalyst, Большой энергетический кристал
AWWayofTime:mundaneLengtheningCatalyst, Земной удлиняющий кристал
AWWayofTime:averageLengtheningCatalyst, Обычный удлиняющий кристал
AWWayofTime:greaterLengtheningCatalyst, Большой удлиняющий кристал
AWWayofTime:incendium, Incendium
AWWayofTime:magicales, Magicales
AWWayofTime:sanctus, Sanctus
AWWayofTime:aether, Эфир
AWWayofTime:simpleCatalyst, Простой катализатор
AWWayofTime:crepitous, Crepitous
AWWayofTime:crystallos, Crystallos
AWWayofTime:terrae, Terrae
AWWayofTime:aquasalus, Aquasalus
AWWayofTime:tennebrae, Tenebrae
AWWayofTime:demonBloodShard, Осколок крови демона
AWWayofTime:archmageBloodOrb, Кровавый шар архимага
AWWayofTime:transcendentBloodOrb, Трансцендентальный кровавый шар
AWWayofTime:sigilOfWind, Сигил вихря
AWWayofTime:telepositionFocus, Фокус телепозиции
AWWayofTime:enhancedTelepositionFocus, Улучшенный фокус телепозиции
AWWayofTime:reinforcedTelepositionFocus, Усиленный фокус телепозиции
AWWayofTime:demonicTelepositionFocus, Демонический фокус телепозиции
AWWayofTime:imbuedSlate, Пропитанная плитка
AWWayofTime:demonicSlate, Демоническая плитка
AWWayofTime:duskScribeTool, Инструмент начертания элементаля: Сумерки
AWWayofTime:sigilOfTheBridge, Сигил призрачного моста
AWWayofTime:armourInhibitor, Земедлитель брони
AWWayofTime:creativeFiller, Шар тестирования
AWWayofTime:demonPlacer:0, Демонический кристалл
AWWayofTime:creativeDagger, Творческий жертвенный кинжал
AWWayofTime:weakFillingAgent, Слабый заполняющий реагент
AWWayofTime:standardFillingAgent, Обычный заполняющий реагент
AWWayofTime:enhancedFillingAgent, Улучшенный заполняющий реагент
AWWayofTime:weakBindingAgent, Слабый связывающий реагент
AWWayofTime:itemRitualDiviner:0, Предсказатель ритуала
AWWayofTime:itemRitualDiviner:1, Предсказатель ритуала
AWWayofTime:itemRitualDiviner:2, Предсказатель ритуала
AWWayofTime:sigilOfMagnetism, Сигил магнетизма
AWWayofTime:itemKeyOfDiablo:0, Ключ связывания
AWWayofTime:itemKeyOfDiablo:0, Ключ связывания
AWWayofTime:energyBazooka, Энергетическая базука
AWWayofTime:itemBloodLightSigil, Сигил кровавого светильника
AWWayofTime:itemComplexSpellCrystal, Сложный кристал заклинаний
AWWayofTime:sigilOfSupression, Сигил подавления
AWWayofTime:sigilOfEnderSeverance, Сигил разрыва Края
AWWayofTime:fluidSigil, 
AWWayofTime:seerSigil, Сигил зрения
AWWayofTime:customTool, Динамический жезл
AWWayofTime:bucketLife, Ведро жизни
AWWayofTime:itemCombinationalCatalyst, Комбинационный катализатор
AWWayofTime:itemAttunedCrystal:0, Алхимический маршрутизатор
AWWayofTime:itemTankSegmenter:0, Алхимический сегментер
AWWayofTime:itemDestinationClearer, Алхимический очиститель
AWWayofTime:bloodMagicBaseItems:0, Кварцевый стержень
AWWayofTime:bloodMagicBaseItems:1, Пустое ядро
AWWayofTime:bloodMagicBaseItems:2, Магический провод
AWWayofTime:bloodMagicBaseItems:3, Деревянное скрепление
AWWayofTime:bloodMagicBaseItems:4, Каменное скрепление
AWWayofTime:bloodMagicBaseItems:5, Метательное ядро
AWWayofTime:bloodMagicBaseItems:6, Сплошное ядро
AWWayofTime:bloodMagicBaseItems:7, Ближнее ядро
AWWayofTime:bloodMagicBaseItems:8, Примерная пластина
AWWayofTime:bloodMagicBaseItems:9, Провод для выхода заклинаний
AWWayofTime:bloodMagicBaseItems:10, Огненное ядро
AWWayofTime:bloodMagicBaseItems:11, Ледяное ядро
AWWayofTime:bloodMagicBaseItems:12, Ветреное ядро
AWWayofTime:bloodMagicBaseItems:13, Земляное ядро
AWWayofTime:bloodMagicBaseItems:14, Провод для входа заклинаний
AWWayofTime:bloodMagicBaseItems:15, Сломанная руническая пластина
AWWayofTime:bloodMagicBaseItems:16, Руническая пластина
AWWayofTime:bloodMagicBaseItems:17, Пропитанная руническая пластина
AWWayofTime:bloodMagicBaseItems:18, Ненастроенное ядро
AWWayofTime:bloodMagicBaseItems:19, Ядро нападения
AWWayofTime:bloodMagicBaseItems:20, Ядро обороны
AWWayofTime:bloodMagicBaseItems:21, Ядро окружающей среды
AWWayofTime:bloodMagicBaseItems:22, Энергетическое ядро
AWWayofTime:bloodMagicBaseItems:23, Ядро уменьшения
AWWayofTime:bloodMagicBaseItems:24, Ядро эффективности
AWWayofTime:bloodMagicBaseItems:25, Обсидиановое скрепление
AWWayofTime:bloodMagicBaseItems:26, Ядро инструментов
AWWayofTime:bloodMagicBaseItems:27, Эфирная плитка
AWWayofTime:bloodMagicBaseItems:28, Осколок жизни
AWWayofTime:bloodMagicBaseItems:29, Осколок души
AWWayofTime:bloodMagicBaseItems:30, Руническая пластина души
AWWayofTime:bloodMagicBaseItems:31, Живое скрепление
AWWayofTime:bloodMagicBaseItems:32, Осколок Края
AWWayofTime:bloodMagicBaseAlchemyItems:0, Offensa
AWWayofTime:bloodMagicBaseAlchemyItems:1, Praesidium
AWWayofTime:bloodMagicBaseAlchemyItems:2, Orbis Terrae
AWWayofTime:bloodMagicBaseAlchemyItems:3, Усиленный катализатор
AWWayofTime:bloodMagicBaseAlchemyItems:4, Концентрированный катализатор
AWWayofTime:bloodMagicBaseAlchemyItems:5, Сломанная кость
AWWayofTime:bloodMagicBaseAlchemyItems:6, Virtus
AWWayofTime:bloodMagicBaseAlchemyItems:7, Reductus
AWWayofTime:bloodMagicBaseAlchemyItems:8, Potentia
AWWayofTime:dawnScribeTool, Elemental Inscription Tool: Dawn
AWWayofTime:itemBloodPack, Рюкзак кровопускателя
AWWayofTime:itemHarvestSigil, Сигил богини плодородия
AWWayofTime:itemCompressionSigil, Сигил сжатия
AWWayofTime:itemAssassinSigil, Сигил убийцы
AWWayofTime:boundHelmetWater, Водный омега шлем
AWWayofTime:boundPlateWater, Водная омега кираса
AWWayofTime:boundLeggingsWater, Водные омега поножи
AWWayofTime:boundBootsWater, Водные омега ботинки
AWWayofTime:boundHelmetEarth, Земляной омега шлем
AWWayofTime:boundPlateEarth, Земляная омега кираса
AWWayofTime:boundLeggingsEarth, Земляные омега поножи
AWWayofTime:boundBootsEarth, Земляные омега ботинки
AWWayofTime:boundHelmetWind, Воздушный омега шлем
AWWayofTime:boundPlateWind, Воздушная омега кираса
AWWayofTime:boundLeggingsWind, Воздушные омега поножи
AWWayofTime:boundBootsWind, Воздушные омега ботинки
AWWayofTime:boundHelmetFire, Огненный омега шлем
AWWayofTime:boundPlateFire, Огненная омега кираса
AWWayofTime:boundLeggingsFire, Огненные омега поножи
AWWayofTime:boundBootsFire, Огненные омега ботинки
AWWayofTime:inputRoutingFocus, Фокус направления входа
AWWayofTime:outputRoutingFocus, item.outputRoutingFocus.name
AWWayofTime:bloodMagicIncenseItem:0, Wood Ash
AWWayofTime:bloodMagicIncenseItem:1, Byrrus
AWWayofTime:bloodMagicIncenseItem:2, Livens
AWWayofTime:bloodMagicIncenseItem:3, Viridis
AWWayofTime:bloodMagicIncenseItem:4, Purpura
AWWayofTime:ritualDismantler, Ritual Dismantler
Botania:lexicon, item.lexicon.name
Botania:petal:0, Мистический белый лепесток
Botania:petal:1, Мистический оранжевый лепесток
Botania:petal:2, Мистический сиреневый лепесток
Botania:petal:3, Мистический светло-синий лепесток
Botania:petal:4, Мистический жёлтый лепесток
Botania:petal:5, Мистический лаймовый лепесток
Botania:petal:6, Мистический розовый лепесток
Botania:petal:7, Мистический серый лепесток
Botania:petal:8, Мистический светло-серый лепесток
Botania:petal:9, Мистический бирюзовый лепесток
Botania:petal:10, Мистический фиолетовый лепесток
Botania:petal:11, Мистический синий лепесток
Botania:petal:12, Мистический коричневый лепесток
Botania:petal:13, Мистический зелёный лепесток
Botania:petal:14, Мистический красный лепесток
Botania:petal:15, Мистический чёрный лепесток
Botania:dye:0, Белая цветковая пыльца
Botania:dye:1, Оранжевая цветковая пыльца
Botania:dye:2, Сиреневая цветковая пыльца
Botania:dye:3, Светло-синяя цветковая пыльца
Botania:dye:4, Жёлтая цветковая пыльца
Botania:dye:5, Лаймовая цветковая пыльца
Botania:dye:6, Розовая цветковая пыльца
Botania:dye:7, Серая цветковая пыльца
Botania:dye:8, Светло-серая цветковая пыльца
Botania:dye:9, Бирюзовая цветковая пыльца
Botania:dye:10, Фиолетовая цветковая пыльца
Botania:dye:11, Синяя цветковая пыльца
Botania:dye:12, Коричневая цветковая пыльца
Botania:dye:13, Зелёная цветковая пыльца
Botania:dye:14, Красная цветковая пыльца
Botania:dye:15, Чёрная цветковая пыльца
Botania:pestleAndMortar, item.pestleAndMortar.name
Botania:twigWand:0, Посох леса
Botania:twigWand:0, Посох леса
Botania:twigWand:0, Посох леса
Botania:twigWand:0, Посох леса
Botania:twigWand:0, Посох леса
Botania:twigWand:0, Посох леса
Botania:twigWand:0, Посох леса
Botania:twigWand:0, Посох леса
Botania:twigWand:0, Посох леса
Botania:twigWand:0, Посох леса
Botania:twigWand:0, Посох леса
Botania:twigWand:0, Посох леса
Botania:twigWand:0, Посох леса
Botania:twigWand:0, Посох леса
Botania:twigWand:0, Посох леса
Botania:twigWand:0, Посох леса
Botania:manaResource:0, Слиток манастали
Botania:manaResource:1, Жемчуг маны
Botania:manaResource:2, Маналмаз
Botania:manaResource:3, Ветка жизнедерева
Botania:manaResource:4, Слиток террастали
Botania:manaResource:5, Дух Гайи
Botania:manaResource:6, Красный корень
Botania:manaResource:7, Слиток элементия
Botania:manaResource:8, Пыльца феи
Botania:manaResource:9, Камень дракона
Botania:manaResource:10, Осколок призмарина
Botania:manaResource:11, Заполнитель сборщика
Botania:manaResource:12, Red String
Botania:manaResource:13, Dreamwood Twig
Botania:manaResource:14, Gaia Spirit Ingot
Botania:manaResource:15, Ender Air Bottle
Botania:manaResource:16, Mana Infused String
Botania:manaResource:17, Manasteel Nugget
Botania:manaResource:18, Terrasteel Nugget
Botania:manaResource:19, Elementium Nugget
Botania:manaResource:22, Manaweave Cloth
Botania:manaResource:23, Mana Powder
Botania:lens:0, Линзы маны
Botania:lens:1, Линзы маны: Скорость
Botania:lens:2, Линзы маны: Потенциал
Botania:lens:3, Линзы маны: Сопротивление
Botania:lens:4, Линзы маны: Эффективность
Botania:lens:5, Линзы маны: Отскок
Botania:lens:6, Линзы маны: Гравитация
Botania:lens:7, Линзы маны: Бурение
Botania:lens:8, Линзы маны: Повреждение
Botania:lens:9, Линзы маны: Призрачность
Botania:lens:10, Линзы маны: Магнетизм
Botania:lens:11, Линзы маны: Энтропия
Botania:lens:12, Линзы маны: Воздействие
Botania:lens:13, Линзы маны: Масса
Botania:lens:14, Линзы маны: Отражатель краски
Botania:lens:15, Линзы маны: Поджог
Botania:lens:16, Линзы маны: Сила
Botania:lens:17, Mana Lens: Flash
Botania:lens:18, Mana Lens: Warp
Botania:lens:19, Mana Lens: Redirective
Botania:lens:20, Mana Lens: Celebratory
Botania:lens:21, Mana Lens: Flare
Botania:rune:0, Руна воды
Botania:rune:1, Руна огня
Botania:rune:2, Руна земли
Botania:rune:3, Руна воздуха
Botania:rune:4, Руна весны
Botania:rune:5, Руна лета
Botania:rune:6, Руна осени
Botania:rune:7, Руна зимы
Botania:rune:8, Руна маны
Botania:rune:9, Руна похоти
Botania:rune:10, Руна обжорства
Botania:rune:11, Руна жадности
Botania:rune:12, Руна лени
Botania:rune:13, Руна гнева
Botania:rune:14, Руна зависти
Botania:rune:15, Руна гордости
Botania:signalFlare, item.signalFlare.name
Botania:manaTablet, item.manaTablet.name
Botania:manaGun, item.manaGun.name
Botania:manaCookie, item.manaCookie.name
Botania:fertilizer, item.fertilizer.name
Botania:grassSeeds:0, Луговое семя
Botania:grassSeeds:1, Таёжное семя
Botania:grassSeeds:2, Грибные споры
Botania:grassSeeds:3, Dry Pasture Seeds
Botania:grassSeeds:4, Golden Pasture Seeds
Botania:grassSeeds:5, Vivid Pasture Seeds
Botania:grassSeeds:6, Scorched Pasture Seeds
Botania:grassSeeds:7, Infused Pasture Seeds
Botania:grassSeeds:8, Mutated Pasture Seeds
Botania:dirtRod, item.dirtRod.name
Botania:terraformRod, item.terraformRod.name
Botania:grassHorn:0, Рог дикой природы
Botania:grassHorn:1, Рог укрытия
Botania:grassHorn:2, Horn of the Covering
Botania:manaMirror, item.manaMirror.name
Botania:manasteelHelm, item.manasteelHelm.name
Botania:manasteelHelmReveal, item.manasteelHelmReveal.name
Botania:manasteelChest, item.manasteelChest.name
Botania:manasteelLegs, item.manasteelLegs.name
Botania:manasteelBoots, item.manasteelBoots.name
Botania:manasteelPick, item.manasteelPick.name
Botania:manasteelShovel, item.manasteelShovel.name
Botania:manasteelAxe, item.manasteelAxe.name
Botania:manasteelSword, item.manasteelSword.name
Botania:manasteelShears, item.manasteelShears.name
Botania:terrasteelHelm, item.terrasteelHelm.name
Botania:terrasteelHelmReveal, item.terrasteelHelmReveal.name
Botania:terrasteelChest, item.terrasteelChest.name
Botania:terrasteelLegs, item.terrasteelLegs.name
Botania:terrasteelBoots, item.terrasteelBoots.name
Botania:terraSword, item.terraSword.name
Botania:tinyPlanet, item.tinyPlanet.name
Botania:manaRing, item.manaRing.name
Botania:auraRing, item.auraRing.name
Botania:manaRingGreater, item.manaRingGreater.name
Botania:auraRingGreater, item.auraRingGreater.name
Botania:travelBelt, item.travelBelt.name
Botania:knockbackBelt, item.knockbackBelt.name
Botania:icePendant, item.icePendant.name
Botania:lavaPendant, item.lavaPendant.name
Botania:goldenLaurel, item.goldenLaurel.name
Botania:magnetRing, item.magnetRing.name
Botania:waterRing, item.waterRing.name
Botania:miningRing, item.miningRing.name
Botania:terraPick, item.terraPick.name
Botania:divaCharm, item.divaCharm.name
Botania:flightTiara:0, Крылатая тиара
Botania:flightTiara:1, Крылатая тиара
Botania:flightTiara:2, Крылатая тиара
Botania:flightTiara:3, Крылатая тиара
Botania:flightTiara:4, Крылатая тиара
Botania:flightTiara:5, Крылатая тиара
Botania:flightTiara:6, Крылатая тиара
Botania:flightTiara:7, Крылатая тиара
Botania:flightTiara:8, Крылатая тиара
Botania:enderDagger, item.enderDagger.name
Botania:quartz:0, Дымной кварц
Botania:quartz:1, Манакварц
Botania:quartz:2, Пламенный кварц
Botania:quartz:3, Лавандовый кварц
Botania:quartz:4, Красный кварц
Botania:quartz:5, Эльфийский кварц
Botania:quartz:6, Sunny Quartz
Botania:waterRod, item.waterRod.name
Botania:elementiumHelm, item.elementiumHelm.name
Botania:elementiumHelmReveal, item.elementiumHelmReveal.name
Botania:elementiumChest, item.elementiumChest.name
Botania:elementiumLegs, item.elementiumLegs.name
Botania:elementiumBoots, item.elementiumBoots.name
Botania:elementiumPick, item.elementiumPick.name
Botania:elementiumShovel, item.elementiumShovel.name
Botania:elementiumAxe, item.elementiumAxe.name
Botania:elementiumSword, item.elementiumSword.name
Botania:elementiumShears, item.elementiumShears.name
Botania:openBucket, item.openBucket.name
Botania:spawnerMover, item.spawnerMover.name
Botania:pixieRing, item.pixieRing.name
Botania:superTravelBelt, item.superTravelBelt.name
Botania:rainbowRod, item.rainbowRod.name
Botania:tornadoRod, item.tornadoRod.name
Botania:fireRod, item.fireRod.name
Botania:vineBall, item.vineBall.name
Botania:slingshot, item.slingshot.name
Botania:manaBottle, item.manaBottle.name
Botania:laputaShard:0, Осколок острова Лапута
Botania:laputaShard:4, Осколок острова Лапута
Botania:laputaShard:9, Осколок острова Лапута
Botania:laputaShard:14, Осколок острова Лапута
Botania:laputaShard:19, Осколок острова Лапута
Botania:virus:0, Некродермальный вирус
Botania:virus:1, Наллодермальный вирус
Botania:reachRing, item.reachRing.name
Botania:skyDirtRod, item.skyDirtRod.name
Botania:itemFinder, item.itemFinder.name
Botania:superLavaPendant, item.superLavaPendant.name
Botania:enderHand, item.enderHand.name
Botania:glassPick, item.glassPick.name
Botania:spark, item.spark.name
Botania:sparkUpgrade:0, Дополнитель искр: Рассеиватель
Botania:sparkUpgrade:1, Дополнитель искр: Доминантный
Botania:sparkUpgrade:2, Дополнитель искр: Подчиненный
Botania:sparkUpgrade:3, Дополнитель искр: Изолированый
Botania:diviningRod, item.diviningRod.name
Botania:gravityRod, item.gravityRod.name
Botania:regenIvy, item.regenIvy.name
Botania:manaInkwell, item.manaInkwell.name
Botania:vial:0, Managlass Vial
Botania:vial:1, Alfglass Flask
Botania:brewVial, item.brewVial.name
Botania:brewFlask, item.brewFlask.name
Botania:bloodPendant, item.bloodPendant.name
Botania:missileRod, item.missileRod.name
Botania:holyCloak, item.holyCloak.name
Botania:unholyCloak, item.unholyCloak.name
Botania:craftingHalo, item.craftingHalo.name
Botania:blackLotus:0, Black Lotus
Botania:blackLotus:1, Blacker Lotus
Botania:monocle, item.monocle.name
Botania:clip, item.clip.name
Botania:cobbleRod, item.cobbleRod.name
Botania:smeltRod, item.smeltRod.name
Botania:worldSeed, item.worldSeed.name
Botania:spellCloth, Ткань поглощения заклинаний
Botania:thornChakram:0, Thorn Chakram
Botania:thornChakram:1, Flare Chakram
Botania:overgrowthSeed, item.overgrowthSeed.name
Botania:craftPattern:0, Crafting Pattern #1: 1x1
Botania:craftPattern:1, Crafting Pattern #2: 2x2
Botania:craftPattern:2, Crafting Pattern #3: 1x2
Botania:craftPattern:3, Crafting Pattern #4: 2x1
Botania:craftPattern:4, Crafting Pattern #5: 1x3
Botania:craftPattern:5, Crafting Pattern #6: 3x1
Botania:craftPattern:6, Crafting Pattern #7: 2x3
Botania:craftPattern:7, Crafting Pattern #8: 3x2
Botania:craftPattern:8, Crafting Pattern #9: Donut
Botania:ancientWill:0, Will of Ahrim
Botania:ancientWill:1, Will of Dharok
Botania:ancientWill:2, Will of Guthan
Botania:ancientWill:3, Will of Torag
Botania:ancientWill:4, Will of Verac
Botania:ancientWill:5, Will of Karil
Botania:corporeaSpark:0, Corporea Spark
Botania:corporeaSpark:1, Master Corporea Spark
Botania:livingwoodBow, item.livingwoodBow.name
Botania:crystalBow, item.crystalBow.name
Botania:cosmetic:0, Black Bowtie
Botania:cosmetic:1, Black Tie
Botania:cosmetic:2, Red Glasses
Botania:cosmetic:3, Puffy Scarf
Botania:cosmetic:4, Engineer Goggles
Botania:cosmetic:5, Eyepatch
Botania:cosmetic:6, Wicked Eyepatch
Botania:cosmetic:7, Red Ribbons
Botania:cosmetic:8, Pink Flower Bud
Botania:cosmetic:9, Polka-Dotted Bows
Botania:cosmetic:10, Blue Butterfly
Botania:cosmetic:11, Cat Ears
Botania:cosmetic:12, Witch Pin
Botania:cosmetic:13, Devil Tail
Botania:cosmetic:14, Kamui Eye
Botania:cosmetic:15, Googly Eyes
Botania:cosmetic:16, Four-Leafed Clover
Botania:cosmetic:17, Clock Eye
Botania:cosmetic:18, Unicorn Horn
Botania:cosmetic:19, Devil Horns
Botania:cosmetic:20, Hyper Plus
Botania:cosmetic:21, Botanist Emblem
Botania:cosmetic:22, Ancient Mask
Botania:cosmetic:23, Eerie Mask
Botania:cosmetic:24, Alien Antenna
Botania:cosmetic:25, Anaglyph Glasses
Botania:cosmetic:26, Orange Shades
Botania:cosmetic:27, Groucho Glasses
Botania:cosmetic:28, Thick Eyebrows
Botania:cosmetic:29, Lusitanic Shield
Botania:cosmetic:30, Tiny Potato Mask
Botania:cosmetic:31, Questgiver Mark
Botania:swapRing, item.swapRing.name
Botania:flowerBag, item.flowerBag.name
Botania:phantomInk, item.phantomInk.name
Botania:poolMinecart, item.poolMinecart.name
Botania:pinkinator, item.pinkinator.name
Botania:infiniteFruit, item.infiniteFruit.name
Botania:kingKey, item.kingKey.name
Botania:flugelEye, item.flugelEye.name
Botania:thorRing, item.thorRing.name
Botania:odinRing, item.odinRing.name
Botania:lokiRing, item.lokiRing.name
Botania:aesirRing, item.aesirRing.name
Botania:dice, item.dice.name
Botania:keepIvy, item.keepIvy.name
Botania:blackHoleTalisman:0, Black Hole Talisman
Botania:recordGaia1, item.recordGaia1.name
Botania:recordGaia2, item.recordGaia2.name
Botania:temperanceStone:0, Stone of Temperance
Botania:incenseStick, item.incenseStick.name
Botania:terraAxe, item.terraAxe.name
Botania:waterBowl, item.waterBowl.name
Botania:obedienceStick, item.obedienceStick.name
Botania:cacophonium, item.cacophonium.name
Botania:slimeBottle:0, Slime in a Bottle
Botania:starSword, item.starSword.name
Botania:exchangeRod, item.exchangeRod.name
Botania:magnetRingGreater, item.magnetRingGreater.name
Botania:thunderSword, item.thunderSword.name
Botania:manaweaveHelm, item.manaweaveHelm.name
Botania:manaweaveLegs, item.manaweaveLegs.name
Botania:manaweaveChest, item.manaweaveChest.name
Botania:manaweaveBoots, item.manaweaveBoots.name
Botania:autocraftingHalo, item.autocraftingHalo.name
Botania:gaiaHead, item.gaiaHead.name
Botania:sextant, item.sextant.name
Botania:speedUpBelt, item.speedUpBelt.name
Botania:baubleBox, item.baubleBox.name
Avaritia:Resource:0, Diamond Lattice
Avaritia:Resource:1, Crystal Matrix Ingot
Avaritia:Resource:2, Pile of Neutrons
Avaritia:Resource:3, Neutronium Nugget
Avaritia:Resource:4, Neutronium Ingot
Avaritia:Resource:5, Infinity Catalyst
Avaritia:Resource:6, Infinity Ingot
Avaritia:Resource:7, Record Fragment
Avaritia:Resource:8, Star Fuel
Avaritia:Resource:9, Neutronium Gear
Avaritia:Singularity:0, Iron Singularity
Avaritia:Singularity:1, Golden Singularity
Avaritia:Singularity:2, Lapis Singularity
Avaritia:Singularity:3, Redstone Singularity
Avaritia:Singularity:4, Nether Quartz Singularity
Avaritia:Singularity:5, Copper Singularity
Avaritia:Singularity:6, Tin Singularity
Avaritia:Singularity:7, Leaden Singularity
Avaritia:Singularity:8, Silver Singularity
Avaritia:Singularity:9, Nickel Singularity
Avaritia:Singularity:10, Clay Singularity
Avaritia:Infinity_Pickaxe, World Breaker
Avaritia:Infinity_Sword, Sword of the Cosmos
Avaritia:Skull_Sword, Skullfire Sword
Avaritia:Ultimate_Stew, Ultimate Stew
Avaritia:Cosmic_Meatballs, Cosmic Meatballs
Avaritia:Endest_Pearl, Endest Pearl
Avaritia:Infinity_Helm, Infinity Helmet
Avaritia:Infinity_Chest, Infinity Breastplate
Avaritia:Infinity_Pants, Infinity Pants
Avaritia:Infinity_Shoes, Infinity Boots
Avaritia:Matter_Cluster, Matter Cluster
Avaritia:Infinity_Bow, Longbow of the Heavens
Avaritia:Infinity_Shovel, Planet Eater
Avaritia:Infinity_Axe, Nature's Ruin
Backpack:backpack:0, Backpack
Backpack:backpack:1, Black Backpack
Backpack:backpack:2, Red Backpack
Backpack:backpack:3, Green Backpack
Backpack:backpack:4, Brown Backpack
Backpack:backpack:5, Blue Backpack
Backpack:backpack:6, Purple Backpack
Backpack:backpack:7, Cyan Backpack
Backpack:backpack:8, Light Gray Backpack
Backpack:backpack:9, Gray Backpack
Backpack:backpack:10, Pink Backpack
Backpack:backpack:11, Lime Backpack
Backpack:backpack:12, Yellow Backpack
Backpack:backpack:13, Light Blue Backpack
Backpack:backpack:14, Magenta Backpack
Backpack:backpack:15, Orange Backpack
Backpack:backpack:16, White Backpack
Backpack:backpack:100, Middle Backpack
Backpack:backpack:101, Middle Black Backpack
Backpack:backpack:102, Middle Red Backpack
Backpack:backpack:103, Middle Green Backpack
Backpack:backpack:104, Middle Brown Backpack
Backpack:backpack:105, Middle Blue Backpack
Backpack:backpack:106, Middle Purple Backpack
Backpack:backpack:107, Middle Cyan Backpack
Backpack:backpack:108, Middle Light Gray Backpack
Backpack:backpack:109, Middle Gray Backpack
Backpack:backpack:110, Middle Pink Backpack
Backpack:backpack:111, Middle Lime Backpack
Backpack:backpack:112, Middle Yellow Backpack
Backpack:backpack:113, Middle Light Blue Backpack
Backpack:backpack:114, Middle Magenta Backpack
Backpack:backpack:115, Middle Orange Backpack
Backpack:backpack:116, Middle White Backpack
Backpack:backpack:200, Big Backpack
Backpack:backpack:201, Big Black Backpack
Backpack:backpack:202, Big Red Backpack
Backpack:backpack:203, Big Green Backpack
Backpack:backpack:204, Big Brown Backpack
Backpack:backpack:205, Big Blue Backpack
Backpack:backpack:206, Big Purple Backpack
Backpack:backpack:207, Big Cyan Backpack
Backpack:backpack:208, Big Light Gray Backpack
Backpack:backpack:209, Big Gray Backpack
Backpack:backpack:210, Big Pink Backpack
Backpack:backpack:211, Big Lime Backpack
Backpack:backpack:212, Big Yellow Backpack
Backpack:backpack:213, Big Light Blue Backpack
Backpack:backpack:214, Big Magenta Backpack
Backpack:backpack:215, Big Orange Backpack
Backpack:backpack:216, Big White Backpack
Backpack:backpack:31999, Ender Backpack
Backpack:workbenchbackpack:17, Workbench Backpack
Backpack:workbenchbackpack:217, Big Workbench Backpack
Backpack:boundLeather, item.null.name
Backpack:tannedLeather, item.null.name
HardcoreEnderExpansion:silverfish_blood, Кровь чешуйницы
HardcoreEnderExpansion:altar_nexus, Нексус алтаря
HardcoreEnderExpansion:fire_shard, Fire Shard
HardcoreEnderExpansion:item_special_effects, item.itemNumber.name
HardcoreEnderExpansion:essence:0, Драконья эссенция
HardcoreEnderExpansion:essence:1, Пламенная эссенция
HardcoreEnderExpansion:essence:2, Спектральная эссенция
HardcoreEnderExpansion:energy_wand, Energy Wand
HardcoreEnderExpansion:music_disk:0, Пластинка
HardcoreEnderExpansion:music_disk:1, Пластинка
HardcoreEnderExpansion:music_disk:2, Пластинка
HardcoreEnderExpansion:music_disk:3, Пластинка
HardcoreEnderExpansion:music_disk:4, Пластинка
HardcoreEnderExpansion:music_disk:5, Пластинка
HardcoreEnderExpansion:music_disk:6, Пластинка
HardcoreEnderExpansion:music_disk:7, Пластинка
HardcoreEnderExpansion:music_disk:8, Пластинка
HardcoreEnderExpansion:music_disk:9, Пластинка
HardcoreEnderExpansion:rune:0, Руна энергии
HardcoreEnderExpansion:rune:1, Руна ловкости
HardcoreEnderExpansion:rune:2, Руна силы
HardcoreEnderExpansion:rune:3, Руна обороны
HardcoreEnderExpansion:rune:4, Руна магии
HardcoreEnderExpansion:rune:5, Руна пустоты
HardcoreEnderExpansion:ghost_amulet:0, Ghost Amulet (Impure)
HardcoreEnderExpansion:ghost_amulet:1, Амулет призрака
HardcoreEnderExpansion:igneous_rock, Магматическая порода
HardcoreEnderExpansion:infestation_remedy, Отвар наводнения
HardcoreEnderExpansion:spatial_dash_gem, Самоцвет пространственного рывка
HardcoreEnderExpansion:enhanced_brewing_stand, Улучшенная варочная стойка
HardcoreEnderExpansion:adventurers_diary, Дневник путешественника
HardcoreEnderExpansion:biome_compass, Компас биомов
HardcoreEnderExpansion:energy_wand_core, Energy Wand Core
HardcoreEnderExpansion:dry_splinter, Сухой осколок
HardcoreEnderExpansion:enderman_head, item.endermanHead.name
HardcoreEnderExpansion:knowledge_note:0, Knowledge Note
HardcoreEnderExpansion:end_powder, Порошок Края
HardcoreEnderExpansion:obsidian_fragment, Obsidian Fragment
HardcoreEnderExpansion:obsidian_rod, Obsidian Rod
HardcoreEnderExpansion:corporeal_mirage_orb, Телесная сфера иллюзий
HardcoreEnderExpansion:bucket_ender_goo, Ведро слизи Края
HardcoreEnderExpansion:temple_caller, Призыватель храма
HardcoreEnderExpansion:potion_of_instability, item.null.name
HardcoreEnderExpansion:schorching_pickaxe, Уничтожающая кирка
HardcoreEnderExpansion:endium_ingot, Endium Ingot
HardcoreEnderExpansion:enhanced_ender_pearl, Жемчуг Эндера
HardcoreEnderExpansion:charm_pouch, Чехол для амулета
HardcoreEnderExpansion:stardust, Звездная пыль
HardcoreEnderExpansion:charm:0, Амулет энергии
HardcoreEnderExpansion:charm:1, Амулет энергии
HardcoreEnderExpansion:charm:2, Амулет энергии
HardcoreEnderExpansion:charm:3, Амулет ловкости
HardcoreEnderExpansion:charm:4, Амулет ловкости
HardcoreEnderExpansion:charm:5, Амулет ловкости
HardcoreEnderExpansion:charm:6, Амулет силы
HardcoreEnderExpansion:charm:7, Амулет силы
HardcoreEnderExpansion:charm:8, Амулет силы
HardcoreEnderExpansion:charm:9, Амулет обороны
HardcoreEnderExpansion:charm:10, Амулет обороны
HardcoreEnderExpansion:charm:11, Амулет обороны
HardcoreEnderExpansion:charm:12, Амулет магии
HardcoreEnderExpansion:charm:13, Амулет магии
HardcoreEnderExpansion:charm:14, Амулет магии
HardcoreEnderExpansion:charm:18, Амулет равенства
HardcoreEnderExpansion:charm:19, Амулет блокирования
HardcoreEnderExpansion:charm:20, Амулет блокирования
HardcoreEnderExpansion:charm:21, Амулет блокирования
HardcoreEnderExpansion:charm:22, Амулет блокирования отражения
HardcoreEnderExpansion:charm:23, Амулет блокирования отражения
HardcoreEnderExpansion:charm:24, Амулет блокирования отражения
HardcoreEnderExpansion:charm:71, Charm of Blocking Repulsion
HardcoreEnderExpansion:charm:72, Charm of Blocking Repulsion
HardcoreEnderExpansion:charm:73, Charm of Blocking Repulsion
HardcoreEnderExpansion:charm:25, Амулет пищеварительного восстановления
HardcoreEnderExpansion:charm:26, Амулет пищеварительного восстановления
HardcoreEnderExpansion:charm:27, Амулет пищеварительного восстановления
HardcoreEnderExpansion:charm:28, Амулет вампиризма
HardcoreEnderExpansion:charm:29, Амулет вампиризма
HardcoreEnderExpansion:charm:30, Амулет вампиризма
HardcoreEnderExpansion:charm:31, Амулет перенаправления урона
HardcoreEnderExpansion:charm:32, Амулет перенаправления урона
HardcoreEnderExpansion:charm:33, Амулет перенаправления урона
HardcoreEnderExpansion:charm:34, Амулет перенаправления урона
HardcoreEnderExpansion:charm:35, Амулет перенаправления урона
HardcoreEnderExpansion:charm:36, Амулет перенаправления урона
HardcoreEnderExpansion:charm:37, Амулет магического проникновения
HardcoreEnderExpansion:charm:38, Амулет магического проникновения
HardcoreEnderExpansion:charm:39, Амулет магического проникновения
HardcoreEnderExpansion:charm:40, Амулет магического проникновения
HardcoreEnderExpansion:charm:41, Амулет магического проникновения
HardcoreEnderExpansion:charm:42, Амулет магического проникновения
HardcoreEnderExpansion:charm:43, Амулет магического проникновения
HardcoreEnderExpansion:charm:44, Амулет колдовского вреда
HardcoreEnderExpansion:charm:45, Амулет колдовского вреда
HardcoreEnderExpansion:charm:46, Амулет колдовского вреда
HardcoreEnderExpansion:charm:65, Амулет колдовского вреда
HardcoreEnderExpansion:charm:74, Charm of Magic Defense
HardcoreEnderExpansion:charm:75, Charm of Magic Defense
HardcoreEnderExpansion:charm:76, Charm of Magic Defense
HardcoreEnderExpansion:charm:49, Амулет защиты от падения
HardcoreEnderExpansion:charm:50, Амулет защиты от падения
HardcoreEnderExpansion:charm:51, Амулет быстроты
HardcoreEnderExpansion:charm:52, Амулет быстроты
HardcoreEnderExpansion:charm:53, Амулет быстроты
HardcoreEnderExpansion:charm:54, Амулет критического удара
HardcoreEnderExpansion:charm:55, Амулет критического удара
HardcoreEnderExpansion:charm:56, Амулет критического удара
HardcoreEnderExpansion:charm:57, Амулет критического удара
HardcoreEnderExpansion:charm:58, Амулет критического удара
HardcoreEnderExpansion:charm:59, Амулет критического удара
HardcoreEnderExpansion:charm:60, Амулет вторичной прочности
HardcoreEnderExpansion:charm:61, Амулет вторичной прочности
HardcoreEnderExpansion:charm:62, Амулет вторичной прочности
HardcoreEnderExpansion:charm:63, Амулет вторичной прочности
HardcoreEnderExpansion:charm:64, Амулет вторичной прочности
HardcoreEnderExpansion:charm:17, Амулет уменьшения импульса
HardcoreEnderExpansion:charm:66, Амулет уменьшения импульса
HardcoreEnderExpansion:charm:67, Амулет уменьшения импульса
HardcoreEnderExpansion:charm:68, Амулет уменьшения импульса
HardcoreEnderExpansion:charm:69, Амулет уменьшения импульса
HardcoreEnderExpansion:charm:70, Амулет уменьшения импульса
HardcoreEnderExpansion:charm:77, Charm of Last Resort
HardcoreEnderExpansion:charm:78, Charm of Last Resort
HardcoreEnderExpansion:charm:79, Charm of Last Resort
HardcoreEnderExpansion:transference_gem, Самоцвет переноса
HardcoreEnderExpansion:instability_orb, Нестабильная сфера
HardcoreEnderExpansion:spawn_eggs:0, Призвать существо - Злой странник Края
HardcoreEnderExpansion:spawn_eggs:1, Призвать существо - Маленький странник Края
HardcoreEnderExpansion:spawn_eggs:2, Призвать существо - Хранитель Края
HardcoreEnderExpansion:spawn_eggs:3, Призвать существо - Мышь-вампир
HardcoreEnderExpansion:spawn_eggs:4, Призвать существо - Заражённая мышь
HardcoreEnderExpansion:spawn_eggs:5, Призвать существо - Огненный голем
HardcoreEnderExpansion:spawn_eggs:6, Призвать существо - Обжигающая линза
HardcoreEnderExpansion:spawn_eggs:7, Призвать существо - Око Края
HardcoreEnderExpansion:spawn_eggs:8, Призвать существо - Огненный злодей
HardcoreEnderExpansion:spawn_eggs:9, Призвать существо - Демон Края
HardcoreEnderExpansion:spawn_eggs:10, Призвать существо - Парализованный странник Края
HardcoreEnderExpansion:spawn_eggs:11, Призвать существо - Вошь
HardcoreEnderExpansion:spawn_eggs:12, Призвать существо - Haunted Miner
HardcoreEnderExpansion:spawn_eggs:13, Призвать существо - Homeland Enderman
HardcoreEnderExpansion:spawn_eggs:14, Призвать существо - Endermage
HardcoreEnderExpansion:auricion, Auricion
HardcoreEnderExpansion:endoplasm, Эктоплазма
Forestry:fertilizerBio, Компост
Forestry:fertilizerCompound, Минеральное удобрение
Forestry:apatite, Апатит
Forestry:researchNote, Записки игрока %s
Forestry:ingotCopper, Медный слиток
Forestry:ingotTin, Оловянный слиток
Forestry:ingotBronze, Бронзовый слиток
Forestry:wrench, Гаечный ключ
Forestry:pipette, Пипетка
Forestry:sturdyMachine, Прочный корпус
Forestry:hardenedMachine, Укреплённый корпус
Forestry:impregnatedCasing, Пропитанный корпус
Forestry:craftingMaterial:0, Пульсирующая пыль
Forestry:craftingMaterial:1, Пульсирующая сеть
Forestry:craftingMaterial:2, Клочок шёлка
Forestry:craftingMaterial:3, Тканый шёлк
Forestry:craftingMaterial:4, Рассеивающий заряд
Forestry:craftingMaterial:5, Осколок льда
Forestry:craftingMaterial:6, Пропитанная обшивка
Forestry:naturalistHelmet, Очки
Forestry:peat, Торф
Forestry:ash, Зола
Forestry:bituminousPeat, Смолистый торф
Forestry:gearBronze, Бронзовая шестерня
Forestry:gearCopper, Медная шестерня
Forestry:gearTin, Оловянная шестерня
Forestry:chipsets:0, Основная печатная плата
Forestry:chipsets:1, Продвинутая печатная плата
Forestry:chipsets:2, Усовершенствованная печатная плата
Forestry:chipsets:3, Усложнённая печатная плата
Forestry:solderingIron, Паяльник
Forestry:carton, Картон
Forestry:oakStick, Полированная палка
Forestry:woodPulp, Древесная масса
Forestry:brokenBronzePickaxe, Сломанная кирка
Forestry:brokenBronzeShovel, Сломанная лопата
Forestry:bronzePickaxe, Кирка выживающего
Forestry:bronzeShovel, Лопата выживающего
Forestry:kitShovel, Сборная лопата
Forestry:kitPickaxe, Сборная кирка
Forestry:mouldyWheat, Плесневелая пшеница
Forestry:decayingWheat, Загнивающая пшеница
Forestry:mulch, Мульча
Forestry:iodineCapsule, Капсула йода
Forestry:phosphor, Фосфор
Forestry:beeswax, Пчелиный воск
Forestry:refractoryWax, Огнеупорный воск
Forestry:fruits:0, Вишня
Forestry:fruits:1, Грецкий орех
Forestry:fruits:2, Каштан
Forestry:fruits:3, Лимон
Forestry:fruits:4, Слива
Forestry:fruits:5, Финик
Forestry:fruits:6, Папайя
Forestry:canEmpty, Банка
Forestry:waxCapsule, Восковая капсула
Forestry:refractoryEmpty, Огнеупорная капсула
Forestry:canEthanol, Банка этанола
Forestry:waxCapsuleEthanol, Капсула этанола
Forestry:refractoryEthanol, Капсула этанола
Forestry:bucketEthanol, Ведро этанола
Forestry:canBiomass, Банка биомассы
Forestry:waxCapsuleBiomass, Капсула биомассы
Forestry:refractoryBiomass, Капсула биомассы
Forestry:bucketBiomass, Ведро биомассы
Forestry:bucketGlass, Ведро жидкого стекла
Forestry:canHoney, Банка мёда
Forestry:waxCapsuleHoney, Капсула мёда
Forestry:refractoryHoney, Капсула мёда
Forestry:bucketHoney, Ведро мёда
Forestry:canIce, Банка льда
Forestry:waxCapsuleIce, Капсула льда
Forestry:refractoryIce, Капсула льда
Forestry:bucketIce, Ведро молотого льда
Forestry:canJuice, Банка сока
Forestry:waxCapsuleJuice, Капсула сока
Forestry:refractoryJuice, Капсула сока
Forestry:bucketJuice, Ведро фруктового сока
Forestry:canSeedOil, Банка растительного масла
Forestry:waxCapsuleSeedOil, Капсула растительного масла
Forestry:refractorySeedOil, Капсула растительного масла
Forestry:bucketSeedOil, Ведро растительного масла
Forestry:canShortMead, Short Mead Can
Forestry:waxCapsuleShortMead, Short Mead Capsule
Forestry:refractoryShortMead, Short Mead Capsule
Forestry:bucketShortMead, Ведро питного мёда
Forestry:canMead, Mead Can
Forestry:waxCapsuleMead, Mead Capsule
Forestry:refractoryMead, Mead Capsule
Forestry:bucketMead, Mead Bucket
Forestry:canWater, Банка воды
Forestry:waxCapsuleWater, Капсула воды
Forestry:refractoryWater, Капсула воды
Forestry:canLava, Банка лавы
Forestry:refractoryLava, Капсула лавы
Forestry:beealyzer, Анализатор пчёл
Forestry:habitatLocator, Определитель ареала
Forestry:imprinter, Импринтер
Forestry:cart.beehouse:0, Вагонетка с пчелиным домиком
Forestry:cart.beehouse:1, Вагонетка с пасекой
Forestry:frameUntreated, Необработанная рамка
Forestry:frameImpregnated, Пропитанная рамка
Forestry:frameProven, Проверенная рамка
Forestry:honeyDrop:0, Капля мёда
Forestry:pollen:0, Скопление пыльцы
Forestry:pollen:1, Скопление кристаллической пыльцы
Forestry:propolis:0, Прополис
Forestry:propolis:1, Липкий прополис
Forestry:propolis:3, Шелковистый прополис
Forestry:honeydew, Медвяная роса
Forestry:royalJelly, Маточное молочко
Forestry:waxCast, Восковая форма
Forestry:beeCombs:0, Медовые соты
Forestry:beeCombs:2, Кипящие соты
Forestry:beeCombs:3, Вязкие соты
Forestry:beeCombs:4, Морозные соты
Forestry:beeCombs:5, Капающие соты
Forestry:beeCombs:6, Шелковистые соты
Forestry:beeCombs:7, Пересохшие соты
Forestry:beeCombs:15, Замшелые соты
Forestry:beeCombs:16, Спелые соты
Forestry:apiaristHelmet, Защитная маска пчеловода
Forestry:apiaristChest, Куртка пчеловода
Forestry:apiaristLegs, Штаны пчеловода
Forestry:apiaristBoots, Ботинки пчеловода
Forestry:scoop, Сачок
Forestry:treealyzer, Анализатор деревьев
Forestry:grafter, Садовый нож
Forestry:grafterProven, Проверенный садовый нож
Forestry:honeyedSlice, Бутерброд с мёдом
Forestry:beverage, item.for.beverage.name
Forestry:ambrosia, Амброзия
Forestry:honeyPot, Горшочек мёда
Forestry:infuser, Наполнитель
Forestry:flutterlyzer, Анализатор бабочек
Forestry:stamps:0, Почтовая марка (1n)
Forestry:stamps:1, Почтовая марка (2n)
Forestry:stamps:2, Почтовая марка (5n)
Forestry:stamps:3, Почтовая марка (10n)
Forestry:stamps:4, Почтовая марка (20n)
Forestry:stamps:5, Почтовая марка (50n)
Forestry:stamps:6, Почтовая марка (100n)
Forestry:letters, Письмо
Forestry:catalogue, Каталог
Forestry:crate, Ящик
Forestry:apiaristBag, Рюкзак пчеловода
Forestry:lepidopteristBag, Рюкзак лепидоптеролога
Forestry:minerBag, Рюкзак шахтёра
Forestry:minerBagT2, Тканый рюкзак шахтёра
Forestry:diggerBag, Рюкзак землекопа
Forestry:diggerBagT2, Тканый рюкзак землекопа
Forestry:foresterBag, Рюкзак лесника
Forestry:foresterBagT2, Тканый рюкзак лесника
Forestry:hunterBag, Рюкзак охотника
Forestry:hunterBagT2, Тканый рюкзак охотника
Forestry:adventurerBag, Рюкзак авантюриста
Forestry:adventurerBagT2, Тканый рюкзак авантюриста
Forestry:builderBag, Рюкзак строителя
Forestry:builderBagT2, Тканый рюкзак строителя
Forestry:cratedPeat, item.cratedPeat.name
Forestry:cratedApatite, item.cratedApatite.name
Forestry:cratedFertilizer, item.cratedFertilizer.name
Forestry:cratedMulch, item.cratedMulch.name
Forestry:cratedPhosphor, item.cratedPhosphor.name
Forestry:cratedAsh, item.cratedAsh.name
Forestry:cratedTin, item.cratedTin.name
Forestry:cratedCopper, item.cratedCopper.name
Forestry:cratedBronze, item.cratedBronze.name
Forestry:cratedHumus, item.cratedHumus.name
Forestry:cratedBogearth, item.cratedBogearth.name
Forestry:cratedWheat, item.cratedWheat.name
Forestry:cratedCookies, item.cratedCookies.name
Forestry:cratedRedstone, item.cratedRedstone.name
Forestry:cratedLapis, item.cratedLapis.name
Forestry:cratedReeds, item.cratedReeds.name
Forestry:cratedClay, item.cratedClay.name
Forestry:cratedGlowstone, item.cratedGlowstone.name
Forestry:cratedApples, item.cratedApples.name
Forestry:cratedNetherwart, item.cratedNetherwart.name
Forestry:cratedCharcoal, item.cratedCharcoal.name
Forestry:cratedCoal, item.cratedCoal.name
Forestry:cratedSeeds, item.cratedSeeds.name
Forestry:cratedPotatoes, item.cratedPotatoes.name
Forestry:cratedCarrots, item.cratedCarrots.name
Forestry:cratedWood, item.cratedWood.name
Forestry:cratedSpruceWood, item.cratedSpruceWood.name
Forestry:cratedBirchWood, item.cratedBirchWood.name
Forestry:cratedJungleWood, item.cratedJungleWood.name
Forestry:cratedAcaciaWood, item.cratedAcaciaWood.name
Forestry:cratedDarkOakWood, item.cratedDarkOakWood.name
Forestry:cratedCobblestone, item.cratedCobblestone.name
Forestry:cratedDirt, item.cratedDirt.name
Forestry:cratedPodzol, item.cratedPodzol.name
Forestry:cratedStone, item.cratedStone.name
Forestry:cratedBrick, item.cratedBrick.name
Forestry:cratedCacti, item.cratedCacti.name
Forestry:cratedSand, item.cratedSand.name
Forestry:cratedRedSand, item.cratedRedSand.name
Forestry:cratedObsidian, item.cratedObsidian.name
Forestry:cratedNetherrack, item.cratedNetherrack.name
Forestry:cratedSoulsand, item.cratedSoulsand.name
Forestry:cratedSandstone, item.cratedSandstone.name
Forestry:cratedNetherbrick, item.cratedNetherbrick.name
Forestry:cratedMycelium, item.cratedMycelium.name
Forestry:cratedGravel, item.cratedGravel.name
Forestry:cratedSaplings, item.cratedSaplings.name
Forestry:cratedSpruceSapling, item.cratedSpruceSapling.name
Forestry:cratedBirchSapling, item.cratedBirchSapling.name
Forestry:cratedJungleSapling, item.cratedJungleSapling.name
Forestry:cratedAcaciaSapling, item.cratedAcaciaSapling.name
Forestry:cratedDarkOakSapling, item.cratedDarkOakSapling.name
Forestry:cratedBeeswax, item.cratedBeeswax.name
Forestry:cratedPollen, item.cratedPollen.name
Forestry:cratedCrystallinePollen, item.cratedCrystallinePollen.name
Forestry:cratedPropolis, item.cratedPropolis.name
Forestry:cratedHoneydew, item.cratedHoneydew.name
Forestry:cratedRoyalJelly, item.cratedRoyalJelly.name
Forestry:cratedHoneycombs, item.cratedHoneycombs.name
Forestry:cratedCocoaComb, item.cratedCocoaComb.name
Forestry:cratedSimmeringCombs, item.cratedSimmeringCombs.name
Forestry:cratedStringyCombs, item.cratedStringyCombs.name
Forestry:cratedFrozenCombs, item.cratedFrozenCombs.name
Forestry:cratedDrippingCombs, item.cratedDrippingCombs.name
Forestry:cratedSilkyCombs, item.cratedSilkyCombs.name
Forestry:cratedParchedCombs, item.cratedParchedCombs.name
Forestry:cratedMysteriousCombs, item.cratedMysteriousCombs.name
Forestry:cratedPowderyCombs, item.cratedPowderyCombs.name
Forestry:cratedWheatenCombs, item.cratedWheatenCombs.name
Forestry:cratedMossyCombs, item.cratedMossyCombs.name
Forestry:cratedMellowCombs, item.cratedMellowCombs.name
Forestry:cratedRefractoryWax, item.cratedRefractoryWax.name
Forestry:cratedCherry, item.cratedCherry.name
Forestry:cratedWalnut, item.cratedWalnut.name
Forestry:cratedChestnut, item.cratedChestnut.name
Forestry:cratedLemon, item.cratedLemon.name
Forestry:cratedPlum, item.cratedPlum.name
Forestry:cratedPapaya, item.cratedPapaya.name
Forestry:cratedDates, item.cratedDates.name
Forestry:cratedResin, item.cratedResin.name
Forestry:cratedRubber, item.cratedRubber.name
Forestry:cratedScrap, item.cratedScrap.name
Forestry:cratedSilver, item.cratedSilver.name
Forestry:cratedBrass, item.cratedBrass.name
BuildCraft|Core:wrenchItem, Wrench
BuildCraft|Core:mapLocation, Map Location
BuildCraft|Core:list:0, List
BuildCraft|Core:list:1, List
BuildCraft|Core:debugger, Debugger
BuildCraft|Core:woodenGearItem, Wood Gear
BuildCraft|Core:stoneGearItem, Stone Gear
BuildCraft|Core:ironGearItem, Iron Gear
BuildCraft|Core:goldGearItem, Gold Gear
BuildCraft|Core:diamondGearItem, Diamond Gear
BuildCraft|Core:paintbrush, Paintbrush
BuildCraft|Transport:pipeWaterproof, Pipe Sealant
BuildCraft|Transport:item.buildcraftPipe.pipeitemswood:0, Wooden Transport Pipe
BuildCraft|Transport:item.buildcraftPipe.pipeitemsemerald:0, Emerald Transport Pipe
BuildCraft|Transport:item.buildcraftPipe.pipeitemscobblestone:0, Cobblestone Transport Pipe
BuildCraft|Transport:item.buildcraftPipe.pipeitemsstone:0, Stone Transport Pipe
BuildCraft|Transport:item.buildcraftPipe.pipeitemsquartz:0, Quartz Transport Pipe
BuildCraft|Transport:item.buildcraftPipe.pipeitemsiron:0, Iron Transport Pipe
BuildCraft|Transport:item.buildcraftPipe.pipeitemsgold:0, Golden Transport Pipe
BuildCraft|Transport:item.buildcraftPipe.pipeitemsdiamond:0, Diamond Transport Pipe
BuildCraft|Transport:item.buildcraftPipe.pipeitemsobsidian:0, Obsidian Transport Pipe
BuildCraft|Transport:item.buildcraftPipe.pipeitemslapis:0, Lazuli Transport Pipe
BuildCraft|Transport:item.buildcraftPipe.pipeitemsdaizuli:0, Daizuli Transport Pipe
BuildCraft|Transport:item.buildcraftPipe.pipeitemssandstone:0, Sandstone Transport Pipe
BuildCraft|Transport:item.buildcraftPipe.pipeitemsvoid:0, Void Transport Pipe
BuildCraft|Transport:item.buildcraftPipe.pipeitemsemzuli:0, Emzuli Transport Pipe
BuildCraft|Transport:item.buildcraftPipe.pipeitemsstripes:0, Stripes Transport Pipe
BuildCraft|Transport:item.buildcraftPipe.pipeitemsclay:0, Clay Transport Pipe
BuildCraft|Transport:item.buildcraftPipe.pipefluidswood:0, Wooden Fluid Pipe
BuildCraft|Transport:item.buildcraftPipe.pipefluidscobblestone:0, Cobblestone Fluid Pipe
BuildCraft|Transport:item.buildcraftPipe.pipefluidsstone:0, Stone Fluid Pipe
BuildCraft|Transport:item.buildcraftPipe.pipefluidsquartz:0, Quartz Fluid Pipe
BuildCraft|Transport:item.buildcraftPipe.pipefluidsiron:0, Iron Fluid Pipe
BuildCraft|Transport:item.buildcraftPipe.pipefluidsgold:0, Golden Fluid Pipe
BuildCraft|Transport:item.buildcraftPipe.pipefluidsemerald:0, Emerald Fluid Pipe
BuildCraft|Transport:item.buildcraftPipe.pipefluidsdiamond:0, Diamond Fluid Pipe
BuildCraft|Transport:item.buildcraftPipe.pipefluidssandstone:0, Sandstone Fluid Pipe
BuildCraft|Transport:item.buildcraftPipe.pipefluidsvoid:0, Void Fluid Pipe
BuildCraft|Transport:item.buildcraftPipe.pipefluidsclay:0, Clay Fluid Pipe
BuildCraft|Transport:item.buildcraftPipe.pipepowerwood:0, Wooden Kinesis Pipe
BuildCraft|Transport:item.buildcraftPipe.pipepowercobblestone:0, Cobblestone Kinesis Pipe
BuildCraft|Transport:item.buildcraftPipe.pipepowerstone:0, Stone Kinesis Pipe
BuildCraft|Transport:item.buildcraftPipe.pipepowerquartz:0, Quartz Kinesis Pipe
BuildCraft|Transport:item.buildcraftPipe.pipepoweriron:0, Iron Kinesis Pipe
BuildCraft|Transport:item.buildcraftPipe.pipepowergold:0, Golden Kinesis Pipe
BuildCraft|Transport:item.buildcraftPipe.pipepowerdiamond:0, Diamond Kinesis Pipe
BuildCraft|Transport:item.buildcraftPipe.pipepoweremerald:0, Emerald Kinesis Pipe
BuildCraft|Transport:item.buildcraftPipe.pipepowersandstone:0, Sandstone Kinesis Pipe
BuildCraft|Transport:item.buildcraftPipe.pipestructurecobblestone:0, Cobblestone Structure Pipe
BuildCraft|Transport:pipeWire:0, Red Pipe Wire
BuildCraft|Transport:pipeWire:1, Blue Pipe Wire
BuildCraft|Transport:pipeWire:2, Green Pipe Wire
BuildCraft|Transport:pipeWire:3, Yellow Pipe Wire
BuildCraft|Transport:pipeGate, item.pipeGate.name
BuildCraft|Transport:pipePlug, item.pipePlug.name
BuildCraft|Transport:pipeLens:0, Lens (Черный)
BuildCraft|Transport:pipeLens:1, Lens (Красный)
BuildCraft|Transport:pipeLens:2, Lens (Green)
BuildCraft|Transport:pipeLens:3, Lens (Коричневый)
BuildCraft|Transport:pipeLens:4, Lens (Blue)
BuildCraft|Transport:pipeLens:5, Lens (Фиолетовый)
BuildCraft|Transport:pipeLens:6, Lens (Cyan)
BuildCraft|Transport:pipeLens:7, Lens (Light Gray)
BuildCraft|Transport:pipeLens:8, Lens (Gray)
BuildCraft|Transport:pipeLens:9, Lens (Розовый)
BuildCraft|Transport:pipeLens:10, Lens (Lime)
BuildCraft|Transport:pipeLens:11, Lens (Желтый)
BuildCraft|Transport:pipeLens:12, Lens (Light Blue)
BuildCraft|Transport:pipeLens:13, Lens (Magenta)
BuildCraft|Transport:pipeLens:14, Lens (Оранжевый)
BuildCraft|Transport:pipeLens:15, Lens (Белый)
BuildCraft|Transport:pipeLens:16, Filter (Черный)
BuildCraft|Transport:pipeLens:17, Filter (Красный)
BuildCraft|Transport:pipeLens:18, Filter (Green)
BuildCraft|Transport:pipeLens:19, Filter (Коричневый)
BuildCraft|Transport:pipeLens:20, Filter (Blue)
BuildCraft|Transport:pipeLens:21, Filter (Фиолетовый)
BuildCraft|Transport:pipeLens:22, Filter (Cyan)
BuildCraft|Transport:pipeLens:23, Filter (Light Gray)
BuildCraft|Transport:pipeLens:24, Filter (Gray)
BuildCraft|Transport:pipeLens:25, Filter (Розовый)
BuildCraft|Transport:pipeLens:26, Filter (Lime)
BuildCraft|Transport:pipeLens:27, Filter (Желтый)
BuildCraft|Transport:pipeLens:28, Filter (Light Blue)
BuildCraft|Transport:pipeLens:29, Filter (Magenta)
BuildCraft|Transport:pipeLens:30, Filter (Оранжевый)
BuildCraft|Transport:pipeLens:31, Filter (Белый)
BuildCraft|Transport:pipeLens:32, Lens (Clear)
BuildCraft|Transport:pipeLens:33, Filter (Clear)
BuildCraft|Transport:pipePowerAdapter, item.pipePowerAdapter.name
BuildCraft|Transport:gateCopier, Gate Copier
BuildCraft|Builders:templateItem, Template
BuildCraft|Builders:blueprintItem, Blueprint
BuildCraft|Robotics:robot, Robot
BuildCraft|Robotics:robotStation, item.robotStation.name
BuildCraft|Robotics:redstone_board, Redstone Board
BuildCraft|Energy:bucketOil, Ведро нефти
BuildCraft|Energy:bucketFuel, Ведро топлива
BuildCraft|Silicon:redstoneChipset:0, Redstone Chipset
BuildCraft|Silicon:redstoneChipset:1, Iron Chipset
BuildCraft|Silicon:redstoneChipset:2, Golden Chipset
BuildCraft|Silicon:redstoneChipset:3, Diamond Chipset
BuildCraft|Silicon:redstoneChipset:4, Pulsating Chipset
BuildCraft|Silicon:redstoneChipset:5, Quartz Chipset
BuildCraft|Silicon:redstoneChipset:6, Redstone Comp Chipset
BuildCraft|Silicon:redstoneChipset:7, Emerald Chipset
BuildCraft|Silicon:package, Package
BuildCraft|Silicon:redstoneCrystal, Redstone Crystal
divinerpg:bacon, Бекон
divinerpg:hotPumpkinPie, Горячий тыквенный пирог
divinerpg:boiledEgg, Варёное яйцо
divinerpg:cheese, Сыр
divinerpg:whiteMushroom, Белый гриб
divinerpg:advancedMushroomStew, Продвинутые тушёные грибы
divinerpg:chickenDinner, Куриный обед
divinerpg:tomato, Томат
divinerpg:donut, Пончик
divinerpg:rawEmpoweredMeat, Сырое усиленное мясо
divinerpg:empoweredMeat, Усиленное мясо
divinerpg:magicMeat, Магическое мясо
divinerpg:enrichedMagicMeat, Обогащённое магическое мясо
divinerpg:snowflake, Снежинка
divinerpg:iceShards, Ледяные осколки
divinerpg:iceStone, Ледяной камень
divinerpg:rupeeIngot, Рупиевый слиток
divinerpg:arlemiteIngot, Арлемитовый слиток
divinerpg:realmiteIngot, Реалмитовый слиток
divinerpg:shadowBar, Слиток тени
divinerpg:hellstoneIngot, Адский слиток
divinerpg:netheriteIngot, Незеритовый слиток
divinerpg:bloodgem, Камень крови
divinerpg:jungleShards, Осколки джунглей
divinerpg:divineShards, Божественные осколки
divinerpg:corruptedShards, Повреждённые осколки
divinerpg:moltenShards, Расплавленные осколки
divinerpg:enderShards, Осколки Края
divinerpg:terranShards, Terran Shards
divinerpg:cyclopsEyeShards, Осколки глаза циклопа
divinerpg:corruptedBullet, Повреждённая пуля
divinerpg:jungleStone, Камень джунглей
divinerpg:divineStone, Божественный камень
divinerpg:corruptedStone, Повреждённый камень
divinerpg:moltenStone, Расплавленный камень
divinerpg:enderStone, Камень Края
divinerpg:terranStone, Terran Stone
divinerpg:healingStone, Камень здоровья
divinerpg:shadowStone, Теневой камень
divinerpg:aquaticIngot, Водяной слиток
divinerpg:aquaticPellets, Водяные гранулы
divinerpg:pureAquaticPellets, Очищенные водяные гранулы
divinerpg:cyclopsEye, Глаз циклопа
divinerpg:crabClaw, Клешня краба
divinerpg:legendaryEnderEye, Легендарное око Края
divinerpg:sharkFin, Плавник акулы
divinerpg:whaleFin, Плавник кита
divinerpg:liopleurodonSkull, Liopleurodon Skull
divinerpg:liopleurodonTeeth, Liopleurodon Teeth
divinerpg:netheriteChunk, Незеритовый кусок
divinerpg:bluefireStone, Камень синего огня
divinerpg:purpleBlaze, Фиолетовое пламя
divinerpg:furyFire, Грозный огонь
divinerpg:aquaBall, Водяной шар
divinerpg:aquaticBlazeRod, Водяная палочка ифрита
divinerpg:shadowCoins, Shadow Coins
divinerpg:overworldPetSpawner:0, Ehu Egg
divinerpg:overworldPetSpawner:1, Husk Egg
divinerpg:overworldPetSpawner:2, Stone Golem Egg
divinerpg:overworldPetSpawner:3, Smelter Egg
divinerpg:overworldPetSpawner:4, Snapper Egg
divinerpg:grizzleEgg:0, White Grizzle Egg
divinerpg:grizzleEgg:1, Brown Grizzle Egg
divinerpg:greenDiamondChunk, Зелёный алмазный кусок
divinerpg:grayDiamondChunk, Серый алмазный кусок
divinerpg:blueDiamondChunk, Синий алмазный кусок
divinerpg:redDiamondChunk, Красный алмазный кусок
divinerpg:yellowDiamondChunk, Жёлтый алмазный кусок
divinerpg:bucketOfTar, Ведро тара
divinerpg:mysteriousClock, Мистические часы
divinerpg:watchingEye, Смотрящее Око
divinerpg:callOfTheWatcher, Призыв Смотрителя
divinerpg:infernalFlame, Адский огонь
divinerpg:hordeHorn, Рог Орды
divinerpg:whiteMushroomSeeds, Семена белых грибов
divinerpg:tomatoSeeds, Семена томата
divinerpg:krakenSkin, Чешуя Кракена
divinerpg:krakenScale, Чешуйка Кракена
divinerpg:teleportationCrystal, Кристалл телепортации
divinerpg:edenSoul, Душа Эдема
divinerpg:wildwoodSoul, Душа Дикого леса
divinerpg:apalachiaSoul, Душа Апалачии
divinerpg:skythernSoul, Душа Небесного терна
divinerpg:mortumSoul, Душа Мортума
divinerpg:edenFragments, Фрагменты Эдема
divinerpg:wildwoodFragments, Фрагменты Дикого леса
divinerpg:apalachiaFragments, Фрагменты Апалачии
divinerpg:skythernFragments, Фрагменты Небесного терна
divinerpg:mortumFragments, Фрагменты Мортума
divinerpg:edenGem, Камень Эдема
divinerpg:wildwoodGem, Камень Дикого леса
divinerpg:apalachiaGem, Камень Апалачии
divinerpg:skythernGem, Камень Небесного терна
divinerpg:mortumGem, Камень Мортума
divinerpg:edenChunk, Кусок Эдема
divinerpg:wildwoodChunk, Кусок Дикого леса
divinerpg:apalachiaChunk, Кусок Апалачии
divinerpg:skythernChunk, Кусок Небесного терна
divinerpg:mortumChunk, Кусок Мортума
divinerpg:edenDust, Пыль Эдема
divinerpg:wildwoodDust, Пыль Дикого леса
divinerpg:apalachiaDust, Пыль Апалачии
divinerpg:skythernDust, Пыль Небесного терна
divinerpg:mortumDust, Пыль Мортума
divinerpg:twilightClock, Сумеречные часы
divinerpg:edenSparkles, Блёстки Эдема
divinerpg:baseSpawnCrystal, Кристалл основания спаунера
divinerpg:densosCrystal, Кристалл Денсоса
divinerpg:karotCrystal, Кристалл Карота
divinerpg:reyvorCrystal, Кристалл Рейвора
divinerpg:soulFiendCrystal, Кристалл Демона душ
divinerpg:twilightDemonCrystal, Кристалл Сумеречного демона
divinerpg:vamacheronCrystal, Кристалл Вамашерона
divinerpg:eternalArcherCrystal, Кристалл Вечного лучника
divinerpg:icicleBane, Снежная отрава
divinerpg:icineSword, Ледяной меч
divinerpg:enderice, Рис Края
divinerpg:snowslash, Ледяная черта
divinerpg:glacierSword, Ледниковый меч
divinerpg:frostkingSword, Королевский ледяной меч
divinerpg:frozenMaul, Заморожённый молот
divinerpg:frossivence, Фростсивенс
divinerpg:soundOfCarols, Звук Каролса
divinerpg:soundOfMusic, Звук музыки
divinerpg:frostclawCannon, Ледяноклешневая пушка
divinerpg:fractiteCannon, Фрактайтовая пушка
divinerpg:snowflakeShuriken, Снежный сюрикен
divinerpg:serenadeOfIce, Серенада льда
divinerpg:eggNog, Эгг-ног
divinerpg:peppermints, Перечная мята
divinerpg:chocolateLog, Шоколадный батончик
divinerpg:snowCones, Снежная шишка
divinerpg:fruitCake, Фруктовый пирог
divinerpg:winterberry, Зимняя ягода
divinerpg:icicleBow, Лук из сосулек
divinerpg:snowstormBow, Лук метели
divinerpg:santaCap, Шапка Санты
divinerpg:santaTunic, Штаны Санты
divinerpg:santaPants, Поножи Санты
divinerpg:santaBoots, Ботинки Санты
divinerpg:snowGlobe, Снежный шар
divinerpg:dirtyPearls, Грязный жемчуг
divinerpg:cleanPearls, Очищенный жемчуг
divinerpg:polishedPearls, Полированный жемчуг
divinerpg:shinyPearls, Сверкающий жемчуг
divinerpg:barredDoor, Запрещённая дверь
divinerpg:teakerLump, Глыба Тикера
divinerpg:amthirmisLump, Глыба Амчирмиса
divinerpg:darvenLump, Глыба Дарвена
divinerpg:cermileLump, Глыба Сермила
divinerpg:pardimalLump, Глыба Пардимала
divinerpg:quadroticLump, Глыба Квадротика
divinerpg:karosLump, Глыба Кароса
divinerpg:heliosisLump, Глыба Гелиосиса
divinerpg:arksianeLump, Аксиановая глыба
divinerpg:teakerDisk, Диск Тикера
divinerpg:amthirmisDisk, Диск Амчирмиса
divinerpg:darvenDisk, Диск Дарвена
divinerpg:cermileDisk, Диск Цермайла
divinerpg:pardimalDisk, Диск Пардимала
divinerpg:quadroticWardisk, Диск Квадротика
divinerpg:karosWardisk, Диск Кароса
divinerpg:heliosisWrathdisk, Диск Гелиосиса
divinerpg:arksianeWrathdisk, Аксиановый диск
divinerpg:teakerStaff, Посох Тикера
divinerpg:amthirmisStaff, Посох Амчирмиса
divinerpg:darvenStaff, Посох Дарвена
divinerpg:cermileStaff, Посох Цермайла
divinerpg:pardimalStaff, Посох Пардимала
divinerpg:quadroticWarstaff, Посох Квадротика
divinerpg:karosWarstaff, Посох Кароса
divinerpg:heliosisWrathstaff, Посох Гелиосиса
divinerpg:arksianeWrathstaff, Аксиановый посох
divinerpg:honeysuckle, Жимолость
divinerpg:honeychunk, Кусочек мёда
divinerpg:dreamCarrot, Морковь мечты
divinerpg:dreamMelon, Арбуз мечты
divinerpg:dreamPie, Пирог мечты
divinerpg:dreamCake, Торт мечты
divinerpg:dreamSweets, Конфетки мечты
divinerpg:dreamSours, Кислинка мечты
divinerpg:acid, Кислота
divinerpg:bandOfHeivaHunting, Пояс Хейва
divinerpg:miner'sAmulet, Miner's Amulet
divinerpg:hammerTemplate, Шаблон молота
divinerpg:backswordTemplate, Шаблон палаша
divinerpg:bowTemplate, Шаблон лука
divinerpg:cannonTemplate, Шаблон пушки
divinerpg:clawTemplate, Шаблон когтя
divinerpg:diskTemplate, Шаблон диска
divinerpg:staffTemplate, Шаблон посоха
divinerpg:degradedTemplate, Деградировавший шаблон
divinerpg:finishedTemplate, Готовый шаблон
divinerpg:glisteningTemplate, Блестящий шаблон
divinerpg:demonizedTemplate, Демонический шаблон
divinerpg:tormentedTemplate, Мучительный шаблон
divinerpg:teakerCannon, Пушка Тикера
divinerpg:amthirmisCannon, Пушка Амзирмиса
divinerpg:darvenCannon, Пушка Дарвена
divinerpg:cermileCannon, Пушка Сермила
divinerpg:pardimalCannon, Пушка Пардимала
divinerpg:quadroticWarcannon, Боевая пушка Квадротика
divinerpg:karosWarcannon, Боевая пушка Кароса
divinerpg:heliosisWrathcannon, Яростная пушка Хелиосиса
divinerpg:arksianeWrathcannon, Яростная пушка Арксиана
divinerpg:teakerHammer, Молот Тикера
divinerpg:amthirmisHammer, Молот Амзирмиса
divinerpg:darvenHammer, Молот Дарвена
divinerpg:cermileHammer, Молот Сермила
divinerpg:pardimalHammer, Молот Пардимала
divinerpg:quadroticWarhammer, Молот Квадротика
divinerpg:karosWarhammer, Молот Кароса
divinerpg:heliosisWrathhammer, Молот Хелиосиса
divinerpg:arksianeWrathhammer, Молот Арксиана
divinerpg:teakerBacksword, Палаш Тикера
divinerpg:amthirmisBacksword, Палаш Амзирмиса
divinerpg:darvenBacksword, Палаш Дарвена
divinerpg:cermileBacksword, Палаш Сермила
divinerpg:pardimalBacksword, Палаш Пардимала
divinerpg:quadroticWarsword, Палаш Квадротика
divinerpg:karosWarsword, Палаш Кароса
divinerpg:heliosisWrathsword, Палаш Хелиосиса
divinerpg:arksianeWrathsword, Палаш Арксиана
divinerpg:teakerClaw, Коготь Тикера
divinerpg:amthirmisClaw, Коготь Амзирмиса
divinerpg:darvenClaw, Коготь Дарвена
divinerpg:cermileClaw, Коготь Сермила
divinerpg:pardimalClaw, Коготь Пардимала
divinerpg:quadroticWarclaw, Коготь Квадротика
divinerpg:karosWarclaw, Коготь Кароса
divinerpg:heliosisWrathclaw, Коготь Хелиосиса
divinerpg:arksianeWrathclaw, Arksiane Wrathclaw
divinerpg:eversight, Массовозрелищный
divinerpg:everlight, Молниеносный
divinerpg:everbright, Всесветный
divinerpg:everArrow, Общая стрела
divinerpg:everfright, Всепугающий
divinerpg:evernight, Всенощный
divinerpg:karosRockmaul, Маул Кароса
divinerpg:teakerArrow, Стрела Тикера
divinerpg:darvenArrow, Стрела Дарвена
divinerpg:pardimalArrow, Стрела Пардимала
divinerpg:karosArrow, Стрела Кароса
divinerpg:teakerBow, Лук Тикера
divinerpg:amthirmisBow, Лук Амзирмиса
divinerpg:darvenBow, Лук Дарвена
divinerpg:cermileBow, Лук Сермила
divinerpg:pardimalBow, Лук Пардимала
divinerpg:quadroticWarbow, Боевой лук Квадротика
divinerpg:karosWarbow, Боевой лук Кароса
divinerpg:heliosisWrathbow, Яростный лук Хелиосиса
divinerpg:arksianeWrathbow, Яростный лук Арксиана
divinerpg:dreamFlint, Огниво сновидений
divinerpg:moonClock, Лунные часы
divinerpg:rockChunks, Каменные фрагменты
divinerpg:nightmareBed, Кровать кошмаров
divinerpg:degradedHelmet, Попранный шлем
divinerpg:degradedMask, Попранная маска
divinerpg:degradedHood, Попранный капюшон
divinerpg:degradedChestplate, Попранная кираса
divinerpg:degradedLeggings, Попранные поножи
divinerpg:degradedBoots, Попранные ботинки
divinerpg:finishedHelmet, Законченный шлем
divinerpg:finishedMask, Законченная маска
divinerpg:finishedHood, Законченный капюшон
divinerpg:finishedChestplate, Законченная кираса
divinerpg:finishedLeggings, Законченные поножи
divinerpg:finishedBoots, Законченные ботинки
divinerpg:glisteningHelmet, Сверкающий шлем
divinerpg:glisteningMask, Сверкающая маска
divinerpg:glisteningHood, Сверкающий капюшон
divinerpg:glisteningChestplate, Сверкающая кираса
divinerpg:glisteningLeggings, Сверкающие поножи
divinerpg:glisteningBoots, Сверкающие ботинки
divinerpg:demonizedHelmet, Демонический шлем
divinerpg:demonizedMask, Демоническая маска
divinerpg:demonizedHood, Демонический капюшон
divinerpg:demonizedChestplate, Демоническая кираса
divinerpg:demonizedLeggings, Демонические поножи
divinerpg:demonizedBoots, Демонические ботинки
divinerpg:tormentedHelmet, Измученный шлем
divinerpg:tormentedMask, Измученная маска
divinerpg:tormentedHood, Измученный капюшон
divinerpg:tormentedChestplate, Измученная кираса
divinerpg:tormentedLeggings, Измученные поножи
divinerpg:tormentedBoots, Измученные ботинки
divinerpg:moonbulb, Лунная луковица
divinerpg:moonbulbSeeds, Семена лунной луковицы
divinerpg:purpleGlowbone, Фиолетовая светокость
divinerpg:purpleGlowboneSeeds, Семена фиолетовой светокости
divinerpg:pinkGlowbone, Розовая светокость
divinerpg:pinkGlowboneSeeds, Семена розовой светокости
divinerpg:skyFlower, Sky Flower
divinerpg:skyPlantSeeds, Sky Plant Seeds
divinerpg:edenHelmet, Шлем Эдема
divinerpg:edenChestplate, Кираса Эдема
divinerpg:edenLeggings, Поножи Эдема
divinerpg:edenBoots, Ботинки Эдема
divinerpg:wildwoodHelmet, Шлем Дикого леса
divinerpg:wildwoodChestplate, Кираса Дикого леса
divinerpg:wildwoodLeggings, Поножи Дикого леса
divinerpg:wildwoodBoots, Ботинки Дикого леса
divinerpg:apalachiaHelmet, Шлем Апалачии
divinerpg:apalachiaChestplate, Кираса Апалачии
divinerpg:apalachiaLeggings, Поножи Апалачии
divinerpg:apalachiaBoots, Ботинки Апалачии
divinerpg:skythernHelmet, Шлем Небесного терна
divinerpg:skythernChestplate, Кираса Небесного терна
divinerpg:skythernLeggings, Поножи Небесного терна
divinerpg:skythernBoots, Ботинки Небесного терна
divinerpg:mortumHelmet, Шлем Мортума
divinerpg:mortumChestplate, Кираса Мортума
divinerpg:mortumLeggings, Поножи Мортума
divinerpg:mortumBoots, Ботинки Мортума
divinerpg:haliteHelmet, Халитовый шлем
divinerpg:haliteChestplate, Халитовая кираса
divinerpg:haliteLeggings, Халитовые поножи
divinerpg:haliteBoots, Халитовые ботинки
divinerpg:edenBlade, Клинок Эдема
divinerpg:wildwoodBlade, Клинок Дикого леса
divinerpg:apalachiaBlade, Клинок Апалачии
divinerpg:skythernBlade, Клинок Небесного терна
divinerpg:mortumBlade, Клинок Мортума
divinerpg:haliteBlade, Халитовый клинок
divinerpg:edenSlicer, Ломтерезка Эдема
divinerpg:wildwoodSlicer, Ломтерезка Дикого леса
divinerpg:apalachiaSlicer, Ломтерезка Апалачии
divinerpg:skythernSlicer, Ломтерезка Небесного терна
divinerpg:mortumSlicer, Ломтерезка Мортума
divinerpg:haliteSlicer, Халитовая ломтерезка
divinerpg:edenBlitz, Блиц Эдема
divinerpg:wildwoodBlitz, Блиц Дикого леса
divinerpg:apalachiaBlitz, Блиц Апалачии
divinerpg:skythernBlitz, Блиц Небесного терна
divinerpg:mortumBlitz, Блиц Мортума
divinerpg:haliteBlitz, Халитовый блиц
divinerpg:edenPhaser, Фазер Эдема
divinerpg:wildwoodPhaser, Фазер Дикого леса
divinerpg:apalachiaPhaser, Фазер Апалачии
divinerpg:skythernPhaser, Фазер Небесного терна
divinerpg:mortumPhaser, Фазер Мортума
divinerpg:halitePhaser, Халитовый фазер
divinerpg:edenArrow, Стрела Эдема
divinerpg:wildwoodArrow, Стрела Дикого леса
divinerpg:furyArrow, Яростная стрела
divinerpg:edenBow, Лук Эдема
divinerpg:wildwoodBow, Лук Дикого леса
divinerpg:apalachiaBow, Лук Апалачии
divinerpg:skythernBow, Лук Небесного терна
divinerpg:mortumBow, Лук Мортума
divinerpg:haliteBow, Халитовый лук
divinerpg:twilightBow, Сумеречный лук
divinerpg:edenPickaxe, Кирка Эдема
divinerpg:wildwoodPickaxe, Кирка Дикого леса
divinerpg:apalachiaPickaxe, Кирка Апалачии
divinerpg:skythernPickaxe, Кирка Небесного терна
divinerpg:mortumPickaxe, Кирка Мортума
divinerpg:edenAxe, Топор Эдема
divinerpg:wildwoodAxe, Топор Дикого леса
divinerpg:apalachiaAxe, Топор Апалачии
divinerpg:skythernAxe, Топор Небесного терна
divinerpg:mortumAxe, Топор Мортума
divinerpg:edenShovel, Лопата Эдема
divinerpg:wildwoodShovel, Лопата Дикого леса
divinerpg:apalachiaShovel, Лопата Апалачии
divinerpg:skythernShovel, Лопата Небесного терна
divinerpg:mortumShovel, Лопата Мортума
divinerpg:angelicHelmet, Ангельский шлем
divinerpg:angelicChestplate, Ангельская кираса
divinerpg:angelicLeggings, Ангельские поножи
divinerpg:angelicBoots, Ангельские ботинки
divinerpg:divineHelmet, Божественный шлем
divinerpg:divineChestplate, Божественная кираса
divinerpg:divineLeggings, Божественные поножи
divinerpg:divineBoots, Божественные ботинки
divinerpg:bedrockHelmet, Шлем из коренной породы
divinerpg:bedrockChestplate, Кираса из коренной породы
divinerpg:bedrockLeggings, Поножи из коренной породы
divinerpg:bedrockBoots, Ботинки из коренной породы
divinerpg:realmiteHelmet, Реалмитовый шлем
divinerpg:realmiteChestplate, Реалмитовая кираса
divinerpg:realmiteLeggings, Реалмитовые поножи
divinerpg:realmiteBoots, Реалмитовые ботинки
divinerpg:eliteRealmiteHelmet, Элитный реалмитовый шлем
divinerpg:eliteRealmiteChestplate, Элитная реалмитовая кираса
divinerpg:eliteRealmiteLeggings, Элитные реалмитовые поножи
divinerpg:eliteRealmiteBoots, Элитные реалмитовые ботинки
divinerpg:arlemiteHelmet, Арлемитовый шлем
divinerpg:arlemiteChestplate, Арлемитовая кираса
divinerpg:arlemiteLeggings, Арлемитовые поножи
divinerpg:arlemiteBoots, Арлемитовые ботинки
divinerpg:rupeeHelmet, Рупиевый шлем
divinerpg:rupeeChestplate, Рупиевая кираса
divinerpg:rupeeLeggings, Рупиевые поножи
divinerpg:rupeeBoots, Рупиевые ботинки
divinerpg:yellowRupeeHelmet, Жёлтый рупиевый шлем
divinerpg:yellowRupeeChestplate, Жёлтая рупиевая кираса
divinerpg:yellowRupeeLeggings, Жёлтые рупиевые поножи
divinerpg:yellowRupeeBoots, Жёлтые рупиевые ботинки
divinerpg:redRupeeHelmet, Красный рупиевый шлем
divinerpg:redRupeeChestplate, Красная рупиевая кираса
divinerpg:redRupeeLeggings, Красные рупиевые поножи
divinerpg:redRupeeBoots, Красные рупиевые ботинки
divinerpg:greenRupeeHelmet, Зелёный рупиевый шлем
divinerpg:greenRupeeChestplate, Зелёная рупиевая кираса
divinerpg:greenRupeeLeggings, Зелёные рупиевые поножи
divinerpg:greenRupeeBoots, Зелёные рупиевые ботинки
divinerpg:blueRupeeHelmet, Синий рупиевый шлем
divinerpg:blueRupeeChestplate, Синяя рупиевая кираса
divinerpg:blueRupeeLeggings, Синие рупиевые поножи
divinerpg:blueRupeeBoots, Синие рупиевые ботинки
divinerpg:grayRupeeHelmet, Серый рупиевый шлем
divinerpg:grayRupeeChestplate, Серая рупиевая кираса
divinerpg:grayRupeeLeggings, Серые рупиевые поножи
divinerpg:grayRupeeBoots, Серые рупиевые ботинки
divinerpg:krakenHelmet, Шлем Кракена
divinerpg:krakenChestplate, Кираса Кракена
divinerpg:krakenLeggings, Поножи Кракена
divinerpg:krakenBoots, Ботинки Кракена
divinerpg:jackOManHelmet, Шлем Джек-О-Мена
divinerpg:jackOManChestplate, Кираса Джек-О-Мена
divinerpg:jackOManLeggings, Поножи Джек-О-Мена
divinerpg:jackOManBoots, Ботинки Джек-О-Мена
divinerpg:infernoHelmet, Адский шлем
divinerpg:infernoChestplate, Адская кираса
divinerpg:infernoLeggings, Адские поножи
divinerpg:infernoBoots, Адские ботинки
divinerpg:aquastriveHelmet, Водяной шлем
divinerpg:aquastriveChestplate, Водяная кираса
divinerpg:aquastriveLeggings, Водяные поножи
divinerpg:aquastriveBoots, Водяные ботинки
divinerpg:shadowHelmet, Шлем тени
divinerpg:shadowChestplate, Кираса тени
divinerpg:shadowLeggings, Поножи тени
divinerpg:shadowBoots, Ботинки тени
divinerpg:netheriteHelmet, Незеритовый шлем
divinerpg:netheriteChestplate, Незеритовая кираса
divinerpg:netheriteLeggings, Незеритовые поножи
divinerpg:netheriteBoots, Незеритовые ботинки
divinerpg:skelemanHelmet, Шлем скелета
divinerpg:skelemanChestplate, Кираса скелета
divinerpg:skelemanLeggings, Поножи скелета
divinerpg:skelemanBoots, Ботинки скелета
divinerpg:witherReaperHelmet, Шлем Увядшего жнеца
divinerpg:witherReaperChestplate, Кираса Увядшего жнеца
divinerpg:witherReaperLeggings, Поножи Увядшего жнеца
divinerpg:witherReaperBoots, Ботинки Увядшего жнеца
divinerpg:enderHelmet, Шлем Края
divinerpg:enderChestplate, Кираса Края
divinerpg:enderLeggings, Поножи Края
divinerpg:enderBoots, Ботинки Края
divinerpg:yellowEnderHelmet, Жёлтый шлем Края
divinerpg:yellowEnderChestplate, Жёлтая кираса Края
divinerpg:yellowEnderLeggings, Жёлтые поножи Края
divinerpg:yellowEnderBoots, Жёлтые ботинки Края
divinerpg:redEnderHelmet, Красный шлем Края
divinerpg:redEnderChestplate, Красная кираса Края
divinerpg:redEnderLeggings, Красные поножи Края
divinerpg:redEnderBoots, Красные ботинки Края
divinerpg:greenEnderHelmet, Зелёный шлем Края
divinerpg:greenEnderChestplate, Зелёная кираса Края
divinerpg:greenEnderLeggings, Зелёные поножи Края
divinerpg:greenEnderBoots, Зелёные ботинки Края
divinerpg:blueEnderHelmet, Синий шлем Края
divinerpg:blueEnderChestplate, Синяя кираса Края
divinerpg:blueEnderLeggings, Синие поножи Края
divinerpg:blueEnderBoots, Синие ботинки Края
divinerpg:grayEnderHelmet, Серый шлем Края
divinerpg:grayEnderChestplate, Серая кираса Края
divinerpg:grayEnderLeggings, Серые поножи Края
divinerpg:grayEnderBoots, Серые ботинки Края
divinerpg:jungleHelmet, Шлем джунглей
divinerpg:jungleChestplate, Кираса джунглей
divinerpg:jungleLeggings, Поножи джунглей
divinerpg:jungleBoots, Ботинки джунглей
divinerpg:frozenHelmet, Замороженный шлем
divinerpg:frozenChestplate, Замороженная кираса
divinerpg:frozenLeggings, Замороженные поножи
divinerpg:frozenBoots, Замороженные ботинки
divinerpg:corruptedHelmet, Повреждённый шлем
divinerpg:corruptedChestplate, Повреждённая кираса
divinerpg:corruptedLeggings, Повреждённые поножи
divinerpg:corruptedBoots, Повреждённые ботинки
divinerpg:terranHelmet, Terran Helmet
divinerpg:terranChestplate, Terran Chestplate
divinerpg:terranLeggings, Terran Leggings
divinerpg:terranBoots, Terran Boots
divinerpg:diamondHelmet, Алмазный шлем
divinerpg:diamondChestplate, Алмазная кираса
divinerpg:diamondLeggings, Алмазные поножи
divinerpg:diamondBoots, Алмазные ботинки
divinerpg:ironHelmet, Железный шлем
divinerpg:ironChestplate, Железная кираса
divinerpg:ironLeggings, Железные поножи
divinerpg:ironBoots, Железные ботинки
divinerpg:goldHelmet, Золотой шлем
divinerpg:goldChestplate, Золотая кираса
divinerpg:goldLeggings, Золотые поножи
divinerpg:goldBoots, Золотые ботинки
divinerpg:slimeSword, Слизневый меч
divinerpg:oceanKnife, Океанский нож
divinerpg:aquaMaul, Водяная кувалда
divinerpg:arlemiteStabber, Арлемитовый меч
divinerpg:bedrockSword, Меч из коренной породы
divinerpg:realmiteSword, Реалмитовый меч
divinerpg:rupeeRapier, Рупиевая рапира
divinerpg:sandslash, Песочная черта
divinerpg:divineSword, Божественный меч
divinerpg:blueDivineSword, Синий божественный меч
divinerpg:yellowDivineSword, Жёлтый божественный меч
divinerpg:grayDivineSword, Серый божественный меч
divinerpg:redDivineSword, Красный божественный меч
divinerpg:greenDivineSword, Зелёный божественный меч
divinerpg:bedrockMaul, Кувалда из коренной породы
divinerpg:jungleKnife, Нож джунглей
divinerpg:jungleRapier, Jungle Rapier
divinerpg:aquaticTrident, Водяной трезубец
divinerpg:aquaticDagger, Водяной кинжал
divinerpg:aquaton, Акватон
divinerpg:sharkSword, Акулий меч
divinerpg:deathBringer, Смертоносный
divinerpg:crabclawMaul, Кувалда из клешни краба
divinerpg:poisonSaber, Ядовитая сабля
divinerpg:furyMaul, Яростная кувалда
divinerpg:corruptedMaul, Повреждённая кувалда
divinerpg:frostSword, Ледяной меч
divinerpg:infernoSword, Адский меч
divinerpg:bloodgemSword, Каменно-кровавый меч
divinerpg:moltenSword, Расплавленный меч 
divinerpg:scorchingSword, Палящий меч
divinerpg:bluefireSword, Меч Синего огня
divinerpg:enderSword, Меч Края
divinerpg:blueEnderSword, Синий меч Края
divinerpg:blackEnderSword, Чёрный меч Края
divinerpg:greenEnderSword, Зелёный меч Края
divinerpg:redEnderSword, Красный меч Края
divinerpg:yellowEnderSword, Жёлтый меч Края
divinerpg:cyclopsianSword, Циклопический меч
divinerpg:flamingFury, Пылающая ярость
divinerpg:dualClaw, Двойной коготь
divinerpg:terranDagger, Terran Dagger
divinerpg:terranKnife, Terran Knife
divinerpg:terranMaul, Terran Maul
divinerpg:aquatoothSword, Aquatooth Sword
divinerpg:aquatoothMaul, Aquatooth Maul
divinerpg:hunterBow, Охотничий лук
divinerpg:shadowBow, Теневой лук
divinerpg:enderBow, Эндер лук
divinerpg:bluefireBow, Лук синего огня
divinerpg:infernoBow, Адский лук
divinerpg:shuriken, Сюрикен
divinerpg:vileStorm, Подлый ураган
divinerpg:scythe, Коса
divinerpg:frostCannon, Холодная пушка
divinerpg:cyclopsianStaff, Циклопический жезл
divinerpg:maelstrom, Водоворот
divinerpg:crabAnchor, Клешневой якорь
divinerpg:sharkAnchor, Акулий якорь
divinerpg:bowheadAnchor, Гренландский якорь
divinerpg:liopleurodonAnchor, Liopleurodon Anchor
divinerpg:goldenFury, Золотая ярость
divinerpg:corruptedCannon, Повреждённая пушка
divinerpg:ghastCannon, Пушка Гаста
divinerpg:crabclawCannon, Пушка из клешни краба
divinerpg:bowheadCannon, Гренландская пушка
divinerpg:serenadeOfHealth, Серенада здоровья
divinerpg:serenadeStriker, Ударная серенада
divinerpg:serenadeOfDeath, Серенада смерти
divinerpg:serenadeOfInfusion, Serenade of Infusion
divinerpg:palavence, Палавенц
divinerpg:massivence, Массивенц
divinerpg:rupeeShickaxe, Рупиевый мультиинструмент
divinerpg:rupeePickaxe, Рупиевая кирка
divinerpg:rupeeAxe, Рупиевый топор
divinerpg:rupeeShovel, Рупиевая лопата
divinerpg:rupeeHoe, Рупиевая мотыга
divinerpg:arlemiteShickaxe, Арлемитовый мультиинструмент
divinerpg:arlemitePickaxe, Арлемитовая кирка
divinerpg:arlemiteAxe, Арлемитовый топор
divinerpg:arlemiteShovel, Арлемитовая лопата
divinerpg:arlemiteHoe, Арлемитовая мотыга
divinerpg:realmitePickaxe, Реалмитовая кирка
divinerpg:realmiteAxe, Реалмитовый топор
divinerpg:realmiteShovel, Реалмитовая лопата
divinerpg:realmiteHoe, Реалмитовая мотыга
divinerpg:bedrockPickaxe, Кирка из коренной породы
divinerpg:bedrockAxe, Топор из коренной породы
divinerpg:bedrockShovel, Лопата из коренной породы
divinerpg:corruptedPickaxe, Повреждённая кирка
divinerpg:corruptedAxe, Повреждённый топор
divinerpg:corruptedShovel, Повреждённая лопата
divinerpg:divineShickaxe, Божественный мультиинструмент
divinerpg:divinePickaxe, Божественная кирка
divinerpg:divineAxe, Божественный топор
divinerpg:divineShovel, Божественная лопата
divinerpg:dungeonTokens, Подземельные монеты
divinerpg:arcanium, Арканиум
divinerpg:staffOfStarlight, Посох звездного света
divinerpg:starlight, Звездный посох
divinerpg:stormSword, Меч бури
divinerpg:captainsSparkler, Меч капитана
divinerpg:strongArcanaPotion, Сильное зелье Арканы
divinerpg:weakArcanaPotion, Слабое зелье Арканы
divinerpg:collector, Коллектор
divinerpg:chargedCollector, Заряженный коллектор
divinerpg:wizardsBook, Книга Мастеров
divinerpg:staffOfEnrichment, Посох обогащения
divinerpg:orbOfLight, Сфера света
divinerpg:meriksMissile, Массив Мерика
divinerpg:grenade, Граната
divinerpg:firefly, Cветляк
divinerpg:laVekor, ЛаВекор
divinerpg:enderScepter, Скипетр края
divinerpg:arcaniumSaber, Сабля Арканы
divinerpg:ghostbane, Проклятый призрак
divinerpg:arcaniumReflector, Отражатель Арканы
divinerpg:shadowSaber, Теневая сабля
divinerpg:liviciaSword, Меч Ливиции
divinerpg:meteorMash, Метеоритное месиво
divinerpg:divineAccumulator, Божественная накопитель
divinerpg:arcaniteBlaster, Аркановый взрыватель
divinerpg:arcaniteBlade, Клинок Арканы
divinerpg:general'sStaff, Жезл генерала
divinerpg:arcaniumAttractor, Аттрактор Арканы
divinerpg:sludgeKey, Осадочный ключ
divinerpg:ancientKey, Древний ключ
divinerpg:soulKey, Ключ душ
divinerpg:degradedKey, Ржавый ключ
divinerpg:golemEgg, Яйцо голема
divinerpg:seimerEgg, Яйцо Сеймера
divinerpg:paratikuEgg, Яйцо Паратику
divinerpg:fyracryxEgg, Яйцо Фиракрикса
divinerpg:hitchak, Хитчак
divinerpg:hitchakSeeds, Семена Хитчака
divinerpg:veilo, Вейло
divinerpg:veiloSeeds, Семена Вейло
divinerpg:marsine, Марсин
divinerpg:marsineSeeds, Семена Марсина
divinerpg:lamona, Ламона
divinerpg:lamonaSeeds, Семена Ламона
divinerpg:firestock, Файрсток
divinerpg:firestockSeeds, Семена Файрстока
divinerpg:pinfly, Пинфлай
divinerpg:pinflySeeds, Семена Пинфлайа
divinerpg:aquamarine, Аквамарин
divinerpg:aquamarineSeeds, Семена аквамарина
divinerpg:eucalyptusRootSeeds, Семена корня эвкалипта
divinerpg:kormaHelmet, Шлем Кормы
divinerpg:kormaChestplate, Кираса Кормы
divinerpg:kormaLeggings, Поножи Кормы
divinerpg:kormaBoots, Ботинки Кормы
divinerpg:vemosHelmet, Шлем Вемоса
divinerpg:vemosChestplate, Кираса Вемоса
divinerpg:vemosLeggings, Поножи Вемоса
divinerpg:vemosBoots, Ботинки Вемоса
divinerpg:frozenCharge, Frozen Charge
ThermalFoundation:lexicon, item.thermalfoundation.tome.name
ThermalFoundation:bucket:0, Ведро дестабилизированного красного камня
ThermalFoundation:bucket:1, Ведро заряженного светящегося камня
ThermalFoundation:bucket:2, Ведро резонирующего эндериума
ThermalFoundation:bucket:3, Ведро пылающего пиротеума
ThermalFoundation:bucket:4, Ведро ледяного криотеума
ThermalFoundation:bucket:7, Ведро невесомого аэротеума
ThermalFoundation:bucket:8, Ведро тектонического петротеума
ThermalFoundation:bucket:5, Ведро изначальной маны
ThermalFoundation:bucket:6, Ведро разжиженного угля
ThermalFoundation:material:2, Измельчённый уголь
ThermalFoundation:material:3, Измельчённый древесный уголь
ThermalFoundation:material:4, Измельчённый обсидиан
ThermalFoundation:material:16, Сера
ThermalFoundation:material:17, Селитра
ThermalFoundation:material:20, Киноварь
ThermalFoundation:material:0, Измельчённое железо
ThermalFoundation:material:1, Измельчённое золото
ThermalFoundation:material:32, Измельчённая медь
ThermalFoundation:material:33, Измельчённое олово
ThermalFoundation:material:34, Измельчённое серебро
ThermalFoundation:material:35, Измельчённый свинец
ThermalFoundation:material:36, Измельчённый никель
ThermalFoundation:material:37, Измельчённая платина
ThermalFoundation:material:38, Измельчённый мифрил
ThermalFoundation:material:39, Электрумовая смесь
ThermalFoundation:material:40, Инваровая смесь
ThermalFoundation:material:41, Бронзовая смесь
ThermalFoundation:material:42, Синаловая смесь
ThermalFoundation:material:43, Ламиумовая смесь
ThermalFoundation:material:44, Смесь эндериума
ThermalFoundation:material:64, Медный слиток
ThermalFoundation:material:65, Оловянный слиток
ThermalFoundation:material:66, Серебряный слиток
ThermalFoundation:material:67, Свинцовый слиток
ThermalFoundation:material:68, Никелевый слиток
ThermalFoundation:material:69, Платиновый слиток
ThermalFoundation:material:70, Мифриловый слиток
ThermalFoundation:material:71, Электрумовый слиток
ThermalFoundation:material:72, Инваровый слиток
ThermalFoundation:material:73, Бронзовый слиток
ThermalFoundation:material:74, Синаловый слиток
ThermalFoundation:material:75, Ламиумовый слиток
ThermalFoundation:material:76, Слиток эндериума
ThermalFoundation:material:8, Железный самородок
ThermalFoundation:material:96, Медный самородок
ThermalFoundation:material:97, Оловянный самородок
ThermalFoundation:material:98, Серебряный самородок
ThermalFoundation:material:99, Свинцовый самородок
ThermalFoundation:material:100, Никелевый самородок
ThermalFoundation:material:101, Платиновый самородок
ThermalFoundation:material:102, Мифриловый самородок
ThermalFoundation:material:103, Электрумовый самородок
ThermalFoundation:material:104, Инваровый самородок
ThermalFoundation:material:105, Бронзовый самородок
ThermalFoundation:material:106, Синаловый самородок
ThermalFoundation:material:107, Ламиумовый самородок
ThermalFoundation:material:108, Самородок эндериума
ThermalFoundation:material:12, Железная шестерня
ThermalFoundation:material:13, Золотая шестерня
ThermalFoundation:material:128, Медная шестерня
ThermalFoundation:material:129, Оловянная шестерня
ThermalFoundation:material:130, Серебряная шестерня
ThermalFoundation:material:131, Свинцовая шестерня
ThermalFoundation:material:132, Никелевая шестерня
ThermalFoundation:material:133, Платиновая шестерня
ThermalFoundation:material:134, Мифриловая шестерня
ThermalFoundation:material:135, Шестерня из электрума
ThermalFoundation:material:136, Инваровая шестерня
ThermalFoundation:material:137, Бронзовая шестерня
ThermalFoundation:material:138, Синаловая шестерня
ThermalFoundation:material:139, Ламиумовая шестерня
ThermalFoundation:material:140, Шестерня из эндериума
ThermalFoundation:material:512, Пыль пиротеума
ThermalFoundation:material:513, Пыль криотеума
ThermalFoundation:material:514, Пыль аэротеума
ThermalFoundation:material:515, Пыль петротеума
ThermalFoundation:material:516, Пыль маны
ThermalFoundation:material:1024, Бурановый стержень
ThermalFoundation:material:1025, Бурановый порошок
ThermalFoundation:material:1026, Blitz Rod
ThermalFoundation:material:1027, Blitz Powder
ThermalFoundation:material:1028, Basalz Rod
ThermalFoundation:material:1029, Basalz Powder
ThermalFoundation:tool.shearsWood, Wood Shears
ThermalFoundation:tool.sickleWood, Wood Sickle
ThermalFoundation:tool.shearsStone, Stone Shears
ThermalFoundation:tool.fishingRodStone, Stone Fishing Rod
ThermalFoundation:tool.sickleStone, Stone Sickle
ThermalFoundation:tool.bowStone, Stone Reinforced Bow
ThermalFoundation:tool.fishingRodIron, Iron Fishing Rod
ThermalFoundation:tool.sickleIron, Iron Sickle
ThermalFoundation:tool.bowIron, Iron Reinforced Bow
ThermalFoundation:tool.shearsDiamond, Diamond Shears
ThermalFoundation:tool.fishingRodDiamond, Diamond Fishing Rod
ThermalFoundation:tool.sickleDiamond, Diamond Sickle
ThermalFoundation:tool.bowDiamond, Diamond Reinforced Bow
ThermalFoundation:tool.shearsGold, Gold Shears
ThermalFoundation:tool.fishingRodGold, Gold Fishing Rod
ThermalFoundation:tool.sickleGold, Gold Sickle
ThermalFoundation:tool.bowGold, Gold Reinforced Bow
ThermalFoundation:armor.helmetCopper, Медный шлем
ThermalFoundation:armor.plateCopper, Медная кираса
ThermalFoundation:armor.legsCopper, Медные поножи
ThermalFoundation:armor.bootsCopper, Медные ботинки
ThermalFoundation:tool.swordCopper, Медный меч
ThermalFoundation:tool.shovelCopper, Медная лопата
ThermalFoundation:tool.pickaxeCopper, Медная кирка
ThermalFoundation:tool.axeCopper, Медный топор
ThermalFoundation:tool.hoeCopper, Медная мотыга
ThermalFoundation:tool.shearsCopper, Медные ножницы
ThermalFoundation:tool.fishingRodCopper, Медная удочка
ThermalFoundation:tool.sickleCopper, Медный серп
ThermalFoundation:tool.bowCopper, Укреплённый медью лук
ThermalFoundation:armor.helmetTin, Оловянный шлем
ThermalFoundation:armor.plateTin, Оловянная кираса
ThermalFoundation:armor.legsTin, Оловянные поножи
ThermalFoundation:armor.bootsTin, Оловянные ботинки
ThermalFoundation:tool.swordTin, Оловянный меч
ThermalFoundation:tool.shovelTin, Оловянная лопата
ThermalFoundation:tool.pickaxeTin, Оловянная кирка
ThermalFoundation:tool.axeTin, Оловянный топор
ThermalFoundation:tool.hoeTin, Оловянная мотыга
ThermalFoundation:tool.shearsTin, Оловянные ножницы
ThermalFoundation:tool.fishingRodTin, Оловянная удочка
ThermalFoundation:tool.sickleTin, Оловянный серп
ThermalFoundation:tool.bowTin, Укреплённый оловом лук
ThermalFoundation:armor.helmetSilver, Серебряный шлем
ThermalFoundation:armor.plateSilver, Серебряная кираса
ThermalFoundation:armor.legsSilver, Серебряные поножи
ThermalFoundation:armor.bootsSilver, Серебряные ботинки
ThermalFoundation:tool.swordSilver, Серебряный меч
ThermalFoundation:tool.shovelSilver, Серебряная лопата
ThermalFoundation:tool.pickaxeSilver, Серебряная кирка
ThermalFoundation:tool.axeSilver, Серебряный топор
ThermalFoundation:tool.hoeSilver, Серебряная мотыга
ThermalFoundation:tool.shearsSilver, Серебряные ножницы
ThermalFoundation:tool.fishingRodSilver, Серебряная удочка
ThermalFoundation:tool.sickleSilver, Серебряный серп
ThermalFoundation:tool.bowSilver, Укреплённый серебром лук
ThermalFoundation:armor.helmetLead, Свинцовый шлем
ThermalFoundation:armor.plateLead, Свинцовая кираса
ThermalFoundation:armor.legsLead, Свинцовые поножи
ThermalFoundation:armor.bootsLead, Свинцовые ботинки
ThermalFoundation:tool.swordLead, Свинцовый меч
ThermalFoundation:tool.shovelLead, Свинцовая лопата
ThermalFoundation:tool.pickaxeLead, Свинцовая кирка
ThermalFoundation:tool.axeLead, Свинцовый топор
ThermalFoundation:tool.hoeLead, Свинцовая мотыга
ThermalFoundation:tool.shearsLead, Свинцовые ножницы
ThermalFoundation:tool.fishingRodLead, Свинцовая удочка
ThermalFoundation:tool.sickleLead, Свинцовый серп
ThermalFoundation:tool.bowLead, Укреплённый свинцом лук
ThermalFoundation:armor.helmetNickel, Никелевый шлем
ThermalFoundation:armor.plateNickel, Никелевая кираса
ThermalFoundation:armor.legsNickel, Никелевые поножи
ThermalFoundation:armor.bootsNickel, Никелевые ботинки
ThermalFoundation:tool.swordNickel, Никелевый меч
ThermalFoundation:tool.shovelNickel, Никелевая лопата
ThermalFoundation:tool.pickaxeNickel, Никелевая кирка
ThermalFoundation:tool.axeNickel, Никелевый топор
ThermalFoundation:tool.hoeNickel, Никелевая мотыга
ThermalFoundation:tool.shearsNickel, Никелевые ножницы
ThermalFoundation:tool.fishingRodNickel, Никелевая удочка
ThermalFoundation:tool.sickleNickel, Никелевый серп
ThermalFoundation:tool.bowNickel, Укреплённый никелем лук
ThermalFoundation:armor.helmetElectrum, Электрумовый шлем
ThermalFoundation:armor.plateElectrum, Электрумовая кираса
ThermalFoundation:armor.legsElectrum, Электрумовые поножи
ThermalFoundation:armor.bootsElectrum, Электрумовые ботинки
ThermalFoundation:tool.swordElectrum, Электрумовый меч
ThermalFoundation:tool.shovelElectrum, Электрумовая лопата
ThermalFoundation:tool.pickaxeElectrum, Электрумовая кирка
ThermalFoundation:tool.axeElectrum, Электрумовый топор
ThermalFoundation:tool.hoeElectrum, Электрумовая мотыга
ThermalFoundation:tool.shearsElectrum, Электрумовые ножницы
ThermalFoundation:tool.fishingRodElectrum, Электрумовая удочка
ThermalFoundation:tool.sickleElectrum, Электрумовый серп
ThermalFoundation:tool.bowElectrum, Укреплённый электрумом лук
ThermalFoundation:armor.helmetInvar, Инваровый шлем
ThermalFoundation:armor.plateInvar, Инваровая кираса
ThermalFoundation:armor.legsInvar, Инваровые поножи
ThermalFoundation:armor.bootsInvar, Инваровые ботинки
ThermalFoundation:tool.swordInvar, Инваровый меч
ThermalFoundation:tool.shovelInvar, Инваровая лопата
ThermalFoundation:tool.pickaxeInvar, Инваровая кирка
ThermalFoundation:tool.axeInvar, Инваровый топор
ThermalFoundation:tool.hoeInvar, Инваровая мотыга
ThermalFoundation:tool.shearsInvar, Инваровые ножницы
ThermalFoundation:tool.fishingRodInvar, Инваровая удочка
ThermalFoundation:tool.sickleInvar, Инваровый серп
ThermalFoundation:tool.bowInvar, Укреплённый инваром лук
ThermalFoundation:armor.helmetBronze, Бронзовый шлем
ThermalFoundation:armor.plateBronze, Бронзовая кираса
ThermalFoundation:armor.legsBronze, Бронзовые поножи
ThermalFoundation:armor.bootsBronze, Бронзовые ботинки
ThermalFoundation:tool.swordBronze, Бронзовый меч
ThermalFoundation:tool.shovelBronze, Бронзовая лопата
ThermalFoundation:tool.pickaxeBronze, Бронзовая кирка
ThermalFoundation:tool.axeBronze, Бронзовый топор
ThermalFoundation:tool.hoeBronze, Бронзовая мотыга
ThermalFoundation:tool.shearsBronze, Бронзовые ножницы
ThermalFoundation:tool.fishingRodBronze, Бронзовая удочка
ThermalFoundation:tool.sickleBronze, Бронзовый серп
ThermalFoundation:tool.bowBronze, Укреплённый бронзой лук
ThermalFoundation:armor.helmetPlatinum, Блестящий шлем
ThermalFoundation:armor.platePlatinum, Блестящая кираса
ThermalFoundation:armor.legsPlatinum, Блестящие поножи
ThermalFoundation:armor.bootsPlatinum, Блестящие ботинки
ThermalFoundation:tool.swordPlatinum, Блестящий меч
ThermalFoundation:tool.shovelPlatinum, Блестящая лопата
ThermalFoundation:tool.pickaxePlatinum, Блестящая кирка
ThermalFoundation:tool.axePlatinum, Блестящий топор
ThermalFoundation:tool.hoePlatinum, Блестящая мотыга
ThermalFoundation:tool.shearsPlatinum, Блестящие ножницы
ThermalFoundation:tool.fishingRodPlatinum, Блестящая удочка
ThermalFoundation:tool.sicklePlatinum, Блестящий серп
ThermalFoundation:tool.bowPlatinum, Укреплённый платиной лук
ThermalExpansion:wrench:0, Серповидный молот
ThermalExpansion:tool.battleWrenchInvar, Боевой ключ
ThermalExpansion:igniter, item.thermalexpansion.tool.name
ThermalExpansion:chiller, item.thermalexpansion.tool.name
ThermalExpansion:pump, item.thermalexpansion.tool.name
ThermalExpansion:transfuser, item.thermalexpansion.tool.name
ThermalExpansion:capacitor:0, Творческий флаксовый конденсатор
ThermalExpansion:capacitor:1, Неровный флаксовый конденсатор
ThermalExpansion:capacitor:2, Свинцовый флаксовый конденсатор
ThermalExpansion:capacitor:2, Свинцовый флаксовый конденсатор
ThermalExpansion:capacitor:3, Усиленный флаксовый конденсатор
ThermalExpansion:capacitor:3, Усиленный флаксовый конденсатор
ThermalExpansion:capacitor:4, Красный флаксовый конденсатор
ThermalExpansion:capacitor:4, Красный флаксовый конденсатор
ThermalExpansion:capacitor:5, Резонирующий флаксовый конденсатор
ThermalExpansion:capacitor:5, Резонирующий флаксовый конденсатор
ThermalExpansion:satchel:0, Творческая сумка
ThermalExpansion:satchel:1, Сумка
ThermalExpansion:satchel:2, Усиленная сумка
ThermalExpansion:satchel:3, Укреплённая сумка
ThermalExpansion:satchel:4, Резонирующая сумка
ThermalExpansion:florb:0, Неизвестный предмет (Уничтожить) (Пусто§r)
ThermalExpansion:florb:1, Неизвестный предмет (Уничтожить) (Пусто§r)
DraconicEvolution:draconicDistructionStaff:0, Draconic Staff of Power
DraconicEvolution:draconicDistructionStaff:0, Draconic Staff of Power
DraconicEvolution:draconicPickaxe:0, Draconic Pickaxe
DraconicEvolution:draconicPickaxe:0, Draconic Pickaxe
DraconicEvolution:draconicAxe:0, Draconic Axe
DraconicEvolution:draconicAxe:0, Draconic Axe
DraconicEvolution:draconicShovel:0, Draconic Shovel
DraconicEvolution:draconicShovel:0, Draconic Shovel
DraconicEvolution:draconicHoe, Draconic Hoe
DraconicEvolution:draconicSword, Draconic Sword
DraconicEvolution:draconicBow:0, Draconic Bow
DraconicEvolution:draconicBow:0, Draconic Bow
DraconicEvolution:draconicHelm, Draconic Helm
DraconicEvolution:draconicChest, Draconic Chestplate
DraconicEvolution:draconicLeggs, Draconic Leggings
DraconicEvolution:draconicBoots, Draconic Boots
DraconicEvolution:wyvernPickaxe:0, Pickaxe of the Wyvern
DraconicEvolution:wyvernPickaxe:0, Pickaxe of the Wyvern
DraconicEvolution:wyvernShovel:0, Shovel of the Wyvern
DraconicEvolution:wyvernShovel:0, Shovel of the Wyvern
DraconicEvolution:wyvernSword, Sword of the Wyvern
DraconicEvolution:wyvernBow:0, Bow of the Wyvern
DraconicEvolution:wyvernBow:0, Bow of the Wyvern
DraconicEvolution:wyvernHelm, Wyvern Helm
DraconicEvolution:wyvernChest, Wyvern Chestplate
DraconicEvolution:wyvernLeggs, Wyvern Leggings
DraconicEvolution:wyvernBoots, Wyvern Boots
DraconicEvolution:draconicCore, Draconic Core
DraconicEvolution:wyvernCore, Wyvern Core
DraconicEvolution:awakenedCore, Awakened Core
DraconicEvolution:chaoticCore, Chaotic Core
DraconicEvolution:draconiumDust, Draconium Dust
DraconicEvolution:draconiumIngot, Draconium Ingot
DraconicEvolution:draconiumBlend, Draconium Blend (Depreciated)
DraconicEvolution:dragonHeart, Dragon Heart
DraconicEvolution:teleporterMKI, Charm of Dislocation
DraconicEvolution:teleporterMKII, Enhanced Charm of Dislocation
DraconicEvolution:tclogo, TCLogo
DraconicEvolution:sunFocus, Solar Focus
DraconicEvolution:mobSoul, Mob Soul
DraconicEvolution:enderArrow, Ender Arrow
DraconicEvolution:safetyMatch:0, Box of Safety Matches
DraconicEvolution:safetyMatch:1000, Safety Match
DraconicEvolution:key:0, Key
DraconicEvolution:key:1, Key
DraconicEvolution:creativeStructureSpawner:0, Spawn Comet
DraconicEvolution:creativeStructureSpawner:1, Spawn Ender Island
DraconicEvolution:adminSpawnEgg, item.draconicevolution:adminSpawnEgg.name
DraconicEvolution:infoTablet, Draconic Evolution Information Tablet
DraconicEvolution:draconicIngot, Awakened Draconium Ingot
DraconicEvolution:draconiumEnergyCore:0, Wyvern Energy Core
DraconicEvolution:draconiumEnergyCore:1, Draconic Energy Core
DraconicEvolution:draconiumFluxCapacitor, item.draconicevolution:draconiumFluxCapacitor.name
DraconicEvolution:wrench, Crystal Binder
DraconicEvolution:chaosShard, Chaos Shard
DraconicEvolution:reactorCraftingPart:0, Reactor Stabilizer Frame
DraconicEvolution:reactorCraftingPart:1, Reactor Stabilizer Inner Rotor
DraconicEvolution:reactorCraftingPart:2, Reactor Stabilizer Outer Rotor
DraconicEvolution:reactorCraftingPart:3, Reactor Stabilizer Rotor Assembly
DraconicEvolution:reactorCraftingPart:4, Reactor Stabilizer Focus Ring
DraconicEvolution:nugget:0, Draconium Nugget
DraconicEvolution:nugget:1, Awakened Draconium Nugget
DraconicEvolution:chaosFragment:0, Tiny Chaos Fragment
DraconicEvolution:chaosFragment:1, Small Chaos Fragment
DraconicEvolution:chaosFragment:2, Large Chaos Fragment
DraconicEvolution:magnet:0, Item Dislocator
DraconicEvolution:magnet:1, Awakened Item Dislocator
DraconicEvolution:dezilsMarshmallow, Dezil's Marshmallow
EMT:EMTItems:1, Измельчённая янтарная руда
EMT:EMTItems:2, Очищенная янтарная руда
EMT:EMTItems:3, Измельчённая киноварная руда
EMT:EMTItems:4, Очищенная янтарная руда
EMT:EMTItems:5, Таум-пластина
EMT:EMTItems:6, Призыватель молний
EMT:EMTItems:7, Кучка перьев
EMT:EMTItems:8, Клей
EMT:EMTItems:9, Клейкая лента
EMT:EMTItems:10, Резиновый шарик
EMT:EMTItems:11, Картонный лист
EMT:EMTItems:12, Картонное крыло, обклеенное перьями
EMT:EMTItems:13, Заражённое перо
EMT:EMTItems:14, Укреплённое таум-крыло
EMT:EMTItems:15, Кристаллизированная капля материи
EMT:EMTBaubles:0, §2Кольцо для зарядки брони
EMT:EMTBaubles:1, §2Кольцо для зарядки инвентаря
EMT:BaseBaubles:0, §2Кольцо Всевластия
EMT:itemArmorQuantumChestplate, ic2.EMT.quantum.name
EMT:ElectricGogglesRevealing, Электрические очки откровения
EMT:NanosuitGogglesRevealing, Нано-очки откровения
EMT:QuantumGogglesRevealing, Квантовые очки откровения
EMT:SolarHelmetRevealing, Солнечные очки откровения
EMT:ElectricBootsTraveller, Электрические ботинки путешественника
EMT:NanoBootsTraveller, Нано-ботинки путешественника
EMT:QuantumBootsTraveller, Квантовые ботинки путешественника
EMT:ElectricScribingTools, Электрическая чернильница с пером
EMT:FeatherWing, Склеенные крылья из картона
EMT:ThaumiumWing, Укреплённые таум-крылья
EMT:NanosuitWing, Нано-крылья
EMT:QuantumWing, Квантовые крылья
EMT:Mjolnir, Мьёлнир
EMT:TaintedMjolnir, Сломанная реликвия Мьёлнира
EMT:SuperchargedMjolnir, Сильнозаряженный Мьёлнир
EMT:ThaumiumDrill, Таум-бур
EMT:DiamondChainsaw, Алмазная электропила
EMT:ThaumiumChainsaw, Таум-электропила
EMT:Omnitool, Железный мультиинструмент
EMT:Diamond Omnitool, Алмазный мультиинструмент
EMT:ThaumiumOmnitool, Таум-мультиинструмент
EMT:ChainsawStream, Электропила Потока
EMT:DrillRockbreaker, Бур Камнелома
EMT:ElectricHoeGrowth, Электрическая мотыга Роста
EMT:ExplosionFocus, Набалдашник: Взрыв
EMT:ChristmasFocus, Набалдашник: Рождество
EMT:ShieldFocus, Набалдашник: Щит
EMT:ChargingFocus, Набалдашник: Зарядка
EMT:WandChargingFocus, Набалдашник: Зарядка жезла
EMT:EnergyBallFocus, Набалдашник: Наэлектризованное облако
EnderIO:itemCoordSelector, Настройщик координат
EnderIO:itemFusedQuartzFrame, Рамка из расплавленного кварца
EnderIO:itemConduitFacade:0, Фасад для труб
EnderIO:itemConduitFacade:1, Прочный фасад для труб
EnderIO:itemBrokenSpawner:0, Сломанный спаунер
EnderIO:itemBrokenSpawner:0, Сломанный спаунер
EnderIO:itemBrokenSpawner:0, Сломанный спаунер
EnderIO:itemBrokenSpawner:0, Сломанный спаунер
EnderIO:itemBrokenSpawner:0, Сломанный спаунер
EnderIO:itemBrokenSpawner:0, Сломанный спаунер
EnderIO:itemBrokenSpawner:0, Сломанный спаунер
EnderIO:itemFrankenSkull:0, Зомби-электрод
EnderIO:itemFrankenSkull:1, Зомби-контроллер
EnderIO:itemFrankenSkull:2, Зомби Фрэнк
EnderIO:itemFrankenSkull:3, Резонатор Края
EnderIO:itemFrankenSkull:4, Разумный Край
EnderIO:itemRedstoneConduit:0, Красная труба
EnderIO:itemRedstoneConduit:1, Переключатель труб
EnderIO:itemRedstoneConduit:2, Изолированная красная труба
EnderIO:itemPowerConduit:0, Энергетическая труба
EnderIO:itemPowerConduit:1, Улучшенная энергетическая труба
EnderIO:itemPowerConduit:2, Энергетическая труба Края
EnderIO:itemLiquidConduit:0, Жидкостная труба
EnderIO:itemLiquidConduit:1, Жидкостная труба высокого давления
EnderIO:itemLiquidConduit:2, Жидкостная труба Края
EnderIO:itemItemConduit:0, Предметная труба
EnderIO:itemGasConduit:0, Газовая труба
EnderIO:itemMEConduit:0, МЭ труба
EnderIO:itemMEConduit:1, Плотная МЭ труба
EnderIO:itemBasicFilterUpgrade:0, Основной предметный фильтр
EnderIO:itemBasicFilterUpgrade:1, Продвинутый предметный фильтр
EnderIO:itemExistingItemFilter:0, Существующий предметный фильтр
EnderIO:itemModItemFilter, Фильтр по предметам модификаций
EnderIO:itemPowerItemFilter:0, Фильтр по заряжаемым предметам
EnderIO:itemExtractSpeedUpgrade:0, Улучшение скорости для предметной трубы
EnderIO:itemExtractSpeedUpgrade:1, Снижение скорости для предметной трубы
EnderIO:itemFunctionUpgrade:0, Улучшение дистанционной осведомлённости
EnderIO:itemBasicCapacitor:0, Основной конденсатор
EnderIO:itemBasicCapacitor:1, Двухслойный конденсатор
EnderIO:itemBasicCapacitor:2, Восьмислойный конденсатор
EnderIO:itemMachinePart:0, Корпус механизма
EnderIO:itemMachinePart:1, Основная шестерня
EnderIO:itemMaterial:0, Кремний
EnderIO:itemMaterial:1, Связующий элемент труб
EnderIO:itemMaterial:2, Составной связующий элемент
EnderIO:itemMaterial:3, Пульсирующий железный самородок
EnderIO:itemMaterial:4, Самородок вибрирующего сплава
EnderIO:itemMaterial:5, Пульсирующий кристалл
EnderIO:itemMaterial:6, Вибрирующий кристалл
EnderIO:itemMaterial:7, Шарик тёмной стали
EnderIO:itemMaterial:8, Кристалл Края
EnderIO:itemMaterial:9, Привлекающий кристалл
EnderIO:itemMaterial:10, Погодный кристалл
EnderIO:itemAlloy:0, Наэлектризованная сталь
EnderIO:itemAlloy:1, Энергетический сплав
EnderIO:itemAlloy:2, Вибрирующий сплав
EnderIO:itemAlloy:3, Сплав из красного камня
EnderIO:itemAlloy:4, Проводящее железо
EnderIO:itemAlloy:5, Пульсирующее железо
EnderIO:itemAlloy:6, Тёмная сталь
EnderIO:itemAlloy:7, Соуларий
EnderIO:itemPowderIngot:0, Угольный порошок
EnderIO:itemPowderIngot:1, Железный порошок
EnderIO:itemPowderIngot:2, Золотой порошок
EnderIO:itemPowderIngot:3, Медный порошок
EnderIO:itemPowderIngot:4, Оловянный порошок
EnderIO:itemPowderIngot:6, Основа Края
EnderIO:itemPowderIngot:7, Обсидиановый порошок
EnderIO:itemPowderIngot:8, Мука
EnderIO:bucketXpjuice, Ведро опыта
EnderIO:bucketNutrient_distillation, Ведро питательного дистиллята
EnderIO:bucketHootch, Ведро самогона
EnderIO:bucketRocket_fuel, Ведро ракетного топлива
EnderIO:bucketFire_water, Ведро огненной воды
EnderIO:bucketLiquid_sunshine, Liquid Sunshine Bucket
EnderIO:bucketCloud_seed, Cloud Seed Bucket
EnderIO:bucketCloud_seed_concentrated, Concentrated Cloud Seed Bucket
EnderIO:itemYetaWrench, Гаечный ключ Yeta
EnderIO:itemEnderface, Лицо Края
EnderIO:itemTravelStaff:0, Посох путешествия
EnderIO:itemTravelStaff:16, Посох путешествия
EnderIO:itemConduitProbe:0, Зонд для труб
EnderIO:itemXpTransfer:0, Стержень опыта
EnderIO:itemSoulVessel, Флакон для душ
EnderIO:itemEnderFood:0, "Enderios"
EnderIO:itemGliderWing:0, Крыло планёра
EnderIO:itemGliderWing:1, Крылья планёра
EnderIO:item.darkSteel_helmet, Тёмный шлем
EnderIO:item.darkSteel_chestplate, Тёмная кираса
EnderIO:item.darkSteel_leggings, Тёмные поножи
EnderIO:item.darkSteel_boots, Тёмные ботинки
EnderIO:item.darkSteel_sword, Край
EnderIO:item.darkSteel_pickaxe, Тёмная кирка
EnderIO:item.darkSteel_axe, Тёмный топор
EnderIO:item.darkSteel_shears, Тёмные ножницы
EnderIO:itemMagnet:0, Электромагнит
EnderIO:itemMagnet:16, Электромагнит
ExtraUtilities:glove, Перчатка
ExtraUtilities:heatingElement, Нагревательная катушка
ExtraUtilities:mini-soul:0, Фрагмент души
ExtraUtilities:mini-soul:3, Фрагмент души
ExtraUtilities:angelRing:0, Ангельское кольцо
ExtraUtilities:angelRing:1, Ангельское кольцо
ExtraUtilities:angelRing:2, Ангельское кольцо
ExtraUtilities:angelRing:3, Ангельское кольцо
ExtraUtilities:angelRing:4, Ангельское кольцо
ExtraUtilities:paintbrush:0, Кисточка
ExtraUtilities:nodeUpgrade:0, Улучшение скорости
ExtraUtilities:nodeUpgrade:1, Предметный фильтр
ExtraUtilities:nodeUpgrade:2, Улучшение «Взаимодействие с миром»
ExtraUtilities:nodeUpgrade:3, Улучшение «Стак»
ExtraUtilities:nodeUpgrade:4, Творческое улучшение
ExtraUtilities:nodeUpgrade:5, Передатчик Края
ExtraUtilities:nodeUpgrade:6, Приёмник Края
ExtraUtilities:nodeUpgrade:7, Улучшение «Поиск в глубину»
ExtraUtilities:nodeUpgrade:8, Улучшение «Поиск в ширину»
ExtraUtilities:nodeUpgrade:9, Улучшение «Круговая система»
ExtraUtilities:nodeUpgrade:10, Предметный фильтр (Продвинутый)
ExtraUtilities:lawSword, Kikoku
ExtraUtilities:golden_lasso:0, Золотое лассо
ExtraUtilities:divisionSigil, Сигил деления
ExtraUtilities:unstableingot:0, Нестабильный слиток
ExtraUtilities:unstableingot:1, Полустабильный самородок
ExtraUtilities:unstableingot:2, Мобиус "Нестабильный/Cтабильный" слиток
ExtraUtilities:builderswand, Жезл строителя
ExtraUtilities:shears, Острые ножницы
ExtraUtilities:creativebuilderswand, Творческий жезл строителя
ExtraUtilities:ethericsword, Эфирный меч
ExtraUtilities:erosionShovel, Эрозийная лопата
ExtraUtilities:destructionpickaxe, Разрушающая кирка
ExtraUtilities:defoliageAxe, Исцеляющий топор
ExtraUtilities:temporalHoe, Реверсивная мотыга
ExtraUtilities:sonar_goggles, Сонарные очки
ExtraUtilities:watering_can, Лейка
ExtraUtilities:scanner, Переносной сканер
ExtraUtilities:golden_bag, Золотой мешочек удержания
ExtraUtilities:bedrockiumIngot, Слиток бедрокия
Mantle:mantleBook:0, Mantle:item.mantle.manual.beginner.name
Mantle:mantleBook:1, Mantle:item.mantle.manual.toolstation.name
Mantle:mantleBook:2, Mantle:item.mantle.manual.smeltery.name
Mantle:mantleBook:3, Mantle:item.mantle.manual.diary.name
TConstruct:goldHead:0, Золотистая голова
TConstruct:strangeFood:0, Желатиновая слизь
TConstruct:strangeFood:1, Свернувшаяся кровь
TConstruct:strangeFood:2, Бекон
TConstruct:oreBerries:0, Кусочки железа
TConstruct:oreBerries:1, Кусочки золота
TConstruct:oreBerries:2, Кусочки меди
TConstruct:oreBerries:3, Кусочки олова
TConstruct:oreBerries:4, Кусочки алюминия
TConstruct:oreBerries:5, Кусочки концентрированной эссенции
TConstruct:titleIcon:0, Призвать существо - Синий слизень
TConstruct:titleIcon:1, Призвать существо - Король слизней
TConstruct:blankPattern:0, Пустая схема
TConstruct:blankPattern:1, Пустой слепок
TConstruct:blankPattern:2, Пустой слепок
TConstruct:materials:0, Кучка бумаги
TConstruct:materials:1, Слизневый кристалл
TConstruct:materials:2, Обожжённый кирпич
TConstruct:materials:3, Кобальтовый слиток
TConstruct:materials:4, Ардитовый слиток
TConstruct:materials:5, Мануллиновый слиток
TConstruct:materials:6, Шарик мха
TConstruct:materials:7, Лавовый кристалл
TConstruct:materials:8, Некротическая кость
TConstruct:materials:9, Медный слиток
TConstruct:materials:10, Оловянный слиток
TConstruct:materials:11, Алюминиевый слиток
TConstruct:materials:12, Необработанный алюминий
TConstruct:materials:13, Бронзовый слиток
TConstruct:materials:14, Слиток алюминиевой латуни
TConstruct:materials:15, Алюмитовый слиток
TConstruct:materials:16, Стальной слиток
TConstruct:materials:17, Слизневый кристалл
TConstruct:materials:18, Обсидиановый слиток
TConstruct:materials:19, Железный самородок
TConstruct:materials:20, Медный самородок
TConstruct:materials:21, Оловянный самородок
TConstruct:materials:22, Алюминиевый самородок
TConstruct:materials:24, Самородок алюминиевой латуни
TConstruct:materials:25, Шелковистая ткань
TConstruct:materials:26, Шелковистая драгоценность
TConstruct:materials:27, Обсидиановый самородок
TConstruct:materials:28, Кобальтовый самородок
TConstruct:materials:29, Ардитовый самородок
TConstruct:materials:30, Мануллиновый самородок
TConstruct:materials:31, Бронзовый самородок
TConstruct:materials:32, Алюмитовый самородок
TConstruct:materials:33, Стальной самородок
TConstruct:materials:34, Слиток свиного железа
TConstruct:materials:35, Тарелка свиного железа
TConstruct:materials:36, Шарик клея
TConstruct:materials:37, Обожжённый кирпич
TConstruct:materials:38, Ардитовая пыль
TConstruct:materials:39, Кобальтовая пыль
TConstruct:materials:40, Алюминиевая пыль
TConstruct:materials:41, Мануллиновая пыль
TConstruct:materials:42, Пыль алюминиевой латуни
TConstruct:woodPattern:1, Схема стержня
TConstruct:woodPattern:2, Схема обуха кирки
TConstruct:woodPattern:3, Схема штыка лопаты
TConstruct:woodPattern:4, Схема обуха топора
TConstruct:woodPattern:5, Схема лезвия меча
TConstruct:woodPattern:6, Схема широкой гарды
TConstruct:woodPattern:7, Схема малой гарды
TConstruct:woodPattern:8, Схема поперечной гарды
TConstruct:woodPattern:9, Схема крепления
TConstruct:woodPattern:10, Схема сковороды
TConstruct:woodPattern:11, Схема широкой таблички
TConstruct:woodPattern:12, Схема лезвия ножа
TConstruct:woodPattern:13, Схема лезвия стамески
TConstruct:woodPattern:14, Схема прочного стержня
TConstruct:woodPattern:15, Схема прочного крепления
TConstruct:woodPattern:16, Схема большой пластины
TConstruct:woodPattern:17, Схема большого обуха топора
TConstruct:woodPattern:18, Схема лезвия косы
TConstruct:woodPattern:19, Схема пластины копалки
TConstruct:woodPattern:20, Схема большого лезвия
TConstruct:woodPattern:21, Схема бойка молота
TConstruct:woodPattern:22, Схема полной гарды
TConstruct:woodPattern:23, Схема тетивы
TConstruct:woodPattern:24, Схема оперения
TConstruct:woodPattern:25, Схема наконечника стрелы
TConstruct:manualBook:0, Материалы и Вы: Том 1
TConstruct:manualBook:1, Материалы и Вы: Том 2
TConstruct:manualBook:2, Могучая металлургия
TConstruct:manualBook:3, Дневник инженера
TConstruct:manualBook:4, Вооружение инженера
TConstruct:pickaxe, Кирка
TConstruct:shovel, Лопата
TConstruct:hatchet, Топорик
TConstruct:broadsword, Палаш
TConstruct:longsword, Полуторный меч
TConstruct:rapier, Рапира
TConstruct:dagger, Кинжал
TConstruct:cutlass, Сабля
TConstruct:frypan, Сковорода
TConstruct:battlesign, Боевая табличка
TConstruct:mattock, Мотыготопор
TConstruct:chisel, Стамеска
TConstruct:lumberaxe, Большой топор
TConstruct:cleaver, Тесак
TConstruct:scythe, Коса
TConstruct:excavator, Копалка
TConstruct:hammer, Молот
TConstruct:battleaxe, Боевой топор
TConstruct:potionLauncher, Метатель зелий
TConstruct:toolRod:0, Деревянный стержень
TConstruct:toolRod:1, Каменный стержень
TConstruct:toolRod:2, Железный стержень
TConstruct:toolRod:3, Кремниевый стержень
TConstruct:toolRod:4, Кактусовый стержень
TConstruct:toolRod:5, Костяной стержень
TConstruct:toolRod:6, Обсидиановый стержень
TConstruct:toolRod:7, Стержень из камня Нижнего мира
TConstruct:toolRod:8, Слизневый стержень
TConstruct:toolRod:9, Бумажный стержень
TConstruct:toolRod:10, Кобальтовый стержень
TConstruct:toolRod:11, Ардитовый стержень
TConstruct:toolRod:12, Мануллиновый стержень
TConstruct:toolRod:13, Медный стержень
TConstruct:toolRod:14, Бронзовый стержень
TConstruct:toolRod:15, Алюмитовый стержень
TConstruct:toolRod:16, Стальной стержень
TConstruct:toolRod:17, Стержень из синей слизи
TConstruct:toolRod:18, Стержень из свиного железа
TConstruct:toolShard:1, Каменный осколок
TConstruct:toolShard:3, Кремниевый осколок
TConstruct:toolShard:4, Кактусовый осколок
TConstruct:toolShard:6, Обсидиановый осколок
TConstruct:toolShard:7, Осколок камня Нижнего мира
TConstruct:toolShard:8, Слизневый осколок
TConstruct:toolShard:17, Осколок синей слизи
TConstruct:pickaxeHead:0, Деревянный обух кирки
TConstruct:pickaxeHead:1, Каменный обух кирки
TConstruct:pickaxeHead:2, Железный обух кирки
TConstruct:pickaxeHead:3, Кремниевый обух кирки
TConstruct:pickaxeHead:4, Кактусовый обух кирки
TConstruct:pickaxeHead:5, Костяной обух кирки
TConstruct:pickaxeHead:6, Обсидиановый обух кирки
TConstruct:pickaxeHead:7, Обух кирки из камня Нижнего мира
TConstruct:pickaxeHead:8, Слизневый обух кирки
TConstruct:pickaxeHead:9, Бумажный обух кирки
TConstruct:pickaxeHead:10, Кобальтовый обух кирки
TConstruct:pickaxeHead:11, Ардитовый обух кирки
TConstruct:pickaxeHead:12, Мануллиновый обух кирки
TConstruct:pickaxeHead:13, Медный обух кирки
TConstruct:pickaxeHead:14, Бронзовый обух кирки
TConstruct:pickaxeHead:15, Алюмитовый обух кирки
TConstruct:pickaxeHead:16, Стальной обух кирки
TConstruct:pickaxeHead:17, Обух кирки из синей слизи
TConstruct:pickaxeHead:18, Обух кирки из свиного железа
TConstruct:shovelHead:0, Деревянный штык лопаты
TConstruct:shovelHead:1, Каменный штык лопаты
TConstruct:shovelHead:2, Железный штык лопаты
TConstruct:shovelHead:3, Кремниевый штык лопаты
TConstruct:shovelHead:4, Кактусовый штык лопаты
TConstruct:shovelHead:5, Костяной штык лопаты
TConstruct:shovelHead:6, Обсидиановый штык лопаты
TConstruct:shovelHead:7, Штык лопаты из камня Нижнего мира
TConstruct:shovelHead:8, Слизневый штык лопаты
TConstruct:shovelHead:9, Бумажный штык лопаты
TConstruct:shovelHead:10, Кобальтовый штык лопаты
TConstruct:shovelHead:11, Ардитовый штык лопаты
TConstruct:shovelHead:12, Мануллиновый штык лопаты
TConstruct:shovelHead:13, Медный штык лопаты
TConstruct:shovelHead:14, Бронзовый штык лопаты
TConstruct:shovelHead:15, Алюмитовый штык лопаты
TConstruct:shovelHead:16, Стальной штык лопаты
TConstruct:shovelHead:17, Штык лопаты из синей слизи
TConstruct:shovelHead:18, Штык лопаты из свиного железа
TConstruct:hatchetHead:0, Деревянный обух топора
TConstruct:hatchetHead:1, Каменный обух топора
TConstruct:hatchetHead:2, Железный обух топора
TConstruct:hatchetHead:3, Кремниевый обух топора
TConstruct:hatchetHead:4, Кактусовый обух топора
TConstruct:hatchetHead:5, Костяной обух топора
TConstruct:hatchetHead:6, Обсидиановый обух топора
TConstruct:hatchetHead:7, Обух топора из камня Нижнего мира
TConstruct:hatchetHead:8, Слизневый обух топора
TConstruct:hatchetHead:9, Бумажный обух топора
TConstruct:hatchetHead:10, Кобальтовый обух топора
TConstruct:hatchetHead:11, Ардитовый обух топора
TConstruct:hatchetHead:12, Мануллиновый обух топора
TConstruct:hatchetHead:13, Медный обух топора
TConstruct:hatchetHead:14, Бронзовый обух топора
TConstruct:hatchetHead:15, Алюмитовый обух топора
TConstruct:hatchetHead:16, Стальной обух топора
TConstruct:hatchetHead:17, Обух топора из синей слизи
TConstruct:hatchetHead:18, Обух топора из свиного железа
TConstruct:binding:0, Деревянное крепление
TConstruct:binding:1, Каменное крепление
TConstruct:binding:2, Железное крепление
TConstruct:binding:3, Кремниевое крепление
TConstruct:binding:4, Кактусовое крепление
TConstruct:binding:5, Костяное крепление
TConstruct:binding:6, Обсидиановое крепление
TConstruct:binding:7, Крепление из камня Нижнего мира
TConstruct:binding:8, Слизневое крепление
TConstruct:binding:9, Бумажное крепление
TConstruct:binding:10, Кобальтовое крепление
TConstruct:binding:11, Ардитовое крепление
TConstruct:binding:12, Мануллиновое крепление
TConstruct:binding:13, Медное крепление
TConstruct:binding:14, Бронзовое крепление
TConstruct:binding:15, Алюмитовое крепление
TConstruct:binding:16, Стальное крепление
TConstruct:binding:17, Крепление из синей слизи
TConstruct:binding:18, Крепление из свиного железа
TConstruct:toughBinding:0, Деревянное прочное крепление
TConstruct:toughBinding:1, Каменное прочное крепление
TConstruct:toughBinding:2, Железное прочное крепление
TConstruct:toughBinding:3, Кремниевое прочное крепление
TConstruct:toughBinding:4, Кактусовое прочное крепление
TConstruct:toughBinding:5, Костяное прочное крепление
TConstruct:toughBinding:6, Обсидиановое прочное крепление
TConstruct:toughBinding:7, Прочное крепление из камня Нижнего мира
TConstruct:toughBinding:8, Слизневое прочное крепление
TConstruct:toughBinding:9, Бумажное прочное крепление
TConstruct:toughBinding:10, Кобальтовое прочное крепление
TConstruct:toughBinding:11, Ардитовое прочное крепление
TConstruct:toughBinding:12, Мануллиновое прочное крепление
TConstruct:toughBinding:13, Медное прочное крепление
TConstruct:toughBinding:14, Бронзовое прочное крепление
TConstruct:toughBinding:15, Алюмитовое прочное крепление
TConstruct:toughBinding:16, Стальное прочное крепление
TConstruct:toughBinding:17, Прочное крепление из синей слизи
TConstruct:toughBinding:18, Прочное крепление из свиного железа
TConstruct:toughRod:0, Деревянный прочный стержень
TConstruct:toughRod:1, Каменный прочный стержень
TConstruct:toughRod:2, Железный прочный стержень
TConstruct:toughRod:3, Кремниевый прочный стержень
TConstruct:toughRod:4, Кактусовый прочный стержень
TConstruct:toughRod:5, Костяной прочный стержень
TConstruct:toughRod:6, Обсидиановый прочный стержень
TConstruct:toughRod:7, Прочный стержень из камня Нижнего мира
TConstruct:toughRod:8, Слизневый прочный стержень
TConstruct:toughRod:9, Бумажный прочный стержень
TConstruct:toughRod:10, Кобальтовый прочный стержень
TConstruct:toughRod:11, Ардитовый прочный стержень
TConstruct:toughRod:12, Мануллиновый прочный стержень
TConstruct:toughRod:13, Медный прочный стержень
TConstruct:toughRod:14, Бронзовый прочный стержень
TConstruct:toughRod:15, Алюмитовый прочный стержень
TConstruct:toughRod:16, Стальной прочный стержень
TConstruct:toughRod:17, Прочный стержень из синей слизи
TConstruct:toughRod:18, Прочный стержень из свиного железа
TConstruct:heavyPlate:0, Деревянная большая пластина
TConstruct:heavyPlate:1, Каменная большая пластина
TConstruct:heavyPlate:2, Железная большая пластина
TConstruct:heavyPlate:3, Кремниевая большая пластина
TConstruct:heavyPlate:4, Кактусовая большая пластина
TConstruct:heavyPlate:5, Костяная большая пластина
TConstruct:heavyPlate:6, Обсидиановая большая пластина
TConstruct:heavyPlate:7, Большая пластина из камня Нижнего мира
TConstruct:heavyPlate:8, Слизневая большая пластина
TConstruct:heavyPlate:9, Бумажная большая пластина
TConstruct:heavyPlate:10, Кобальтовая большая пластина
TConstruct:heavyPlate:11, Ардитовая большая пластина
TConstruct:heavyPlate:12, Мануллиновая большая пластина
TConstruct:heavyPlate:13, Медная большая пластина
TConstruct:heavyPlate:14, Бронзовая большая пластина
TConstruct:heavyPlate:15, Алюмитовая большая пластина
TConstruct:heavyPlate:16, Стальная большая пластина
TConstruct:heavyPlate:17, Большая пластина из синей слизи
TConstruct:heavyPlate:18, Большая пластина из свиного железа
TConstruct:swordBlade:0, Деревянное лезвие меча
TConstruct:swordBlade:1, Каменное лезвие меча
TConstruct:swordBlade:2, Железное лезвие меча
TConstruct:swordBlade:3, Кремниевое лезвие меча
TConstruct:swordBlade:4, Кактусовое лезвие меча
TConstruct:swordBlade:5, Костяное лезвие меча
TConstruct:swordBlade:6, Обсидиановое лезвие меча
TConstruct:swordBlade:7, Лезвие меча из камня Нижнего мира
TConstruct:swordBlade:8, Слизневое лезвие меча
TConstruct:swordBlade:9, Бумажное лезвие меча
TConstruct:swordBlade:10, Кобальтовое лезвие меча
TConstruct:swordBlade:11, Ардитовое лезвие меча
TConstruct:swordBlade:12, Мануллиновое лезвие меча
TConstruct:swordBlade:13, Медное лезвие меча
TConstruct:swordBlade:14, Бронзовое лезвие меча
TConstruct:swordBlade:15, Алюмитовое лезвие меча
TConstruct:swordBlade:16, Стальное лезвие меча
TConstruct:swordBlade:17, Лезвие меча из синей слизи
TConstruct:swordBlade:18, Лезвие меча из свиного железа
TConstruct:wideGuard:0, Деревянная широкая гарда
TConstruct:wideGuard:1, Каменная широкая гарда
TConstruct:wideGuard:2, Железная широкая гарда
TConstruct:wideGuard:3, Кремниевая широкая гарда
TConstruct:wideGuard:4, Кактусовая широкая гарда
TConstruct:wideGuard:5, Костяная широкая гарда
TConstruct:wideGuard:6, Обсидиановая широкая гарда
TConstruct:wideGuard:7, Широкая гарда из камня Нижнего мира
TConstruct:wideGuard:8, Слизневая широкая гарда
TConstruct:wideGuard:9, Бумажная широкая гарда
TConstruct:wideGuard:10, Кобальтовая широкая гарда
TConstruct:wideGuard:11, Ардитовая широкая гарда
TConstruct:wideGuard:12, Мануллиновая широкая гарда
TConstruct:wideGuard:13, Медная широкая гарда
TConstruct:wideGuard:14, Бронзовая широкая гарда
TConstruct:wideGuard:15, Алюмитовая широкая гарда
TConstruct:wideGuard:16, Стальная широкая гарда
TConstruct:wideGuard:17, Широкая гарда из синей слизи
TConstruct:wideGuard:18, Широкая гарда из свиного железа
TConstruct:handGuard:0, Деревянная малая гарда
TConstruct:handGuard:1, Каменная малая гарда
TConstruct:handGuard:2, Железная малая гарда
TConstruct:handGuard:3, Кремниевая малая гарда
TConstruct:handGuard:4, Кактусовая малая гарда
TConstruct:handGuard:5, Костяная малая гарда
TConstruct:handGuard:6, Обсидиановая малая гарда
TConstruct:handGuard:7, Малая гарда из камня Нижнего мира
TConstruct:handGuard:8, Слизневая малая гарда
TConstruct:handGuard:9, Бумажная малая гарда
TConstruct:handGuard:10, Кобальтовая малая гарда
TConstruct:handGuard:11, Ардитовая малая гарда
TConstruct:handGuard:12, Мануллиновая малая гарда
TConstruct:handGuard:13, Медная малая гарда
TConstruct:handGuard:14, Бронзовая малая гарда
TConstruct:handGuard:15, Алюмитовая малая гарда
TConstruct:handGuard:16, Стальная малая гарда
TConstruct:handGuard:17, Малая гарда из синей слизи
TConstruct:handGuard:18, Малая гарда из свиного железа
TConstruct:crossbar:0, Деревянная поперечная гарда
TConstruct:crossbar:1, Каменная поперечная гарда
TConstruct:crossbar:2, Железная поперечная гарда
TConstruct:crossbar:3, Кремниевая поперечная гарда
TConstruct:crossbar:4, Кактусовая поперечная гарда
TConstruct:crossbar:5, Костяная поперечная гарда
TConstruct:crossbar:6, Обсидиановая поперечная гарда
TConstruct:crossbar:7, Поперечная гарда из камня Нижнего мира
TConstruct:crossbar:8, Слизневая поперечная гарда
TConstruct:crossbar:9, Бумажная поперечная гарда
TConstruct:crossbar:10, Кобальтовая поперечная гарда
TConstruct:crossbar:11, Ардитовая поперечная гарда
TConstruct:crossbar:12, Мануллиновая поперечная гарда
TConstruct:crossbar:13, Медная поперечная гарда
TConstruct:crossbar:14, Бронзовая поперечная гарда
TConstruct:crossbar:15, Алюмитовая поперечная гарда
TConstruct:crossbar:16, Стальная поперечная гарда
TConstruct:crossbar:17, Поперечная гарда из синей слизи
TConstruct:crossbar:18, Поперечная гарда из свиного железа
TConstruct:knifeBlade:0, Деревянное лезвие ножа
TConstruct:knifeBlade:1, Каменное лезвие ножа
TConstruct:knifeBlade:2, Железное лезвие ножа
TConstruct:knifeBlade:3, Кремниевое лезвие ножа
TConstruct:knifeBlade:4, Кактусовое лезвие ножа
TConstruct:knifeBlade:5, Костяное лезвие ножа
TConstruct:knifeBlade:6, Обсидиановое лезвие ножа
TConstruct:knifeBlade:7, Лезвие ножа из камня Нижнего мира
TConstruct:knifeBlade:8, Слизневое лезвие ножа
TConstruct:knifeBlade:9, Бумажное лезвие ножа
TConstruct:knifeBlade:10, Кобальтовое лезвие ножа
TConstruct:knifeBlade:11, Ардитовое лезвие ножа
TConstruct:knifeBlade:12, Мануллиновое лезвие ножа
TConstruct:knifeBlade:13, Медное лезвие ножа
TConstruct:knifeBlade:14, Бронзовое лезвие ножа
TConstruct:knifeBlade:15, Алюмитовое лезвие ножа
TConstruct:knifeBlade:16, Стальное лезвие ножа
TConstruct:knifeBlade:17, Лезвие ножа из синей слизи
TConstruct:knifeBlade:18, Лезвие ножа из свиного железа
TConstruct:frypanHead:0, Деревянная сковорода
TConstruct:frypanHead:1, Каменная сковорода
TConstruct:frypanHead:2, Железная сковорода
TConstruct:frypanHead:3, Кремниевая сковорода
TConstruct:frypanHead:4, Кактусовая сковорода
TConstruct:frypanHead:5, Костяная сковорода
TConstruct:frypanHead:6, Обсидиановая сковорода
TConstruct:frypanHead:7, Сковорода из камня Нижнего мира
TConstruct:frypanHead:8, Слизневая сковорода
TConstruct:frypanHead:9, Бумажная сковорода
TConstruct:frypanHead:10, Кобальтовая сковорода
TConstruct:frypanHead:11, Ардитовая сковорода
TConstruct:frypanHead:12, Мануллиновая сковорода
TConstruct:frypanHead:13, Медная сковорода
TConstruct:frypanHead:14, Бронзовая сковорода
TConstruct:frypanHead:15, Алюмитовая сковорода
TConstruct:frypanHead:16, Стальная сковорода
TConstruct:frypanHead:17, Сковорода из синей слизи
TConstruct:frypanHead:18, Сковорода из свиного железа
TConstruct:signHead:0, Деревянная табличка
TConstruct:signHead:1, Каменная табличка
TConstruct:signHead:2, Железная табличка
TConstruct:signHead:3, Кремниевая табличка
TConstruct:signHead:4, Кактусовая табличка
TConstruct:signHead:5, Костяная табличка
TConstruct:signHead:6, Обсидиановая табличка
TConstruct:signHead:7, Табличка из камня Нижнего мира
TConstruct:signHead:8, Слизневая табличка
TConstruct:signHead:9, Бумажная табличка
TConstruct:signHead:10, Кобальтовая табличка
TConstruct:signHead:11, Ардитовая табличка
TConstruct:signHead:12, Мануллиновая табличка
TConstruct:signHead:13, Медная табличка
TConstruct:signHead:14, Бронзовая табличка
TConstruct:signHead:15, Алюмитовая табличка
TConstruct:signHead:16, Стальная табличка
TConstruct:signHead:17, Табличка из синей слизи
TConstruct:signHead:18, Табличка из свиного железа
TConstruct:chiselHead:0, Деревянное лезвие стамески
TConstruct:chiselHead:1, Каменное лезвие стамески
TConstruct:chiselHead:2, Железное лезвие стамески
TConstruct:chiselHead:3, Кремниевое лезвие стамески
TConstruct:chiselHead:4, Кактусовое лезвие стамески
TConstruct:chiselHead:5, Костяное лезвие стамески
TConstruct:chiselHead:6, Обсидиановое лезвие стамески
TConstruct:chiselHead:7, Лезвие стамески из камня Нижнего мира
TConstruct:chiselHead:8, Слизневое лезвие стамески
TConstruct:chiselHead:9, Бумажное лезвие стамески
TConstruct:chiselHead:10, Кобальтовое лезвие стамески
TConstruct:chiselHead:11, Ардитовое лезвие стамески
TConstruct:chiselHead:12, Мануллиновое лезвие стамески
TConstruct:chiselHead:13, Медное лезвие стамески
TConstruct:chiselHead:14, Бронзовое лезвие стамески
TConstruct:chiselHead:15, Алюмитовое лезвие стамески
TConstruct:chiselHead:16, Стальное лезвие стамески
TConstruct:chiselHead:17, Лезвие стамески из синей слизи
TConstruct:chiselHead:18, Лезвие стамески из свиного железа
TConstruct:scytheBlade:0, Деревянное лезвие косы
TConstruct:scytheBlade:1, Каменное лезвие косы
TConstruct:scytheBlade:2, Железное лезвие косы
TConstruct:scytheBlade:3, Кремниевое лезвие косы
TConstruct:scytheBlade:4, Кактусовое лезвие косы
TConstruct:scytheBlade:5, Костяное лезвие косы
TConstruct:scytheBlade:6, Обсидиановое лезвие косы
TConstruct:scytheBlade:7, Лезвие косы из камня Нижнего мира
TConstruct:scytheBlade:8, Слизневое лезвие косы
TConstruct:scytheBlade:9, Бумажное лезвие косы
TConstruct:scytheBlade:10, Кобальтовое лезвие косы
TConstruct:scytheBlade:11, Ардитовое лезвие косы
TConstruct:scytheBlade:12, Мануллиновое лезвие косы
TConstruct:scytheBlade:13, Медное лезвие косы
TConstruct:scytheBlade:14, Бронзовое лезвие косы
TConstruct:scytheBlade:15, Алюмитовое лезвие косы
TConstruct:scytheBlade:16, Стальное лезвие косы
TConstruct:scytheBlade:17, Лезвие косы из синей слизи
TConstruct:scytheBlade:18, Лезвие косы из свиного железа
TConstruct:broadAxeHead:0, Деревянный большой обух топора
TConstruct:broadAxeHead:1, Каменный большой обух топора
TConstruct:broadAxeHead:2, Железный большой обух топора
TConstruct:broadAxeHead:3, Кремниевый большой обух топора
TConstruct:broadAxeHead:4, Кактусовый большой обух топора
TConstruct:broadAxeHead:5, Костяной большой обух топора
TConstruct:broadAxeHead:6, Обсидиановый большой обух топора
TConstruct:broadAxeHead:7, Большой обух топора из камня Нижнего мира
TConstruct:broadAxeHead:8, Слизневый большой обух топора
TConstruct:broadAxeHead:9, Бумажный большой обух топора
TConstruct:broadAxeHead:10, Кобальтовый большой обух топора
TConstruct:broadAxeHead:11, Ардитовый большой обух топора
TConstruct:broadAxeHead:12, Мануллиновый большой обух топора
TConstruct:broadAxeHead:13, Медный большой обух топора
TConstruct:broadAxeHead:14, Бронзовый большой обух топора
TConstruct:broadAxeHead:15, Алюмитовый большой обух топора
TConstruct:broadAxeHead:16, Стальной большой обух топора
TConstruct:broadAxeHead:17, Большой обух топора из синей слизи
TConstruct:broadAxeHead:18, Большой обух топора из свиного железа
TConstruct:excavatorHead:0, Деревянная пластина копалки
TConstruct:excavatorHead:1, Каменная пластина копалки
TConstruct:excavatorHead:2, Железная пластина копалки
TConstruct:excavatorHead:3, Кремниевая пластина копалки
TConstruct:excavatorHead:4, Кактусовая пластина копалки
TConstruct:excavatorHead:5, Костяная пластина копалки
TConstruct:excavatorHead:6, Обсидиановая пластина копалки
TConstruct:excavatorHead:7, Пластина копалки из камня Нижнего мира
TConstruct:excavatorHead:8, Слизневая пластина копалки
TConstruct:excavatorHead:9, Бумажная пластина копалки
TConstruct:excavatorHead:10, Кобальтовая пластина копалки
TConstruct:excavatorHead:11, Ардитовая пластина копалки
TConstruct:excavatorHead:12, Мануллиновая пластина копалки
TConstruct:excavatorHead:13, Медная пластина копалки
TConstruct:excavatorHead:14, Бронзовая пластина копалки
TConstruct:excavatorHead:15, Алюмитовая пластина копалки
TConstruct:excavatorHead:16, Стальная пластина копалки
TConstruct:excavatorHead:17, Пластина копалки из синей слизи
TConstruct:excavatorHead:18, Пластина копалки из свиного железа
TConstruct:largeSwordBlade:0, Деревянное большое лезвие меча
TConstruct:largeSwordBlade:1, Каменное большое лезвие меча
TConstruct:largeSwordBlade:2, Железное большое лезвие меча
TConstruct:largeSwordBlade:3, Кремниевое большое лезвие меча
TConstruct:largeSwordBlade:4, Кактусовое большое лезвие меча
TConstruct:largeSwordBlade:5, Костяное большое лезвие меча
TConstruct:largeSwordBlade:6, Обсидиановое большое лезвие меча
TConstruct:largeSwordBlade:7, Большое лезвие меча из камня Нижнего мира
TConstruct:largeSwordBlade:8, Слизневое большое лезвие меча
TConstruct:largeSwordBlade:9, Бумажное большое лезвие меча
TConstruct:largeSwordBlade:10, Кобальтовое большое лезвие меча
TConstruct:largeSwordBlade:11, Ардитовое большое лезвие меча
TConstruct:largeSwordBlade:12, Мануллиновое большое лезвие меча
TConstruct:largeSwordBlade:13, Медное большое лезвие меча
TConstruct:largeSwordBlade:14, Бронзовое большое лезвие меча
TConstruct:largeSwordBlade:15, Алюмитовое большое лезвие меча
TConstruct:largeSwordBlade:16, Стальное большое лезвие меча
TConstruct:largeSwordBlade:17, Большое лезвие меча из синей слизи
TConstruct:largeSwordBlade:18, Большое лезвие меча из свиного железа
TConstruct:hammerHead:0, Деревянный боёк молота
TConstruct:hammerHead:1, Каменный боёк молота
TConstruct:hammerHead:2, Железный боёк молота
TConstruct:hammerHead:3, Кремниевый боёк молота
TConstruct:hammerHead:4, Кактусовый боёк молота
TConstruct:hammerHead:5, Костяной боёк молота
TConstruct:hammerHead:6, Обсидиановый боёк молота
TConstruct:hammerHead:7, Боёк молота из камня Нижнего мира
TConstruct:hammerHead:8, Слизневый боёк молота
TConstruct:hammerHead:9, Бумажный боёк молота
TConstruct:hammerHead:10, Кобальтовый боёк молота
TConstruct:hammerHead:11, Ардитовый боёк молота
TConstruct:hammerHead:12, Мануллиновый боёк молота
TConstruct:hammerHead:13, Медный боёк молота
TConstruct:hammerHead:14, Бронзовый боёк молота
TConstruct:hammerHead:15, Алюмитовый боёк молота
TConstruct:hammerHead:16, Стальной боёк молота
TConstruct:hammerHead:17, Боёк молота из синей слизи
TConstruct:hammerHead:18, Боёк молота из свиного железа
TConstruct:creativeModifier, Творческий модификатор инструмента
TConstruct:buckets:0, Ведро расплавленного железа
TConstruct:buckets:1, Ведро расплавленного золота
TConstruct:buckets:2, Ведро расплавленной меди
TConstruct:buckets:3, Ведро расплавленного олова
TConstruct:buckets:4, Ведро расплавленного алюминия
TConstruct:buckets:5, Ведро расплавленного кобальта
TConstruct:buckets:6, Ведро расплавленного ардита
TConstruct:buckets:7, Ведро расплавленной бронзы
TConstruct:buckets:8, Ведро расплавленной алюминиевой латуни
TConstruct:buckets:9, Ведро расплавленного мануллина
TConstruct:buckets:10, Ведро расплавленного алюмита
TConstruct:buckets:11, Ведро расплавленного обсидиана
TConstruct:buckets:12, Ведро расплавленной стали
TConstruct:buckets:13, Ведро расплавленного стекла
TConstruct:buckets:14, Ведро расплавленного обожжённого камня
TConstruct:buckets:15, Ведро сжиженного изумруда
TConstruct:buckets:16, Ведро крови
TConstruct:buckets:17, Ведро расплавленного никеля
TConstruct:buckets:18, Ведро расплавленного свинца
TConstruct:buckets:19, Ведро расплавленного серебра
TConstruct:buckets:20, Ведро расплавленной платины
TConstruct:buckets:21, Ведро расплавленного инвара
TConstruct:buckets:22, Ведро расплавленного электрума
TConstruct:buckets:23, Ведро жидкости Края
TConstruct:buckets:24, Ведро жидкой слизи
TConstruct:buckets:25, Ведро липкого клея
TConstruct:buckets:26, Ведро расплавленного свиного железа
TConstruct:buckets:27, Ведро расплавленного ламиума
TConstruct:buckets:28, Ведро расплавленного синала
TConstruct:buckets:29, Ведро расплавленного мифрила
TConstruct:buckets:30, Ведро расплавленного эндериума
TConstruct:metalPattern:0, Слепок слитка
TConstruct:metalPattern:1, Слепок стержня
TConstruct:metalPattern:2, Слепок обуха кирки
TConstruct:metalPattern:3, Слепок штыка лопаты
TConstruct:metalPattern:4, Слепок обуха топора
TConstruct:metalPattern:5, Слепок лезвия меча
TConstruct:metalPattern:6, Слепок широкой гарды
TConstruct:metalPattern:7, Слепок малой гарды
TConstruct:metalPattern:8, Слепок поперечной гарды
TConstruct:metalPattern:9, Слепок крепления
TConstruct:metalPattern:10, Слепок сковороды
TConstruct:metalPattern:11, Слепок широкой таблички
TConstruct:metalPattern:12, Слепок лезвия ножа
TConstruct:metalPattern:13, Слепок лезвия стамески
TConstruct:metalPattern:14, Слепок прочного стержня
TConstruct:metalPattern:15, Слепок прочного крепления
TConstruct:metalPattern:16, Слепок большой пластины
TConstruct:metalPattern:17, Слепок большого обуха топора
TConstruct:metalPattern:18, Слепок лезвия косы
TConstruct:metalPattern:19, Слепок пластины копалки
TConstruct:metalPattern:20, Слепок большого лезвия
TConstruct:metalPattern:21, Слепок бойка молота
TConstruct:metalPattern:22, Слепок полной гарды
TConstruct:metalPattern:25, Слепок наконечника
TConstruct:metalPattern:26, Слепок драгоценного камня
TConstruct:metalPattern:27, Слепок самородка
TConstruct:diamondApple:0, Драгоценное яблоко
TConstruct:jerky:0, Вяленая говядина
TConstruct:jerky:1, Вяленая курятина
TConstruct:jerky:2, Вяленый бекон
TConstruct:jerky:3, Вяленая баранина
TConstruct:jerky:4, Вяленая рыбка
TConstruct:jerky:5, Вяленое мясо монстра
TConstruct:jerky:6, Студенистая слизь
TConstruct:jerky:7, Капля свернувшейся крови
TConstruct:heartCanister:0, Пустая банка
TConstruct:heartCanister:1, Маленькое красное сердечко
TConstruct:heartCanister:2, Банка с красным сердцем
TConstruct:heartCanister:3, Маленькое жёлтое сердечко
TConstruct:heartCanister:4, Банка с жёлтым сердцем
TConstruct:heartCanister:5, Маленькое зелёное сердечко
TConstruct:heartCanister:6, Банка с зелёным сердцем
TConstruct:knapsack:0, Ранец
TConstruct:helmetWood, Деревянный шлем
TConstruct:chestplateWood, Деревянная кираса
TConstruct:leggingsWood, Деревянные поножи
TConstruct:bootsWood, Деревянные ботинки
TConstruct:travelGoggles, Очки путешественника
TConstruct:travelVest, Жилет путешественника
TConstruct:travelWings, Крылья путешественника
TConstruct:travelBoots, Ботинки путешественника
TConstruct:travelGlove, Перчатки путешественника
TConstruct:travelBelt, Пояс путешественника
TConstruct:bowstring:0, Тетива
TConstruct:arrowhead:0, Деревянный наконечник стрелы
TConstruct:arrowhead:1, Каменный наконечник стрелы
TConstruct:arrowhead:2, Железный наконечник стрелы
TConstruct:arrowhead:3, Кремниевый наконечник стрелы
TConstruct:arrowhead:4, Кактусовый наконечник стрелы
TConstruct:arrowhead:5, Костяной наконечник стрелы
TConstruct:arrowhead:6, Обсидиановый наконечник стрелы
TConstruct:arrowhead:7, Наконечник стрелы из камня Нижнего мира
TConstruct:arrowhead:8, Слизневый наконечник стрелы
TConstruct:arrowhead:9, Бумажный наконечник стрелы
TConstruct:arrowhead:10, Кобальтовый наконечник стрелы
TConstruct:arrowhead:11, Ардитовый наконечник стрелы
TConstruct:arrowhead:12, Мануллиновый наконечник стрелы
TConstruct:arrowhead:13, Медный наконечник стрелы
TConstruct:arrowhead:14, Бронзовый наконечник стрелы
TConstruct:arrowhead:15, Алюмитовый наконечник стрелы
TConstruct:arrowhead:16, Стальной наконечник стрелы
TConstruct:arrowhead:17, Наконечник стрелы из синей слизи
TConstruct:arrowhead:18, Наконечник стрелы из свиного железа
TConstruct:fletching:0, Перьевое оперение
TConstruct:fletching:1, Листовое оперение
TConstruct:fletching:2, Слизневое оперение
TConstruct:fletching:3, Слизневое оперение
TConstruct:fletching:4, Оперение из слизневого листа
TConstruct:ShurikenPart:0, Деревянный сюрикэн
TConstruct:ShurikenPart:1, Каменный сюрикэн
TConstruct:ShurikenPart:2, Железный сюрикэн
TConstruct:ShurikenPart:3, Кремниевый сюрикэн
TConstruct:ShurikenPart:4, Кактусовый сюрикэн
TConstruct:ShurikenPart:5, Костяной сюрикэн
TConstruct:ShurikenPart:6, Обсидиановый сюрикэн
TConstruct:ShurikenPart:7, Сюрикэн из камня Нижнего мира
TConstruct:ShurikenPart:8, Слизневый сюрикэн
TConstruct:ShurikenPart:9, Бумажный сюрикэн
TConstruct:ShurikenPart:10, Кобальтовый сюрикэн
TConstruct:ShurikenPart:11, Ардитовый сюрикэн
TConstruct:ShurikenPart:12, Мануллиновый сюрикэн
TConstruct:ShurikenPart:13, Медный сюрикэн
TConstruct:ShurikenPart:14, Бронзовый сюрикэн
TConstruct:ShurikenPart:15, Алюмитовый сюрикэн
TConstruct:ShurikenPart:16, Стальной сюрикэн
TConstruct:ShurikenPart:17, Сюрикэн из синей слизи
TConstruct:ShurikenPart:18, Сюрикэн из свиного железа
TConstruct:BowLimbPart:0, Деревянное плечо лука
TConstruct:BowLimbPart:1, Каменное плечо лука
TConstruct:BowLimbPart:2, Железное плечо лука
TConstruct:BowLimbPart:3, Кремниевое плечо лука
TConstruct:BowLimbPart:4, Кактусовое плечо лука
TConstruct:BowLimbPart:5, Костяное плечо лука
TConstruct:BowLimbPart:6, Обсидиановое плечо лука
TConstruct:BowLimbPart:7, Плечо лука из камня Нижнего мира
TConstruct:BowLimbPart:8, Слизневое плечо лука
TConstruct:BowLimbPart:9, Бумажное плечо лука
TConstruct:BowLimbPart:10, Кобальтовое плечо лука
TConstruct:BowLimbPart:11, Ардитовое плечо лука
TConstruct:BowLimbPart:12, Мануллиновое плечо лука
TConstruct:BowLimbPart:13, Медное плечо лука
TConstruct:BowLimbPart:14, Бронзовое плечо лука
TConstruct:BowLimbPart:15, Алюмитовое плечо лука
TConstruct:BowLimbPart:16, Стальное плечо лука
TConstruct:BowLimbPart:17, Плечо лука из синей слизи
TConstruct:BowLimbPart:18, Плечо лука из свиного железа
TConstruct:CrossbowLimbPart:0, Деревянное плечо арбалета
TConstruct:CrossbowLimbPart:1, Каменное плечо арбалета
TConstruct:CrossbowLimbPart:2, Железное плечо арбалета
TConstruct:CrossbowLimbPart:3, Кремниевое плечо арбалета
TConstruct:CrossbowLimbPart:4, Кактусовое плечо арбалета
TConstruct:CrossbowLimbPart:5, Костяное плечо арбалета
TConstruct:CrossbowLimbPart:6, Обсидиановое плечо арбалета
TConstruct:CrossbowLimbPart:7, Плечо арбалета из камня Нижнего мира
TConstruct:CrossbowLimbPart:8, Слизневое плечо арбалета
TConstruct:CrossbowLimbPart:9, Бумажное плечо арбалета
TConstruct:CrossbowLimbPart:10, Кобальтовое плечо арбалета
TConstruct:CrossbowLimbPart:11, Ардитовое плечо арбалета
TConstruct:CrossbowLimbPart:12, Мануллиновое плечо арбалета
TConstruct:CrossbowLimbPart:13, Медное плечо арбалета
TConstruct:CrossbowLimbPart:14, Бронзовое плечо арбалета
TConstruct:CrossbowLimbPart:15, Алюмитовое плечо арбалета
TConstruct:CrossbowLimbPart:16, Стальное плечо арбалета
TConstruct:CrossbowLimbPart:17, Плечо арбалета из синей слизи
TConstruct:CrossbowLimbPart:18, Плечо арбалета из свиного железа
TConstruct:CrossbowBodyPart:0, Деревянная основа арбалета
TConstruct:CrossbowBodyPart:1, Каменная основа арбалета
TConstruct:CrossbowBodyPart:2, Железная основа арбалета
TConstruct:CrossbowBodyPart:3, Кремниевая основа арбалета
TConstruct:CrossbowBodyPart:4, Кактусовая основа арбалета
TConstruct:CrossbowBodyPart:5, Костяная основа арбалета
TConstruct:CrossbowBodyPart:6, Обсидиановая основа арбалета
TConstruct:CrossbowBodyPart:7, Основа арбалета из камня Нижнего мира
TConstruct:CrossbowBodyPart:8, Слизневая основа арбалета
TConstruct:CrossbowBodyPart:9, Бумажная основа арбалета
TConstruct:CrossbowBodyPart:10, Кобальтовая основа арбалета
TConstruct:CrossbowBodyPart:11, Ардитовая основа арбалета
TConstruct:CrossbowBodyPart:12, Мануллиновая основа арбалета
TConstruct:CrossbowBodyPart:13, Медная основа арбалета
TConstruct:CrossbowBodyPart:14, Бронзовая основа арбалета
TConstruct:CrossbowBodyPart:15, Алюмитовая основа арбалета
TConstruct:CrossbowBodyPart:16, Стальная основа арбалета
TConstruct:CrossbowBodyPart:17, Основа арбалета из синей слизи
TConstruct:CrossbowBodyPart:18, Основа арбалета из свиного железа
TConstruct:BoltPart:0, Деревянный болт
TConstruct:BoltPart:1, Каменный болт
TConstruct:BoltPart:2, Железный болт
TConstruct:BoltPart:3, Кремниевый болт
TConstruct:BoltPart:4, Кактусовый болт
TConstruct:BoltPart:5, Костяной болт
TConstruct:BoltPart:6, Обсидиановый болт
TConstruct:BoltPart:7, Болт из камня Нижнего мира
TConstruct:BoltPart:8, Слизневый болт
TConstruct:BoltPart:9, Бумажный болт
TConstruct:BoltPart:10, Кобальтовый болт
TConstruct:BoltPart:11, Ардитовый болт
TConstruct:BoltPart:139, Очищенносветокаменный болт
TConstruct:BoltPart:12, Мануллиновый болт
TConstruct:BoltPart:140, Осмиевый болт
TConstruct:BoltPart:13, Медный болт
TConstruct:BoltPart:141, Покфениумный болт
TConstruct:BoltPart:14, Бронзовый болт
TConstruct:BoltPart:142, Волшебный болт
TConstruct:BoltPart:15, Алюмитовый болт
TConstruct:BoltPart:143, Истиннокварцевый болт
TConstruct:BoltPart:16, Стальной болт
TConstruct:BoltPart:17, Болт из синей слизи
TConstruct:BoltPart:145, Манастальной болт
TConstruct:BoltPart:18, Болт из свиного железа
TConstruct:BoltPart:146, Террастальной болт
TConstruct:BoltPart:147, Элементиевый болт
TConstruct:BoltPart:148, Деш болт
TConstruct:BoltPart:160, Огненный болт
TConstruct:BoltPart:161, Железнодревесный болт
TConstruct:BoltPart:162, Металлорыцарный болт
TConstruct:BoltPart:163, Стальнолистовый болт
TConstruct:BoltPart:164, Аметистовый болт
TConstruct:BoltPart:165, Перидотовый болт
TConstruct:BoltPart:166, Рубиновый болт
TConstruct:BoltPart:167, Сапфировый болт
TConstruct:BoltPart:171, Тёмностальной болт
TConstruct:BoltPart:172, Пустотнометаллический болт
TConstruct:BoltPart:173, Красноаурумный болт
TConstruct:BoltPart:178, Драконий болт
TConstruct:BoltPart:179, Пробуждённодракониевый болт
TConstruct:BoltPart:180, Клеевой болт
TConstruct:BoltPart:185, Бедрокиевый болт
TConstruct:BoltPart:189, Эндериумовый болт
TConstruct:BoltPart:126, Мифриловый болт
TConstruct:BoltPart:190, Синаловый болт
TConstruct:BoltPart:191, Ламиумовый болт
TConstruct:Shuriken, item.InfiTool.name
TConstruct:ThrowingKnife, item.InfiTool.name
TConstruct:Javelin, item.InfiTool.name
TConstruct:ShortBow, item.InfiTool.name
TConstruct:LongBow, item.InfiTool.name
TConstruct:Crossbow, item.InfiTool.name
TConstruct:ArrowAmmo, item.InfiTool.name
TConstruct:BoltAmmo, item.InfiTool.name
TConstruct:Pattern:0, Схема сюрикэна
TConstruct:Pattern:1, Схема плеча арбалета
TConstruct:Pattern:2, Схема основы арбалета
TConstruct:Pattern:3, Схема плеча лука
TConstruct:Cast:0, Слепок сюрикэна
TConstruct:Cast:1, Слепок плеча арбалета
TConstruct:Cast:2, Слепок основы арбалета
TConstruct:Cast:3, Слепок плеча лука
TConstruct:GlassArrows, item.tconstruct.glassArrows.name
TConstruct:Boneana, Палаш
TConstruct:gearCast, Слепок шестерни
ExtraTiC:funStuffIngot:0, Волшебный слиток
ExtraTiC:funStuffIngot:1, Покфениумный слиток
ExtraTiC:funStuffIngot:2, Слиток красного аурума
ExtraTiC:drulloyIngot:0, Драллоевый слиток
ExtraTiC:arrowhead:139, Наконечник стрелы из очищенного светокамня
ExtraTiC:arrowhead:140, Осмиевый наконечник стрелы
ExtraTiC:arrowhead:141, Покфениумный наконечник стрелы
ExtraTiC:arrowhead:142, Волшебный наконечник стрелы
ExtraTiC:arrowhead:143, Наконечник стрелы из истинного кварца
ExtraTiC:arrowhead:145, Наконечник стрелы из манастали
ExtraTiC:arrowhead:146, Наконечник стрелы из террастали
ExtraTiC:arrowhead:147, Элементиевый наконечник стрелы
ExtraTiC:arrowhead:148, Наконечник стрелы из деш
ExtraTiC:arrowhead:160, Огненный наконечник стрелы
ExtraTiC:arrowhead:161, Наконечник стрелы из железного дерева
ExtraTiC:arrowhead:162, Наконечник стрелы из металла рыцаря
ExtraTiC:arrowhead:163, Наконечник стрелы из стального листа
ExtraTiC:arrowhead:164, Аметистовый наконечник стрелы
ExtraTiC:arrowhead:165, Перидотовый наконечник стрелы
ExtraTiC:arrowhead:166, Рубиновый наконечник стрелы
ExtraTiC:arrowhead:167, Сапфировый наконечник стрелы
ExtraTiC:arrowhead:171, Наконечник стрелы из тёмной стали
ExtraTiC:arrowhead:172, Наконечник стрелы из пустотного металла
ExtraTiC:arrowhead:173, Наконечник стрелы из красного аурума
ExtraTiC:arrowhead:178, Наконечник стрелы из дракония
ExtraTiC:arrowhead:179, Наконечник стрелы из пробуждённого дракония
ExtraTiC:arrowhead:180, Наконечник стрелы из клея
ExtraTiC:arrowhead:185, Наконечник стрелы из бедрокия
ExtraTiC:arrowhead:189, Наконечник стрелы из эндериума
ExtraTiC:arrowhead:126, Мифриловый наконечник стрелы
ExtraTiC:arrowhead:190, Синал наконечник стрелы
ExtraTiC:arrowhead:191, Ламиум наконечник стрелы
ExtraTiC:axeHead:139, Обух топора из очищенного светокамня
ExtraTiC:axeHead:140, Осмиевый обух топора
ExtraTiC:axeHead:141, Покфениумный обух топора
ExtraTiC:axeHead:142, Волшебный обух топора
ExtraTiC:axeHead:143, Обух топора из истинного кварца
ExtraTiC:axeHead:145, Обух топора из манастали
ExtraTiC:axeHead:146, Обух топора из террастали
ExtraTiC:axeHead:147, Элементиевый обух топора
ExtraTiC:axeHead:148, Обух топора из деш
ExtraTiC:axeHead:160, Огненный обух топора
ExtraTiC:axeHead:161, Обух топора из железного дерева
ExtraTiC:axeHead:162, Обух топора из металла рыцаря
ExtraTiC:axeHead:163, Обух топора из стального листа
ExtraTiC:axeHead:164, Аметистовый обух топора
ExtraTiC:axeHead:165, Перидотовый обух топора
ExtraTiC:axeHead:166, Рубиновый обух топора
ExtraTiC:axeHead:167, Сапфировый обух топора
ExtraTiC:axeHead:171, Обух топора из тёмной стали
ExtraTiC:axeHead:172, Обух топора из пустотного металла
ExtraTiC:axeHead:173, Обух топора из красного аурума
ExtraTiC:axeHead:178, Обух топора из дракония
ExtraTiC:axeHead:179, Обух топора из пробуждённого дракония
ExtraTiC:axeHead:180, Обух топора из клея
ExtraTiC:axeHead:185, Обух топора из бедрокия
ExtraTiC:axeHead:189, Обух топора из эндериума
ExtraTiC:axeHead:126, Мифриловый обух топора
ExtraTiC:axeHead:190, Синал обух топора
ExtraTiC:axeHead:191, Ламиум обух топора
ExtraTiC:battelSign:139, Боевая табличка из очищенного светокамня
ExtraTiC:battelSign:140, Осмиевая боевая табличка
ExtraTiC:battelSign:141, Покфениумная боевая табличка
ExtraTiC:battelSign:142, Волшебная боевая табличка
ExtraTiC:battelSign:143, Боевая табличка из истинного кварца
ExtraTiC:battelSign:145, Боевая табличка из манастали
ExtraTiC:battelSign:146, Боевая табличка из террастали
ExtraTiC:battelSign:147, Элементиевая боевая табличка
ExtraTiC:battelSign:148, Боевая табличка из деш
ExtraTiC:battelSign:160, Огненная боевая табличка
ExtraTiC:battelSign:161, Боевая табличка из железного дерева
ExtraTiC:battelSign:162, Боевая табличка из металла рыцаря
ExtraTiC:battelSign:163, Стальнолистовый боевая табличка
ExtraTiC:battelSign:164, Аметистовая боевая табличка
ExtraTiC:battelSign:165, Перидотовая боевая табличка
ExtraTiC:battelSign:166, Рубиновая боевая табличка
ExtraTiC:battelSign:167, Сапфировая боевая табличка
ExtraTiC:battelSign:171, Боевая табличка из тёмной стали
ExtraTiC:battelSign:172, Боевая табличка из пустотного металла
ExtraTiC:battelSign:173, Боевая табличка из красного аурума
ExtraTiC:battelSign:178, Боевая табличка из дракония
ExtraTiC:battelSign:179, Боевая табличка из пробуждённого дракония
ExtraTiC:battelSign:180, Боевая табличка из клея
ExtraTiC:battelSign:185, Боевая табличка из бедрокия
ExtraTiC:battelSign:189, Боевая табличка из эндериума
ExtraTiC:battelSign:126, Мифриловая боевая табличка
ExtraTiC:battelSign:190, Синаловая боевая табличка
ExtraTiC:battelSign:191, Ламиумовая боевая табличка
ExtraTiC:binding:139, Крепление из очищенного светокамня
ExtraTiC:binding:140, Осмиевое крепление
ExtraTiC:binding:141, Покфениумное крепление
ExtraTiC:binding:142, Волшебное крепление
ExtraTiC:binding:143, Крепление из истинного кварца
ExtraTiC:binding:145, Крепление из манастали
ExtraTiC:binding:146, Крепление из террастали
ExtraTiC:binding:147, Элементиевое крепление
ExtraTiC:binding:148, Крепление из деш
ExtraTiC:binding:160, Огненное крепление
ExtraTiC:binding:161, Крепление из железного дерева
ExtraTiC:binding:162, Крепление из металла рыцаря
ExtraTiC:binding:163, Крепление из стального листа
ExtraTiC:binding:164, Аметистовое крепление
ExtraTiC:binding:165, Перидотовое крепление
ExtraTiC:binding:166, Рубиновое крепление
ExtraTiC:binding:167, Сапфировое крепление
ExtraTiC:binding:171, Крепление из тёмной стали
ExtraTiC:binding:172, Крепление из пустотного металла
ExtraTiC:binding:173, Крепление из красного аурума
ExtraTiC:binding:178, Крепление из дракония
ExtraTiC:binding:179, Крепление из пробуждённого дракония
ExtraTiC:binding:180, Крепление из клея
ExtraTiC:binding:185, Крепление из бедрокия
ExtraTiC:binding:189, Крепление из эндериума
ExtraTiC:binding:126, Мифриловое крепление
ExtraTiC:binding:190, Синаловое крепление
ExtraTiC:binding:191, Ламиумовое крепление
ExtraTiC:chiselHead:139, Лезвие стамески из очищенного светокамня
ExtraTiC:chiselHead:140, Осмиевое лезвие стамески
ExtraTiC:chiselHead:141, Покфениумное лезвие стамески
ExtraTiC:chiselHead:142, Волшебное лезвие стамески
ExtraTiC:chiselHead:143, Лезвие стамески из истинного кварца
ExtraTiC:chiselHead:145, Лезвие стамески из манастали
ExtraTiC:chiselHead:146, Лезвие стамески из террастали
ExtraTiC:chiselHead:147, Элементиевое лезвие стамески
ExtraTiC:chiselHead:148, Лезвие стамески из деш
ExtraTiC:chiselHead:160, Огненное лезвие стамески
ExtraTiC:chiselHead:161, Лезвие стамески из железного дерева
ExtraTiC:chiselHead:162, Лезвие стамески из металла рыцаря
ExtraTiC:chiselHead:163, Лезвие стамески из стального листа
ExtraTiC:chiselHead:164, Аметистовое лезвие стамески
ExtraTiC:chiselHead:165, Перидотовое лезвие стамески
ExtraTiC:chiselHead:166, Рубиновое лезвие стамески
ExtraTiC:chiselHead:167, Сапфировое лезвие стамески
ExtraTiC:chiselHead:171, Лезвие стамески из тёмной стали
ExtraTiC:chiselHead:172, Лезвие стамески из пустотного металла
ExtraTiC:chiselHead:173, Лезвие стамески из красного аурума
ExtraTiC:chiselHead:178, Лезвие стамески из дракония
ExtraTiC:chiselHead:179, Лезвие стамески из пробуждённого дракония
ExtraTiC:chiselHead:180, Лезвие стамески из клея
ExtraTiC:chiselHead:185, Лезвие стамески из бедрокия
ExtraTiC:chiselHead:189, Лезвие стамески из эндериума
ExtraTiC:chiselHead:126, Мифриловое лезвие стамески
ExtraTiC:chiselHead:190, Синаловое лезвие стамески
ExtraTiC:chiselHead:191, Ламиумовое лезвие стамески
ExtraTiC:chunk:139, Кусок из очищенного светокамня
ExtraTiC:chunk:140, Осмиевый кусок
ExtraTiC:chunk:141, Покфениумный кусок
ExtraTiC:chunk:142, Волшебный кусок
ExtraTiC:chunk:143, Кусок из истинного кварца
ExtraTiC:chunk:145, Кусок из манастали
ExtraTiC:chunk:146, Кусок из террастали
ExtraTiC:chunk:147, Элементиевый кусок
ExtraTiC:chunk:148, Кусок из деш
ExtraTiC:chunk:160, Огненный кусок
ExtraTiC:chunk:161, Кусок из железного дерева
ExtraTiC:chunk:162, Кусок из металла рыцаря
ExtraTiC:chunk:163, Стальнолистовый кусок
ExtraTiC:chunk:164, Аметистовый кусок
ExtraTiC:chunk:165, Перидотовый кусок
ExtraTiC:chunk:166, Рубиновый кусок
ExtraTiC:chunk:167, Сапфировый кусок
ExtraTiC:chunk:171, Кусок из тёмной стали
ExtraTiC:chunk:172, Кусок из пустотного металла
ExtraTiC:chunk:173, Кусок из красного аурума
ExtraTiC:chunk:178, Кусок из дракония
ExtraTiC:chunk:179, Кусок из пробуждённого дракония
ExtraTiC:chunk:180, Кусок из клея
ExtraTiC:chunk:185, Кусок из бедрокия
ExtraTiC:chunk:189, Кусок из эндериума
ExtraTiC:chunk:126, Мифриловый кусок
ExtraTiC:chunk:190, Синал кусок
ExtraTiC:chunk:191, Ламиум кусок
ExtraTiC:crossbar:139, Поперечная гарда из очищенного светокамня
ExtraTiC:crossbar:140, Осмиевая поперечная гарда
ExtraTiC:crossbar:141, Покфениумная поперечная гарда
ExtraTiC:crossbar:142, Волшебная поперечная гарда
ExtraTiC:crossbar:143, Поперечная гарда из истинного кварца
ExtraTiC:crossbar:145, Поперечная гарда из манастали
ExtraTiC:crossbar:146, Поперечная гарда из террастали
ExtraTiC:crossbar:147, Элементиевая поперечная гарда
ExtraTiC:crossbar:148, Поперечная гарда из деш
ExtraTiC:crossbar:160, Огненная поперечная гарда
ExtraTiC:crossbar:161, Поперечная гарда из железного дерева
ExtraTiC:crossbar:162, Поперечная гарда из металла рыцаря
ExtraTiC:crossbar:163, Поперечная гарда из стального листа
ExtraTiC:crossbar:164, Аметистовая поперечная гарда
ExtraTiC:crossbar:165, Перидотовая поперечная гарда
ExtraTiC:crossbar:166, Рубиновая поперечная гарда
ExtraTiC:crossbar:167, Сапфировая поперечная гарда
ExtraTiC:crossbar:171, Поперечная гарда из тёмной стали
ExtraTiC:crossbar:172, Поперечная гарда из пустотного металла
ExtraTiC:crossbar:173, Поперечная гарда из красного аурума
ExtraTiC:crossbar:178, Поперечная гарда из дракония
ExtraTiC:crossbar:179, Поперечная гарда из пробуждённого дракония
ExtraTiC:crossbar:180, Поперечная гарда из клея
ExtraTiC:crossbar:185, Поперечная гарда из бедрокия
ExtraTiC:crossbar:189, Поперечная гарда из эндериума
ExtraTiC:crossbar:126, Мифриловая поперечная гарда
ExtraTiC:crossbar:190, Синаловая поперечная гарда
ExtraTiC:crossbar:191, Ламиумовая поперечная гарда
ExtraTiC:excavatorHead:139, Пластина копалки из очищенного светокамня
ExtraTiC:excavatorHead:140, Осмиевая пластина копалки
ExtraTiC:excavatorHead:141, Покфениумная пластина копалки
ExtraTiC:excavatorHead:142, Волшебная пластина копалки
ExtraTiC:excavatorHead:143, Пластина копалки из истинного кварца
ExtraTiC:excavatorHead:145, Пластина копалки из манастали
ExtraTiC:excavatorHead:146, Пластина копалки из террастали
ExtraTiC:excavatorHead:147, Элементиевая пластина копалки
ExtraTiC:excavatorHead:148, Пластина копалки из деш
ExtraTiC:excavatorHead:160, Огненная пластина копалки
ExtraTiC:excavatorHead:161, Пластина копалки из железного дерева
ExtraTiC:excavatorHead:162, Пластина копалки из металла рыцаря
ExtraTiC:excavatorHead:163, Пластина копалки из стального листа
ExtraTiC:excavatorHead:164, Аметистовая пластина копалки
ExtraTiC:excavatorHead:165, Перидотовая пластина копалки
ExtraTiC:excavatorHead:166, Рубиновая пластина копалки
ExtraTiC:excavatorHead:167, Сапфировая пластина копалки
ExtraTiC:excavatorHead:171, Пластина копалки из тёмной стали
ExtraTiC:excavatorHead:172, Пластина копалки из пустотного металла
ExtraTiC:excavatorHead:173, Пластина копалки из красного аурума
ExtraTiC:excavatorHead:178, Пластина копалки из дракония
ExtraTiC:excavatorHead:179, Пластина копалки из пробуждённого дракония
ExtraTiC:excavatorHead:180, Пластина копалки из клея
ExtraTiC:excavatorHead:185, Пластина копалки из бедрокия
ExtraTiC:excavatorHead:189, Пластина копалки из эндериума
ExtraTiC:excavatorHead:126, Мифриловая пластина копалки
ExtraTiC:excavatorHead:190, Синаловая пластина копалки
ExtraTiC:excavatorHead:191, Ламиумовая пластина копалки
ExtraTiC:frypanHead:139, Сковорода из очищенного светокамня
ExtraTiC:frypanHead:140, Осмиевая сковорода
ExtraTiC:frypanHead:141, Покфениумная сковорода
ExtraTiC:frypanHead:142, Волшебная сковорода
ExtraTiC:frypanHead:143, Сковорода из истинного кварца
ExtraTiC:frypanHead:145, Сковорода из манастали
ExtraTiC:frypanHead:146, Сковорода из террастали
ExtraTiC:frypanHead:147, Элементиевая сковорода
ExtraTiC:frypanHead:148, Сковорода из деш
ExtraTiC:frypanHead:160, Огненная сковорода
ExtraTiC:frypanHead:161, Сковорода из железного дерева
ExtraTiC:frypanHead:162, Сковорода из металла рыцаря
ExtraTiC:frypanHead:163, Сковорода из стального листа
ExtraTiC:frypanHead:164, Аметистовая сковорода
ExtraTiC:frypanHead:165, Перидотовая сковорода
ExtraTiC:frypanHead:166, Рубиновая сковорода
ExtraTiC:frypanHead:167, Сапфировая сковорода
ExtraTiC:frypanHead:171, Сковорода из тёмной стали
ExtraTiC:frypanHead:172, Сковорода из пустотного металла
ExtraTiC:frypanHead:173, Сковорода из красного аурума
ExtraTiC:frypanHead:178, Сковорода из дракония
ExtraTiC:frypanHead:179, Сковорода из пробуждённого дракония
ExtraTiC:frypanHead:180, Сковорода из клея
ExtraTiC:frypanHead:185, Сковорода из бедрокия
ExtraTiC:frypanHead:189, Сковорода из эндериума
ExtraTiC:frypanHead:126, Мифриловая сковорода
ExtraTiC:frypanHead:190, Синаловая сковорода
ExtraTiC:frypanHead:191, Ламиумовая сковорода
ExtraTiC:fullGuard:139, Полная гарда из очищенного светокамня
ExtraTiC:fullGuard:140, Осмиевая полная гарда
ExtraTiC:fullGuard:141, Покфениумная полная гарда
ExtraTiC:fullGuard:142, Волшебная полная гарда
ExtraTiC:fullGuard:143, Полная гарда из истинного кварца
ExtraTiC:fullGuard:145, Полная гарда из манастали
ExtraTiC:fullGuard:146, Полная гарда из террастали
ExtraTiC:fullGuard:147, Элементиевая полная гарда
ExtraTiC:fullGuard:148, Полная гарда из деш
ExtraTiC:fullGuard:160, Огненная полная гарда
ExtraTiC:fullGuard:161, Полная гарда из железного дерева
ExtraTiC:fullGuard:162, Полная гарда из металла рыцаря
ExtraTiC:fullGuard:163, Полная гарда из стального листа
ExtraTiC:fullGuard:164, Аметистовая полная гарда
ExtraTiC:fullGuard:165, Перидотовая полная гарда
ExtraTiC:fullGuard:166, Рубиновая полная гарда
ExtraTiC:fullGuard:167, Сапфировая полная гарда
ExtraTiC:fullGuard:171, Полная гарда из тёмной стали
ExtraTiC:fullGuard:172, Полная гарда из пустотного металла
ExtraTiC:fullGuard:173, Полная гарда из красного аурума
ExtraTiC:fullGuard:178, Полная гарда из дракония
ExtraTiC:fullGuard:179, Полная гарда из пробуждённого дракония
ExtraTiC:fullGuard:180, Полная гарда из клея
ExtraTiC:fullGuard:185, Полная гарда из бедрокия
ExtraTiC:fullGuard:189, Полная гарда из эндериума
ExtraTiC:fullGuard:126, Мифриловая полная гарда
ExtraTiC:fullGuard:190, Синаловая полная гарда
ExtraTiC:fullGuard:191, Ламиумовая полная гарда
ExtraTiC:hammerHead:139, Боёк молота из очищенного светокамня
ExtraTiC:hammerHead:140, Осмиевый боёк молота
ExtraTiC:hammerHead:141, Покфениумный боёк молота
ExtraTiC:hammerHead:142, Волшебный боёк молота
ExtraTiC:hammerHead:143, Боёк молота из истинного кварца
ExtraTiC:hammerHead:145, Боёк молота из манастали
ExtraTiC:hammerHead:146, Боёк молота из террастали
ExtraTiC:hammerHead:147, Элементиевый боёк молота
ExtraTiC:hammerHead:148, Боёк молота из деш
ExtraTiC:hammerHead:160, Огненный боёк молота
ExtraTiC:hammerHead:161, Боёк молота из железного дерева
ExtraTiC:hammerHead:162, Боёк молота из металла рыцаря
ExtraTiC:hammerHead:163, Боёк молота из стального листа
ExtraTiC:hammerHead:164, Аметистовый боёк молота
ExtraTiC:hammerHead:165, Перидотовый боёк молота
ExtraTiC:hammerHead:166, Рубиновый боёк молота
ExtraTiC:hammerHead:167, Сапфировый боёк молота
ExtraTiC:hammerHead:171, Боёк молота из тёмной стали
ExtraTiC:hammerHead:172, Боёк молота из пустотного металла
ExtraTiC:hammerHead:173, Боёк молота из красного аурума
ExtraTiC:hammerHead:178, Боёк молота из дракония
ExtraTiC:hammerHead:179, Боёк молота из пробуждённого дракония
ExtraTiC:hammerHead:180, Боёк молота из клея
ExtraTiC:hammerHead:185, Боёк молота из бедрокия
ExtraTiC:hammerHead:189, Боёк молота из эндериума
ExtraTiC:hammerHead:126, Мифриловый боёк молота
ExtraTiC:hammerHead:190, Синал боёк молота
ExtraTiC:hammerHead:191, Ламиум боёк молота
ExtraTiC:knifeBlade:139, Лезвие ножа из очищенного светокамня
ExtraTiC:knifeBlade:140, Осмиевое лезвие ножа
ExtraTiC:knifeBlade:141, Покфениумное лезвие ножа
ExtraTiC:knifeBlade:142, Волшебное лезвие ножа
ExtraTiC:knifeBlade:143, Лезвие ножа из истинного кварца
ExtraTiC:knifeBlade:145, Лезвие ножа из манастали
ExtraTiC:knifeBlade:146, Лезвие ножа из террастали
ExtraTiC:knifeBlade:147, Элементиевое лезвие ножа
ExtraTiC:knifeBlade:148, Лезвие ножа из деш
ExtraTiC:knifeBlade:160, Огненное лезвие ножа
ExtraTiC:knifeBlade:161, Лезвие ножа из железного дерева
ExtraTiC:knifeBlade:162, Лезвие ножа из металла рыцаря
ExtraTiC:knifeBlade:163, Лезвие ножа из стального листа
ExtraTiC:knifeBlade:164, Аметистовое лезвие ножа
ExtraTiC:knifeBlade:165, Перидотовое лезвие ножа
ExtraTiC:knifeBlade:166, Рубиновое лезвие ножа
ExtraTiC:knifeBlade:167, Сапфировое лезвие ножа
ExtraTiC:knifeBlade:171, Лезвие ножа из тёмной стали
ExtraTiC:knifeBlade:172, Лезвие ножа из пустотного металла
ExtraTiC:knifeBlade:173, Лезвие ножа из красного аурума
ExtraTiC:knifeBlade:178, Лезвие ножа из дракония
ExtraTiC:knifeBlade:179, Лезвие ножа из пробуждённого дракония
ExtraTiC:knifeBlade:180, Лезвие ножа из клея
ExtraTiC:knifeBlade:185, Лезвие ножа из бедрокия
ExtraTiC:knifeBlade:189, Лезвие ножа из эндериума
ExtraTiC:knifeBlade:126, Мифриловое лезвие ножа
ExtraTiC:knifeBlade:190, Синаловое лезвие ножа
ExtraTiC:knifeBlade:191, Ламиумовое лезвие ножа
ExtraTiC:largeGuard:139, Широкая гарда из очищенного светокамня
ExtraTiC:largeGuard:140, Осмиевая широкая гарда
ExtraTiC:largeGuard:141, Покфениумная широкая гарда
ExtraTiC:largeGuard:142, Волшебная широкая гарда
ExtraTiC:largeGuard:143, Широкая гарда из истинного кварца
ExtraTiC:largeGuard:145, Широкая гарда из манастали
ExtraTiC:largeGuard:146, Широкая гарда из террастали
ExtraTiC:largeGuard:147, Элементиевая широкая гарда
ExtraTiC:largeGuard:148, Широкая гарда из деш
ExtraTiC:largeGuard:160, Огненная широкая гарда
ExtraTiC:largeGuard:161, Широкая гарда из железного дерева
ExtraTiC:largeGuard:162, Широкая гарда из металла рыцаря
ExtraTiC:largeGuard:163, Широкая гарда из стального листа
ExtraTiC:largeGuard:164, Аметистовая широкая гарда
ExtraTiC:largeGuard:165, Перидотовая широкая гарда
ExtraTiC:largeGuard:166, Рубиновая широкая гарда
ExtraTiC:largeGuard:167, Сапфировая широкая гарда
ExtraTiC:largeGuard:171, Широкая гарда из тёмной стали
ExtraTiC:largeGuard:172, Широкая гарда из пустотного металла
ExtraTiC:largeGuard:173, Широкая гарда из красного аурума
ExtraTiC:largeGuard:178, Широкая гарда из дракония
ExtraTiC:largeGuard:179, Широкая гарда из пробуждённого дракония
ExtraTiC:largeGuard:180, Широкая гарда из клея
ExtraTiC:largeGuard:185, Широкая гарда из бедрокия
ExtraTiC:largeGuard:189, Широкая гарда из эндериума
ExtraTiC:largeGuard:126, Мифриловая широкая гарда
ExtraTiC:largeGuard:190, Синаловая широкая гарда
ExtraTiC:largeGuard:191, Ламиумовая широкая гарда
ExtraTiC:largeSwordBlade:139, Большое лезвие меча из очищенного светокамня
ExtraTiC:largeSwordBlade:140, Осмиевое большое лезвие меча
ExtraTiC:largeSwordBlade:141, Покфениумное большое лезвие меча
ExtraTiC:largeSwordBlade:142, Волшебное большое лезвие меча
ExtraTiC:largeSwordBlade:143, Большое лезвие меча из истинного кварца
ExtraTiC:largeSwordBlade:145, Большое лезвие меча из манастали
ExtraTiC:largeSwordBlade:146, Большое лезвие меча из террастали
ExtraTiC:largeSwordBlade:147, Элементиевое большое лезвие меча
ExtraTiC:largeSwordBlade:148, Большое лезвие меча из деш
ExtraTiC:largeSwordBlade:160, Огненное большое лезвие меча
ExtraTiC:largeSwordBlade:161, Большое лезвие меча из железного дерева
ExtraTiC:largeSwordBlade:162, Большое лезвие меча из металла рыцаря
ExtraTiC:largeSwordBlade:163, Большое лезвие меча из стального листа
ExtraTiC:largeSwordBlade:164, Аметистовое большое лезвие меча
ExtraTiC:largeSwordBlade:165, Перидотовое большое лезвие меча
ExtraTiC:largeSwordBlade:166, Рубиновое большое лезвие меча
ExtraTiC:largeSwordBlade:167, Сапфировое большое лезвие меча
ExtraTiC:largeSwordBlade:171, Большое лезвие меча из тёмной стали
ExtraTiC:largeSwordBlade:172, Большое лезвие меча из пустотного металла
ExtraTiC:largeSwordBlade:173, Большое лезвие меча из красного аурума
ExtraTiC:largeSwordBlade:178, Большое лезвие меча из дракония
ExtraTiC:largeSwordBlade:179, Большое лезвие меча из пробуждённого дракония
ExtraTiC:largeSwordBlade:180, Большое лезвие меча из клея
ExtraTiC:largeSwordBlade:185, Большое лезвие меча из бедрокия
ExtraTiC:largeSwordBlade:189, Большое лезвие меча из эндериума
ExtraTiC:largeSwordBlade:126, Мифриловое большое лезвие меча
ExtraTiC:largeSwordBlade:190, Синаловое большое лезвие меча
ExtraTiC:largeSwordBlade:191, Ламиумовое большое лезвие меча
ExtraTiC:largeplate:139, Очищенносветокаменный большая пластина
ExtraTiC:largeplate:140, Осмиевая большая пластина
ExtraTiC:largeplate:141, Покфениумная большая пластина
ExtraTiC:largeplate:142, Волшебная большая пластина
ExtraTiC:largeplate:143, Истиннокварцевый большая пластина
ExtraTiC:largeplate:145, Манастальной большая пластина
ExtraTiC:largeplate:146, Террастальной большая пластина
ExtraTiC:largeplate:147, Элементиевая большая пластина
ExtraTiC:largeplate:148, Деш большая пластина
ExtraTiC:largeplate:160, Огненная большая пластина
ExtraTiC:largeplate:161, Железнодревесный большая пластина
ExtraTiC:largeplate:162, Металлорыцарный большая пластина
ExtraTiC:largeplate:163, Стальнолистовый большая пластина
ExtraTiC:largeplate:164, Аметистовая большая пластина
ExtraTiC:largeplate:165, Перидотовая большая пластина
ExtraTiC:largeplate:166, Рубиновая большая пластина
ExtraTiC:largeplate:167, Сапфировая большая пластина
ExtraTiC:largeplate:171, Тёмностальной большая пластина
ExtraTiC:largeplate:172, Пустотнометаллический большая пластина
ExtraTiC:largeplate:173, Красноаурумный большая пластина
ExtraTiC:largeplate:178, Драконий большая пластина
ExtraTiC:largeplate:179, Пробуждённодракониевый большая пластина
ExtraTiC:largeplate:180, Клеевой большая пластина
ExtraTiC:largeplate:185, Бедрокий большая пластина
ExtraTiC:largeplate:189, Эндериум большая пластина
ExtraTiC:largeplate:126, Мифриловая большая пластина
ExtraTiC:largeplate:190, Синаловая большая пластина
ExtraTiC:largeplate:191, Ламиумовая большая пластина
ExtraTiC:lumberaxeHead:139, Очищенносветокаменный большой обух топора
ExtraTiC:lumberaxeHead:140, Осмиевый большой обух топора
ExtraTiC:lumberaxeHead:141, Покфениумный большой обух топора
ExtraTiC:lumberaxeHead:142, Волшебный большой обух топора
ExtraTiC:lumberaxeHead:143, Истиннокварцевый большой обух топора
ExtraTiC:lumberaxeHead:145, Манастальной большой обух топора
ExtraTiC:lumberaxeHead:146, Террастальной большой обух топора
ExtraTiC:lumberaxeHead:147, Элементиевый большой обух топора
ExtraTiC:lumberaxeHead:148, Деш большой обух топора
ExtraTiC:lumberaxeHead:160, Огненный большой обух топора
ExtraTiC:lumberaxeHead:161, Железнодревесный большой обух топора
ExtraTiC:lumberaxeHead:162, Металлорыцарный большой обух топора
ExtraTiC:lumberaxeHead:163, Стальнолистовый большой обух топора
ExtraTiC:lumberaxeHead:164, Аметистовый большой обух топора
ExtraTiC:lumberaxeHead:165, Перидотовый большой обух топора
ExtraTiC:lumberaxeHead:166, Рубиновый большой обух топора
ExtraTiC:lumberaxeHead:167, Сапфировый большой обух топора
ExtraTiC:lumberaxeHead:171, Тёмностальной большой обух топора
ExtraTiC:lumberaxeHead:172, Пустотнометаллический большой обух топора
ExtraTiC:lumberaxeHead:173, Красноаурумный большой обух топора
ExtraTiC:lumberaxeHead:178, Драконий большой обух топора
ExtraTiC:lumberaxeHead:179, Пробуждённодракониевый большой обух топора
ExtraTiC:lumberaxeHead:180, Клеевой большой обух топора
ExtraTiC:lumberaxeHead:185, Бедрокий большой обух топора
ExtraTiC:lumberaxeHead:189, Эндериум большой обух топора
ExtraTiC:lumberaxeHead:126, Мифриловый большой обух топора
ExtraTiC:lumberaxeHead:190, Синал большой обух топора
ExtraTiC:lumberaxeHead:191, Ламиум большой обух топора
ExtraTiC:mediumGuard:139, Малая гарда из очищенного светокамня
ExtraTiC:mediumGuard:140, Осмиевая малая гарда
ExtraTiC:mediumGuard:141, Покфениумная малая гарда
ExtraTiC:mediumGuard:142, Волшебная малая гарда
ExtraTiC:mediumGuard:143, Малая гарда из истинного кварца
ExtraTiC:mediumGuard:145, Малая гарда из манастали
ExtraTiC:mediumGuard:146, Малая гарда из террастали
ExtraTiC:mediumGuard:147, Элементиевая малая гарда
ExtraTiC:mediumGuard:148, Малая гарда из деш
ExtraTiC:mediumGuard:160, Огненная малая гарда
ExtraTiC:mediumGuard:161, Малая гарда из железного дерева
ExtraTiC:mediumGuard:162, Малая гарда из металла рыцаря
ExtraTiC:mediumGuard:163, Малая гарда из стального листа
ExtraTiC:mediumGuard:164, Аметистовая малая гарда
ExtraTiC:mediumGuard:165, Перидотовая малая гарда
ExtraTiC:mediumGuard:166, Рубиновая малая гарда
ExtraTiC:mediumGuard:167, Сапфировая малая гарда
ExtraTiC:mediumGuard:171, Малая гарда из тёмной стали
ExtraTiC:mediumGuard:172, Малая гарда из пустотного металла
ExtraTiC:mediumGuard:173, Малая гарда из красного аурума
ExtraTiC:mediumGuard:178, Малая гарда из дракония
ExtraTiC:mediumGuard:179, Малая гарда из пробуждённого дракония
ExtraTiC:mediumGuard:180, Малая гарда из клея
ExtraTiC:mediumGuard:185, Малая гарда из бедрокия
ExtraTiC:mediumGuard:189, Малая гарда из эндериума
ExtraTiC:mediumGuard:126, Мифриловая малая гарда
ExtraTiC:mediumGuard:190, Синаловая малая гарда
ExtraTiC:mediumGuard:191, Ламиумовая малая гарда
ExtraTiC:pickaxeHead:139, Обух кирки из очищенного светокамня
ExtraTiC:pickaxeHead:140, Осмиевый обух кирки
ExtraTiC:pickaxeHead:141, Покфениумный обух кирки
ExtraTiC:pickaxeHead:142, Волшебный обух кирки
ExtraTiC:pickaxeHead:143, Обух кирки из истинного кварца
ExtraTiC:pickaxeHead:145, Обух кирки из манастали
ExtraTiC:pickaxeHead:146, Обух кирки из террастали
ExtraTiC:pickaxeHead:147, Элементиевый обух кирки
ExtraTiC:pickaxeHead:148, Обух кирки из деш
ExtraTiC:pickaxeHead:160, Огненный обух кирки
ExtraTiC:pickaxeHead:161, Обух кирки из железного дерева
ExtraTiC:pickaxeHead:162, Обух кирки из металла рыцаря
ExtraTiC:pickaxeHead:163, Обух кирки из стального листа
ExtraTiC:pickaxeHead:164, Аметистовый обух кирки
ExtraTiC:pickaxeHead:165, Перидотовый обух кирки
ExtraTiC:pickaxeHead:166, Рубиновый обух кирки
ExtraTiC:pickaxeHead:167, Сапфировый обух кирки
ExtraTiC:pickaxeHead:171, Обух кирки из тёмной стали
ExtraTiC:pickaxeHead:172, Обух кирки из пустотного металла
ExtraTiC:pickaxeHead:173, Обух кирки из красного аурума
ExtraTiC:pickaxeHead:178, Обух кирки из дракония
ExtraTiC:pickaxeHead:179, Обух кирки из пробуждённого дракония
ExtraTiC:pickaxeHead:180, Обух кирки из клея
ExtraTiC:pickaxeHead:185, Обух кирки из бедрокия
ExtraTiC:pickaxeHead:189, Обух кирки из эндериума
ExtraTiC:pickaxeHead:126, Мифриловый обух кирки
ExtraTiC:pickaxeHead:190, Синал обух кирки
ExtraTiC:pickaxeHead:191, Ламиум обух кирки
ExtraTiC:scytheHead:139, Лезвие косы из очищенного светокамня
ExtraTiC:scytheHead:140, Осмиевое лезвие косы
ExtraTiC:scytheHead:141, Покфениумное лезвие косы
ExtraTiC:scytheHead:142, Волшебное лезвие косы
ExtraTiC:scytheHead:143, Лезвие косы из истинного кварца
ExtraTiC:scytheHead:145, Лезвие косы из манастали
ExtraTiC:scytheHead:146, Лезвие косы из террастали
ExtraTiC:scytheHead:147, Элементиевое лезвие косы
ExtraTiC:scytheHead:148, Лезвие косы из деш
ExtraTiC:scytheHead:160, Огненное лезвие косы
ExtraTiC:scytheHead:161, Лезвие косы из железного дерева
ExtraTiC:scytheHead:162, Лезвие косы из металла рыцаря
ExtraTiC:scytheHead:163, Лезвие косы из стального листа
ExtraTiC:scytheHead:164, Аметистовое лезвие косы
ExtraTiC:scytheHead:165, Перидотовое лезвие косы
ExtraTiC:scytheHead:166, Рубиновое лезвие косы
ExtraTiC:scytheHead:167, Сапфировое лезвие косы
ExtraTiC:scytheHead:171, Лезвие косы из тёмной стали
ExtraTiC:scytheHead:172, Лезвие косы из пустотного металла
ExtraTiC:scytheHead:173, Лезвие косы из красного аурума
ExtraTiC:scytheHead:178, Лезвие косы из дракония
ExtraTiC:scytheHead:179, Лезвие косы из пробуждённого дракония
ExtraTiC:scytheHead:180, Лезвие косы из клея
ExtraTiC:scytheHead:185, Лезвие косы из бедрокия
ExtraTiC:scytheHead:189, Лезвие косы из эндериума
ExtraTiC:scytheHead:126, Мифриловое лезвие косы
ExtraTiC:scytheHead:190, Синаловое лезвие косы
ExtraTiC:scytheHead:191, Ламиумовое лезвие косы
ExtraTiC:shovelHead:139, Штык лопаты из очищенного светокамня
ExtraTiC:shovelHead:140, Осмиевый штык лопаты
ExtraTiC:shovelHead:141, Покфениумный штык лопаты
ExtraTiC:shovelHead:142, Волшебный штык лопаты
ExtraTiC:shovelHead:143, Штык лопаты из истинного кварца
ExtraTiC:shovelHead:145, Штык лопаты из манастали
ExtraTiC:shovelHead:146, Штык лопаты из террастали
ExtraTiC:shovelHead:147, Элементиевый штык лопаты
ExtraTiC:shovelHead:148, Штык лопаты из деш
ExtraTiC:shovelHead:160, Огненный штык лопаты
ExtraTiC:shovelHead:161, Штык лопаты из железного дерева
ExtraTiC:shovelHead:162, Штык лопаты из металла рыцаря
ExtraTiC:shovelHead:163, Штык лопаты из стального листа
ExtraTiC:shovelHead:164, Аметистовый штык лопаты
ExtraTiC:shovelHead:165, Перидотовый штык лопаты
ExtraTiC:shovelHead:166, Рубиновый штык лопаты
ExtraTiC:shovelHead:167, Сапфировый штык лопаты
ExtraTiC:shovelHead:171, Штык лопаты из тёмной стали
ExtraTiC:shovelHead:172, Штык лопаты из пустотного металла
ExtraTiC:shovelHead:173, Штык лопаты из красного аурума
ExtraTiC:shovelHead:178, Штык лопаты из дракония
ExtraTiC:shovelHead:179, Штык лопаты из пробуждённого дракония
ExtraTiC:shovelHead:180, Штык лопаты из клея
ExtraTiC:shovelHead:185, Штык лопаты из бедрокия
ExtraTiC:shovelHead:189, Штык лопаты из эндериума
ExtraTiC:shovelHead:126, Мифриловый штык лопаты
ExtraTiC:shovelHead:190, Синал штык лопаты
ExtraTiC:shovelHead:191, Ламиум штык лопаты
ExtraTiC:swordBlade:139, Лезвие меча из очищенного светокамня
ExtraTiC:swordBlade:140, Осмиевое лезвие меча
ExtraTiC:swordBlade:141, Покфениумное лезвие меча
ExtraTiC:swordBlade:142, Волшебное лезвие меча
ExtraTiC:swordBlade:143, Лезвие меча из истинного кварца
ExtraTiC:swordBlade:145, Лезвие меча из манастали
ExtraTiC:swordBlade:146, Лезвие меча из террастали
ExtraTiC:swordBlade:147, Элементиевое лезвие меча
ExtraTiC:swordBlade:148, Лезвие меча из деш
ExtraTiC:swordBlade:160, Огненное лезвие меча
ExtraTiC:swordBlade:161, Лезвие меча из железного дерева
ExtraTiC:swordBlade:162, Лезвие меча из металла рыцаря
ExtraTiC:swordBlade:163, Лезвие меча из стального листа
ExtraTiC:swordBlade:164, Аметистовое лезвие меча
ExtraTiC:swordBlade:165, Перидотовое лезвие меча
ExtraTiC:swordBlade:166, Рубиновое лезвие меча
ExtraTiC:swordBlade:167, Сапфировое лезвие меча
ExtraTiC:swordBlade:171, Лезвие меча из тёмной стали
ExtraTiC:swordBlade:172, Лезвие меча из пустотного металла
ExtraTiC:swordBlade:173, Лезвие меча из красного аурума
ExtraTiC:swordBlade:178, Лезвие меча из дракония
ExtraTiC:swordBlade:179, Лезвие меча из пробуждённого дракония
ExtraTiC:swordBlade:180, Лезвие меча из клея
ExtraTiC:swordBlade:185, Лезвие меча из бедрокия
ExtraTiC:swordBlade:189, Лезвие меча из эндериума
ExtraTiC:swordBlade:126, Мифриловое лезвие меча
ExtraTiC:swordBlade:190, Синаловое лезвие меча
ExtraTiC:swordBlade:191, Ламиумовое лезвие меча
ExtraTiC:toolrod:139, Стержень из очищенного светокамня
ExtraTiC:toolrod:140, Осмиевый стержень
ExtraTiC:toolrod:141, Покфениумный стержень
ExtraTiC:toolrod:142, Волшебный стержень
ExtraTiC:toolrod:143, Стержень из истинного кварца
ExtraTiC:toolrod:145, Стержень из манастали
ExtraTiC:toolrod:146, Стержень из террастали
ExtraTiC:toolrod:147, Элементиевый стержень
ExtraTiC:toolrod:148, Стержень из деш
ExtraTiC:toolrod:160, Огненный стержень
ExtraTiC:toolrod:161, Стержень из железного дерева
ExtraTiC:toolrod:162, Стержень из металла рыцаря
ExtraTiC:toolrod:163, Стержень из стального листа
ExtraTiC:toolrod:164, Аметистовый стержень
ExtraTiC:toolrod:165, Перидотовый стержень
ExtraTiC:toolrod:166, Рубиновый стержень
ExtraTiC:toolrod:167, Сапфировый стержень
ExtraTiC:toolrod:171, Стержень из тёмной стали
ExtraTiC:toolrod:172, Стержень из пустотного металла
ExtraTiC:toolrod:173, Стержень из красного аурума
ExtraTiC:toolrod:178, Стержень из дракония
ExtraTiC:toolrod:179, Стержень из пробуждённого дракония
ExtraTiC:toolrod:180, Стержень из клея
ExtraTiC:toolrod:185, Стержень из бедрокия
ExtraTiC:toolrod:189, Стержень из эндериума
ExtraTiC:toolrod:126, Мифриловый стержень
ExtraTiC:toolrod:190, Синал стержень
ExtraTiC:toolrod:191, Ламиум стержень
ExtraTiC:toughbind:139, Очищенносветокаменный прочное крепление
ExtraTiC:toughbind:140, Осмиевое прочное крепление
ExtraTiC:toughbind:141, Покфениумное прочное крепление
ExtraTiC:toughbind:142, Волшебное прочное крепление
ExtraTiC:toughbind:143, Истиннокварцевый прочное крепление
ExtraTiC:toughbind:145, Манастальной прочное крепление
ExtraTiC:toughbind:146, Террастальной прочное крепление
ExtraTiC:toughbind:147, Элементиевое прочное крепление
ExtraTiC:toughbind:148, Деш прочное крепление
ExtraTiC:toughbind:160, Огненное прочное крепление
ExtraTiC:toughbind:161, Железнодревесный прочное крепление
ExtraTiC:toughbind:162, Металлорыцарный прочное крепление
ExtraTiC:toughbind:163, Стальнолистовый прочное крепление
ExtraTiC:toughbind:164, Аметистовое прочное крепление
ExtraTiC:toughbind:165, Перидотовое прочное крепление
ExtraTiC:toughbind:166, Рубиновое прочное крепление
ExtraTiC:toughbind:167, Сапфировое прочное крепление
ExtraTiC:toughbind:171, Тёмностальной прочное крепление
ExtraTiC:toughbind:172, Пустотнометаллический прочное крепление
ExtraTiC:toughbind:173, Красноаурумный прочное крепление
ExtraTiC:toughbind:178, Драконий прочное крепление
ExtraTiC:toughbind:179, Пробуждённодракониевый прочное крепление
ExtraTiC:toughbind:180, Клеевой прочное крепление
ExtraTiC:toughbind:185, Бедрокий прочное крепление
ExtraTiC:toughbind:189, Эндериум прочное крепление
ExtraTiC:toughbind:126, Мифриловое прочное крепление
ExtraTiC:toughbind:190, Синаловое прочное крепление
ExtraTiC:toughbind:191, Ламиумовое прочное крепление
ExtraTiC:toughrod:139, Очищенносветокаменный прочный стержень
ExtraTiC:toughrod:140, Осмиевый прочный стержень
ExtraTiC:toughrod:141, Покфениумный прочный стержень
ExtraTiC:toughrod:142, Волшебный прочный стержень
ExtraTiC:toughrod:143, Истиннокварцевый прочный стержень
ExtraTiC:toughrod:145, Манастальной прочный стержень
ExtraTiC:toughrod:146, Террастальной прочный стержень
ExtraTiC:toughrod:147, Элементиевый прочный стержень
ExtraTiC:toughrod:148, Деш прочный стержень
ExtraTiC:toughrod:160, Огненный прочный стержень
ExtraTiC:toughrod:161, Железнодревесный прочный стержень
ExtraTiC:toughrod:162, Металлорыцарный прочный стержень
ExtraTiC:toughrod:163, Стальнолистовый прочный стержень
ExtraTiC:toughrod:164, Аметистовый прочный стержень
ExtraTiC:toughrod:165, Перидотовый прочный стержень
ExtraTiC:toughrod:166, Рубиновый прочный стержень
ExtraTiC:toughrod:167, Сапфировый прочный стержень
ExtraTiC:toughrod:171, Тёмностальной прочный стержень
ExtraTiC:toughrod:172, Пустотнометаллический прочный стержень
ExtraTiC:toughrod:173, Красноаурумный прочный стержень
ExtraTiC:toughrod:178, Драконий прочный стержень
ExtraTiC:toughrod:179, Пробуждённодракониевый прочный стержень
ExtraTiC:toughrod:180, Клеевой прочный стержень
ExtraTiC:toughrod:185, Бедрокий прочный стержень
ExtraTiC:toughrod:189, Эндериум прочный стержень
ExtraTiC:toughrod:126, Мифриловый прочный стержень
ExtraTiC:toughrod:190, Синал прочный стержень
ExtraTiC:toughrod:191, Ламиум прочный стержень
ExtraTiC:shuriken:139, Сюрикэн из очищенного светокамня
ExtraTiC:shuriken:140, Осмиевый сюрикэн
ExtraTiC:shuriken:141, Покфениумный сюрикэн
ExtraTiC:shuriken:142, Волшебный сюрикэн
ExtraTiC:shuriken:143, Сюрикэн из истинного кварца
ExtraTiC:shuriken:145, Сюрикэн из манастали
ExtraTiC:shuriken:146, Сюрикэн из террастали
ExtraTiC:shuriken:147, Элементиевый сюрикэн
ExtraTiC:shuriken:148, Сюрикэн из деш
ExtraTiC:shuriken:160, Огненный сюрикэн
ExtraTiC:shuriken:161, Сюрикэн из железного дерева
ExtraTiC:shuriken:162, Сюрикэн из металла рыцаря
ExtraTiC:shuriken:163, Сюрикэн из стального листа
ExtraTiC:shuriken:164, Аметистовый сюрикэн
ExtraTiC:shuriken:165, Перидотовый сюрикэн
ExtraTiC:shuriken:166, Рубиновый сюрикэн
ExtraTiC:shuriken:167, Сапфировый сюрикэн
ExtraTiC:shuriken:171, Сюрикэн из тёмной стали
ExtraTiC:shuriken:172, Сюрикэн из пустотного металла
ExtraTiC:shuriken:173, Сюрикэн из красного аурума
ExtraTiC:shuriken:178, Сюрикэн из дракония
ExtraTiC:shuriken:179, Сюрикэн из пробуждённого дракония
ExtraTiC:shuriken:180, Сюрикэн из клея
ExtraTiC:shuriken:185, Сюрикэн из бедрокия
ExtraTiC:shuriken:189, Сюрикэн из эндериума
ExtraTiC:shuriken:126, Мифриловый сюрикэн
ExtraTiC:shuriken:190, Синал сюрикэн
ExtraTiC:shuriken:191, Ламиум сюрикэн
ExtraTiC:BowLimb:139, Плечо лука из очищенного светокамня
ExtraTiC:BowLimb:140, Осмиевое плечо лука
ExtraTiC:BowLimb:141, Покфениумное плечо лука
ExtraTiC:BowLimb:142, Волшебное плечо лука
ExtraTiC:BowLimb:143, Плечо лука из истинного кварца
ExtraTiC:BowLimb:145, Плечо лука из манастали
ExtraTiC:BowLimb:146, Плечо лука из террастали
ExtraTiC:BowLimb:147, Элементиевое плечо лука
ExtraTiC:BowLimb:148, Плечо лука из деш
ExtraTiC:BowLimb:160, Огненное плечо лука
ExtraTiC:BowLimb:161, Плечо лука из железного дерева
ExtraTiC:BowLimb:162, Плечо лука из металла рыцаря
ExtraTiC:BowLimb:163, Плечо лука из стального листа
ExtraTiC:BowLimb:164, Аметистовое плечо лука
ExtraTiC:BowLimb:165, Перидотовое плечо лука
ExtraTiC:BowLimb:166, Рубиновое плечо лука
ExtraTiC:BowLimb:167, Сапфировое плечо лука
ExtraTiC:BowLimb:171, Плечо лука из тёмной стали
ExtraTiC:BowLimb:172, Плечо лука из пустотного металла
ExtraTiC:BowLimb:173, Плечо лука из красного аурума
ExtraTiC:BowLimb:178, Плечо лука из дракония
ExtraTiC:BowLimb:179, Плечо лука из пробуждённого дракония
ExtraTiC:BowLimb:180, Плечо лука из клея
ExtraTiC:BowLimb:185, Плечо лука из бедрокия
ExtraTiC:BowLimb:189, Плечо лука из эндериума
ExtraTiC:BowLimb:126, Мифриловое плечо лука
ExtraTiC:BowLimb:190, Синаловое плечо лука
ExtraTiC:BowLimb:191, Ламиумовое плечо лука
ExtraTiC:CrossbowLimb:139, Плечо арбалета из очищенного светокамня
ExtraTiC:CrossbowLimb:140, Осмиевое плечо арбалета
ExtraTiC:CrossbowLimb:141, Покфениумное плечо арбалета
ExtraTiC:CrossbowLimb:142, Волшебное плечо арбалета
ExtraTiC:CrossbowLimb:143, Плечо арбалета из истинного кварца
ExtraTiC:CrossbowLimb:145, Плечо арбалета из манастали
ExtraTiC:CrossbowLimb:146, Плечо арбалета из террастали
ExtraTiC:CrossbowLimb:147, Элементиевое плечо арбалета
ExtraTiC:CrossbowLimb:148, Плечо арбалета из деш
ExtraTiC:CrossbowLimb:160, Огненное плечо арбалета
ExtraTiC:CrossbowLimb:161, Плечо арбалета из железного дерева
ExtraTiC:CrossbowLimb:162, Плечо арбалета из металла рыцаря
ExtraTiC:CrossbowLimb:163, Плечо арбалета из стального листа
ExtraTiC:CrossbowLimb:164, Аметистовое плечо арбалета
ExtraTiC:CrossbowLimb:165, Перидотовое плечо арбалета
ExtraTiC:CrossbowLimb:166, Рубиновое плечо арбалета
ExtraTiC:CrossbowLimb:167, Сапфировое плечо арбалета
ExtraTiC:CrossbowLimb:171, Плечо арбалета из тёмной стали
ExtraTiC:CrossbowLimb:172, Плечо арбалета из пустотного металла
ExtraTiC:CrossbowLimb:173, Плечо арбалета из красного аурума
ExtraTiC:CrossbowLimb:178, Плечо арбалета из дракония
ExtraTiC:CrossbowLimb:179, Плечо арбалета из пробуждённого дракония
ExtraTiC:CrossbowLimb:180, Плечо арбалета из клея
ExtraTiC:CrossbowLimb:185, Плечо арбалета из бедрокия
ExtraTiC:CrossbowLimb:189, Плечо арбалета из эндериума
ExtraTiC:CrossbowLimb:126, Мифриловое плечо арбалета
ExtraTiC:CrossbowLimb:190, Синаловое плечо арбалета
ExtraTiC:CrossbowLimb:191, Ламиумовое плечо арбалета
ExtraTiC:CrossbowBody:139, Основа арбалета из очищенного светокамня
ExtraTiC:CrossbowBody:140, Осмиевая основа арбалета
ExtraTiC:CrossbowBody:141, Покфениумная основа арбалета
ExtraTiC:CrossbowBody:142, Волшебная основа арбалета
ExtraTiC:CrossbowBody:143, Основа арбалета из истинного кварца
ExtraTiC:CrossbowBody:145, Основа арбалета из манастали
ExtraTiC:CrossbowBody:146, Основа арбалета из террастали
ExtraTiC:CrossbowBody:147, Элементиевая основа арбалета
ExtraTiC:CrossbowBody:148, Основа арбалета из деш
ExtraTiC:CrossbowBody:160, Огненная основа арбалета
ExtraTiC:CrossbowBody:161, Основа арбалета из железного дерева
ExtraTiC:CrossbowBody:162, Основа арбалета из металла рыцаря
ExtraTiC:CrossbowBody:163, Основа арбалета из стального листа
ExtraTiC:CrossbowBody:164, Аметистовая основа арбалета
ExtraTiC:CrossbowBody:165, Перидотовая основа арбалета
ExtraTiC:CrossbowBody:166, Рубиновая основа арбалета
ExtraTiC:CrossbowBody:167, Сапфировая основа арбалета
ExtraTiC:CrossbowBody:171, Основа арбалета из тёмной стали
ExtraTiC:CrossbowBody:172, Основа арбалета из пустотного металла
ExtraTiC:CrossbowBody:173, Основа арбалета из красного аурума
ExtraTiC:CrossbowBody:178, Основа арбалета из дракония
ExtraTiC:CrossbowBody:179, Основа арбалета из пробуждённого дракония
ExtraTiC:CrossbowBody:180, Основа арбалета из клея
ExtraTiC:CrossbowBody:185, Основа арбалета из бедрокия
ExtraTiC:CrossbowBody:189, Основа арбалета из эндериума
ExtraTiC:CrossbowBody:126, Мифриловая основа арбалета
ExtraTiC:CrossbowBody:190, Синаловая основа арбалета
ExtraTiC:CrossbowBody:191, Ламиумовая основа арбалета
ExtraTiC:Blot:139, Болт из очищенного светокамня
ExtraTiC:Blot:140, Осмиевый болт
ExtraTiC:Blot:141, Покфениумный болт
ExtraTiC:Blot:142, Волшебный болт
ExtraTiC:Blot:143, Болт из истинного кварца
ExtraTiC:Blot:145, Болт из манастали
ExtraTiC:Blot:146, Болт из террастали
ExtraTiC:Blot:147, Элементиевый болт
ExtraTiC:Blot:148, Болт из деш
ExtraTiC:Blot:160, Огненный болт
ExtraTiC:Blot:161, Болт из железного дерева
ExtraTiC:Blot:162, Болт из металла рыцаря
ExtraTiC:Blot:163, Болт из стального листа
ExtraTiC:Blot:164, Аметистовый болт
ExtraTiC:Blot:165, Перидотовый болт
ExtraTiC:Blot:166, Рубиновый болт
ExtraTiC:Blot:167, Сапфировый болт
ExtraTiC:Blot:171, Болт из тёмной стали
ExtraTiC:Blot:172, Болт из пустотного металла
ExtraTiC:Blot:173, Болт из красного аурума
ExtraTiC:Blot:178, Болт из дракония
ExtraTiC:Blot:179, Болт из пробуждённого дракония
ExtraTiC:Blot:180, Болт из клея
ExtraTiC:Blot:185, Болт из бедрокия
ExtraTiC:Blot:189, Болт из эндериума
ExtraTiC:Blot:126, Мифриловый болт
ExtraTiC:Blot:190, Синал болт
ExtraTiC:Blot:191, Ламиум болт
ExtraTiC:extra.bucket:5, Ведро расплавленного красного аурума
ExtraTiC:extra.bucket:10, Ведро расплавленного цинка
ExtraTiC:extra.bucket:16, Ведро расплавленного пустотного металла
ExtraTiC:extra.bucket:4, Ведро расплавленного покфениума
ExtraTiC:extra.bucket:9, Ведро расплавленной тёмной стали
ExtraTiC:extra.bucket:15, Ведро расплавленного элементия
ExtraTiC:extra.bucket:3, Ведро расплавленного осмия
ExtraTiC:extra.bucket:14, Ведро расплавленной террастали
ExtraTiC:extra.bucket:19, Ведро расплавленного бедрокия
ExtraTiC:extra.bucket:2, Ведро расплавленного очищенного светокамня
ExtraTiC:extra.bucket:13, Ведро расплавленной манастали
ExtraTiC:extra.bucket:1, Ведро расплавленного волшебного металла
ExtraTiC:extra.bucket:6, Ведро расплавленного деша
ExtraTiC:extra.bucket:12, Ведро расплавленного адамантина
ExtraTiC:extra.bucket:11, Ведро расплавленной латуни
ForbiddenMagic:NetherShard:0, Осколок гнева
ForbiddenMagic:NetherShard:1, Осколок зависти
ForbiddenMagic:NetherShard:2, Осколок заразы
ForbiddenMagic:NetherShard:3, Осколок гордости
ForbiddenMagic:NetherShard:4, Осколок страсти
ForbiddenMagic:NetherShard:5, Осколок лени
ForbiddenMagic:NetherShard:6, Осколок жадности
ForbiddenMagic:GluttonyShard, Осколок прожорливости
ForbiddenMagic:TaintShovel, Лопата очистителя
ForbiddenMagic:TaintPickaxe, Кирка искажения
ForbiddenMagic:ArcaneCakeItem, Таумический торт
ForbiddenMagic:SkullAxe, Топор собирателя черепов
ForbiddenMagic:MorphPickaxe, Хамелеоновая кирка
ForbiddenMagic:MorphSword, Хамелеоновый меч
ForbiddenMagic:MorphShovel, Хамелеоновая лопата
ForbiddenMagic:MorphAxe, Хамелеоновый топор
ForbiddenMagic:MobCrystal, Отпечатанный кристалл (%s)
ForbiddenMagic:DiabolistFork, Адские вилы
ForbiddenMagic:WandCores:0, Заражённый стержень
ForbiddenMagic:WandCores:1, Адский стержень
ForbiddenMagic:WandCores:2, Древний стержень
ForbiddenMagic:WandCores:3, Кровавый стержень
ForbiddenMagic:WandCores:4, Стержень из ведьминой древесины
ForbiddenMagic:WandCores:5, Profane Rod
ForbiddenMagic:WandCores:6, Инертный кровавый стержень
ForbiddenMagic:WandCores:7, Стержень из живой древесины
ForbiddenMagic:WandCores:8, Бездействующий стержень из живой древесины
ForbiddenMagic:WandCores:9, Кровавое ядро посоха
ForbiddenMagic:WandCores:10, Ядро посоха из ведьминой древесины
ForbiddenMagic:WandCores:11, Стержень из древесины мечтаний
ForbiddenMagic:WandCores:12, Бездействующий стержень из древесины мечтаний
ForbiddenMagic:WandCores:13, Ядро посоха из древесины мечтаний
ForbiddenMagic:WandCores:72, Покрытый таум-металлом заражённый жезл
ForbiddenMagic:WandCores:72, Покрытый таум-металлом адский жезл
ForbiddenMagic:WandCores:2000, Обитый орихалком космически нейтронный жезл
ForbiddenMagic:WandCores:2000, Обитый орихалком космически нейтронный посох
ForbiddenMagic:WandCores:36, Обитый железом Profane жезл
ForbiddenMagic:WandCores:84, Алхимически коронованный кровавый жезл
ForbiddenMagic:WandCores:168, Алхимически коронованный кровавый посох
ForbiddenMagic:WandCores:84, Обвитый манасталью живодревесный жезл
ForbiddenMagic:WandCores:84, Поцелованный элементием мечтодревесный жезл
ForbiddenMagic:WandCores:144, Поцелованный элементием мечтодревесный посох
ForbiddenMagic:WandCores:1, Terrasteel Nerfed деревянный жезл
ForbiddenMagic:WandCores:84, Пустотой окутанный §kAlchemical§r жезл
ForbiddenMagic:WandCaps:0, Алхимический наконечник
ForbiddenMagic:WandCaps:1, Винтеумный наконечник
ForbiddenMagic:WandCaps:2, Terrasteel Cap
ForbiddenMagic:WandCaps:3, Манастальной наконечник
ForbiddenMagic:WandCaps:4, Инертный манастальной наконечник
ForbiddenMagic:WandCaps:5, Элементиевый наконечник
ForbiddenMagic:WandCaps:6, Инертный элементиевый наконечник
ForbiddenMagic:FMResource:0, Изумрудный фрагмент
ForbiddenMagic:FMResource:1, Теневые чернила
ForbiddenMagic:FMResource:2, Самородок манастали
ForbiddenMagic:FMResource:3, Осколок заражённой крови
ForbiddenMagic:FMResource:4, Элементиевый самородок
ForbiddenMagic:Bloodwell, Инструменты кровавого писца
ForbiddenMagic:EldritchOrb, Древний шар крови
ForbiddenMagic:Boundwell, Связанная чернильница с пером
ForbiddenMagic:BloodRapier, Рапира неясыти
ForbiddenMagic:Crystalwell, Кристальная чернильница с пером
ForbiddenMagic:Primewell, Primal Scribing Tools
ForbiddenMagic:RidingCrop, Хлыст
ForbiddenMagic:SubCollar:0, Ошейник боли
ForbiddenMagic:RingNutrition, Кольцо насыщения
ForbiddenMagic:TaintFruit, Tainted Fruit
ForbiddenMagic:TaintCoal, Hexcoal
ForbiddenMagic:BlinkFocus, Wand Focus: Blink
GalacticraftCore:item.bucketOil, Ведро нефти
GalacticraftCore:item.bucketFuel, Ведро топлива
GalacticraftCore:item.spaceship:0, Ракета 1-го уровня
GalacticraftCore:item.spaceship:1, Ракета 1-го уровня
GalacticraftCore:item.spaceship:2, Ракета 1-го уровня
GalacticraftCore:item.spaceship:3, Ракета 1-го уровня
GalacticraftCore:item.spaceship:4, Ракета 1-го уровня
GalacticraftCore:item.oxygenMask, Кислородная маска
GalacticraftCore:item.oxygenGear, Кислородное оборудование
GalacticraftCore:item.oxygenTankLightFull, Малый кислородный баллон
GalacticraftCore:item.oxygenTankMedFull, Средний кислородный баллон
GalacticraftCore:item.oxygenTankHeavyFull, Большой кислородный баллон
GalacticraftCore:item.sensorLens, Сенсорные линзы
GalacticraftCore:item.sensorGlasses, Очки с сенсорами
GalacticraftCore:item.steel_pickaxe, Кирка со сверхпрочным покрытием
GalacticraftCore:item.steel_axe, Топор со сверхпрочным покрытием
GalacticraftCore:item.steel_hoe, Мотыга со сверхпрочным покрытием
GalacticraftCore:item.steel_shovel, Лопата со сверхпрочным покрытием
GalacticraftCore:item.steel_sword, Меч со сверхпрочным покрытием
GalacticraftCore:item.steel_helmet, Шлем со сверхпрочным покрытием
GalacticraftCore:item.steel_chestplate, Кираса со сверхпрочным покрытием
GalacticraftCore:item.steel_leggings, Поножи со сверхпрочным покрытием
GalacticraftCore:item.steel_boots, Ботинки со сверхпрочным покрытием
GalacticraftCore:item.canister:0, Оловянная канистра
GalacticraftCore:item.canister:1, Медная канистра
GalacticraftCore:item.airVent, Вентиляционный клапан
GalacticraftCore:item.airFan, Вентилятор
GalacticraftCore:item.oxygenConcentrator, Кислородный концентратор
GalacticraftCore:item.engine:0, Ракетный двигатель 1-го уровня
GalacticraftCore:item.engine:1, Ускоритель 1-го уровня
GalacticraftCore:item.heavyPlating, Сверхпрочное покрытие
GalacticraftCore:item.noseCone, Головной обтекатель
GalacticraftCore:item.rocketFins, Ракетный стабилизатор
GalacticraftCore:item.steelPole, Стальной шест
GalacticraftCore:item.canvas, Холст
GalacticraftCore:item.oilCanisterPartial, Частично заполненная канистра для нефти
GalacticraftCore:item.fuelCanisterPartial, Частично заполненная канистра для топлива
GalacticraftCore:item.oilExtractor, Портативный нефтяной экстрактор
GalacticraftCore:item.schematic:0, Схема для верстака NASA
GalacticraftCore:item.schematic:1, Схема для верстака NASA
GalacticraftCore:item.key:0, Ключ от подземелья 1-го уровня
GalacticraftCore:item.buggymat:0, Колесо багги
GalacticraftCore:item.buggymat:1, Сиденье багги
GalacticraftCore:item.buggymat:2, Контейнер багги
GalacticraftCore:item.buggy, Багги
GalacticraftCore:item.basicItem:0, Одиночный солнечный модуль
GalacticraftCore:item.basicItem:1, Целая солнечная панель
GalacticraftCore:item.basicItem:2, Неочищенный кремний
GalacticraftCore:item.basicItem:3, Медный слиток
GalacticraftCore:item.basicItem:4, Оловянный слиток
GalacticraftCore:item.basicItem:5, Алюминиевый слиток
GalacticraftCore:item.basicItem:6, Сжатая медь
GalacticraftCore:item.basicItem:7, Сжатое олово
GalacticraftCore:item.basicItem:8, Сжатый алюминий
GalacticraftCore:item.basicItem:9, Сжатая сталь
GalacticraftCore:item.basicItem:10, Сжатая бронза
GalacticraftCore:item.basicItem:11, Сжатое железо
GalacticraftCore:item.basicItem:12, Синяя солнечная полупроводниковая пластина
GalacticraftCore:item.basicItem:13, Основная полупроводниковая пластина
GalacticraftCore:item.basicItem:14, Продвинутая полупроводниковая пластина
GalacticraftCore:item.basicItem:15, Консервированная еда
GalacticraftCore:item.basicItem:16, Консервированная еда
GalacticraftCore:item.basicItem:17, Консервированная еда
GalacticraftCore:item.basicItem:18, Консервированная еда
GalacticraftCore:item.basicItem:19, Частотный модуль
GalacticraftCore:item.basicItem:20, Тепловой контроллер
GalacticraftCore:item.battery, Аккумулятор
GalacticraftCore:item.infiniteBattery, Бесконечный аккумулятор
GalacticraftCore:item.infiniteOxygen, Бесконечная подача кислорода
GalacticraftCore:item.null:0, Бросаемый метеоритный кусок
GalacticraftCore:item.null:1, Бросаемый метеоритный кусок
GalacticraftCore:item.standardWrench, Обычный гаечный ключ
GalacticraftCore:item.cheeseCurd, Сырок
GalacticraftCore:item.meteoricIronRaw, Необработанное метеоритное железо
GalacticraftCore:item.meteoricIronIngot:0, Слиток метеоритного железа
GalacticraftCore:item.meteoricIronIngot:1, Сжатое метеоритное железо
GalacticraftCore:item.flag, Флаг
GalacticraftCore:item.parachute:0, Парашют
GalacticraftCore:item.parachute:1, Чёрный парашют
GalacticraftCore:item.parachute:2, Светло-синий парашют
GalacticraftCore:item.parachute:3, Лаймовый парашют
GalacticraftCore:item.parachute:4, Коричневый парашют
GalacticraftCore:item.parachute:5, Синий парашют
GalacticraftCore:item.parachute:6, Серый парашют
GalacticraftCore:item.parachute:7, Зелёный парашют
GalacticraftCore:item.parachute:8, Светло-серый парашют
GalacticraftCore:item.parachute:9, Сиреневый парашют
GalacticraftCore:item.parachute:10, Оранжевый парашют
GalacticraftCore:item.parachute:11, Розовый парашют
GalacticraftCore:item.parachute:12, Фиолетовый парашют
GalacticraftCore:item.parachute:13, Красный парашют
GalacticraftCore:item.parachute:14, Бирюзовый парашют
GalacticraftCore:item.parachute:15, Жёлтый парашют
GalacticraftMars:item.grapple, Крюк
GalacticraftMars:item.itemTier3Rocket:0, Ракета 3-го уровня
GalacticraftMars:item.itemTier3Rocket:1, Ракета 3-го уровня
GalacticraftMars:item.itemTier3Rocket:2, Ракета 3-го уровня
GalacticraftMars:item.itemTier3Rocket:3, Ракета 3-го уровня
GalacticraftMars:item.itemTier3Rocket:4, Ракета 3-го уровня
GalacticraftMars:item.itemAstroMiner, Астрономический шахтёр
GalacticraftMars:item.thermalPadding:0, Теплоустойчивый шлем
GalacticraftMars:item.thermalPadding:1, Теплоустойчивая кираса
GalacticraftMars:item.thermalPadding:2, Теплоустойчивые поножи
GalacticraftMars:item.thermalPadding:3, Теплоустойчивые ботинки
GalacticraftMars:item.itemBasicAsteroids:0, Сверхпрочное покрытие
GalacticraftMars:item.itemBasicAsteroids:1, Прочный ракетный двигатель
GalacticraftMars:item.itemBasicAsteroids:2, Прочный ракетный стабилизатор
GalacticraftMars:item.itemBasicAsteroids:3, Железный осколок
GalacticraftMars:item.itemBasicAsteroids:4, Титановый осколок
GalacticraftMars:item.itemBasicAsteroids:5, Титановый слиток
GalacticraftMars:item.itemBasicAsteroids:6, Сжатый титан
GalacticraftMars:item.itemBasicAsteroids:7, Теплоустойчивая ткань
GalacticraftMars:item.itemBasicAsteroids:8, Лучевое ядро
GalacticraftMars:item.methaneCanisterPartial, Канистра для метана
GalacticraftMars:item.canisterPartialLOX, item.canisterPartialLOX.name
GalacticraftMars:item.canisterPartialLN2, item.canisterPartialLN2.name
GalacticraftMars:item.atmosphericValve, Атмосферный клапан
GalacticraftMars:item.heavyNoseCone:0, Прочный головной обтекатель
GalacticraftMars:item.orionDrive, Привод Ориона
GalacticraftMars:item.titanium_helmet, Титановый шлем
GalacticraftMars:item.titanium_chestplate, Титановая кираса
GalacticraftMars:item.titanium_leggings, Титановые поножи
GalacticraftMars:item.titanium_boots, Титановые ботинки
GalacticraftMars:item.titanium_axe, Титановый топор
GalacticraftMars:item.titanium_pickaxe, Титановая кирка
GalacticraftMars:item.titanium_shovel, Титановая лопата
GalacticraftMars:item.titanium_hoe, Титановая мотыга
GalacticraftMars:item.titanium_sword, Титановый меч
GalacticraftMars:item.bucketSludge, Ведро бактериального осадка
GalacticraftMars:item.carbonFragments, Раздробленный уголь
GalacticraftMars:item.null:0, Необработанная деш
GalacticraftMars:item.null:1, Палка из деш
GalacticraftMars:item.null:2, Слиток деш
GalacticraftMars:item.null:3, Сверхпрочное покрытие
GalacticraftMars:item.null:4, Сумка слаймлинга
GalacticraftMars:item.null:5, Сжатая деш
GalacticraftMars:item.null:6, Манипулятор жидкости
GalacticraftMars:item.deshPick, Кирка из деш
GalacticraftMars:item.deshPickSlime, Липкая кирка из деш
GalacticraftMars:item.deshAxe, Топор из деш
GalacticraftMars:item.deshHoe, Мотыга из деш
GalacticraftMars:item.deshSpade, Лопата из деш
GalacticraftMars:item.deshSword, Меч из деш
GalacticraftMars:item.deshHelmet, Шлем из деш
GalacticraftMars:item.deshChestplate, Кираса из деш
GalacticraftMars:item.deshLeggings, Поножи из деш
GalacticraftMars:item.deshBoots, Ботинки из деш
GalacticraftMars:item.spaceshipTier2:0, Ракета 2-го уровня
GalacticraftMars:item.spaceshipTier2:1, Ракета 2-го уровня
GalacticraftMars:item.spaceshipTier2:2, Ракета 2-го уровня
GalacticraftMars:item.spaceshipTier2:3, Ракета 2-го уровня
GalacticraftMars:item.spaceshipTier2:4, Ракета 2-го уровня
GalacticraftMars:item.spaceshipTier2:11, Грузовая ракета
GalacticraftMars:item.spaceshipTier2:12, Грузовая ракета
GalacticraftMars:item.spaceshipTier2:13, Грузовая ракета
GalacticraftMars:item.spaceshipTier2:14, Грузовая ракета
GalacticraftMars:item.key:0, Ключ от подземелья 2-го уровня
GalacticraftMars:item.schematic:0, Схема для верстака NASA
GalacticraftMars:item.schematic:1, Схема для верстака NASA
GalacticraftMars:item.schematic:2, Схема для верстака NASA
GraviSuite:graviChestPlate, Гравитационный жилет
GraviSuite:advNanoChestPlate, Улучшенный наножилет
GraviSuite:ultimateLappack, Ультимейт лаппак
GraviSuite:advLappack, Улучшенный лаппак
GraviSuite:advJetpack, Улучшенный электро джетапак
GraviSuite:vajra, Ваджра
GraviSuite:graviTool, Гравитул
GraviSuite:advDDrill, Улучшенный алмазный бур
GraviSuite:advChainsaw, Улучшенная электропила
GraviSuite:relocator, Релокатор
GraviSuite:sonicLauncher, item.sonicLauncher.name
GraviSuite:itemSimpleItem:0, itemSuperConductorCover.name
GraviSuite:itemSimpleItem:1, itemSuperConductor.name
GraviSuite:itemSimpleItem:2, itemCoolingCore.name
GraviSuite:itemSimpleItem:3, itemGravitationEngine.name
GraviSuite:itemSimpleItem:4, itemMagnetron.name
GraviSuite:itemSimpleItem:5, itemVajraCore.name
GraviSuite:itemSimpleItem:6, itemEngineBoost.name
IronChest:ironGoldUpgrade, Улучшение из железного в золотой сундук
IronChest:goldDiamondUpgrade, Улучшение из золотого в алмазный сундук
IronChest:copperSilverUpgrade, Улучшение из медного в серебряный сундук
IronChest:silverGoldUpgrade, Улучшение из серебряного в золотой сундук
IronChest:copperIronUpgrade, Улучшение из медного в железный сундук
IronChest:diamondCrystalUpgrade, Улучшение из алмазного в кристальный сундук
IronChest:woodIronUpgrade, Улучшение из деревянного в железный сундук
IronChest:woodCopperUpgrade, Улучшение из деревянного в медный сундук
IronChest:diamondObsidianUpgrade, Улучшение из алмазного в обсидиановый сундук
Mekanism:PartTransmitter:0, Базовый универсальный провод
Mekanism:PartTransmitter:1, Продвинутый универсальный провод
Mekanism:PartTransmitter:2, Элитный универсальный провод
Mekanism:PartTransmitter:3, Совершенный универсальный провод
Mekanism:PartTransmitter:4, Базовая механическая труба
Mekanism:PartTransmitter:5, Продвинутая механическая труба
Mekanism:PartTransmitter:6, Элитная механическая труба
Mekanism:PartTransmitter:7, Совершенная механическая труба
Mekanism:PartTransmitter:8, Базовая герметичная труба
Mekanism:PartTransmitter:9, Продвинутая герметичная труба
Mekanism:PartTransmitter:10, Элитная герметичная труба
Mekanism:PartTransmitter:11, Совершенная герметичная труба
Mekanism:PartTransmitter:12, Базовый логистический транспортер
Mekanism:PartTransmitter:13, Продвинутый логистический транспортер
Mekanism:PartTransmitter:14, Элитный логистический транспортер
Mekanism:PartTransmitter:15, Совершенный логистический транспортер
Mekanism:PartTransmitter:16, Ограничительный транспортер
Mekanism:PartTransmitter:17, Отклоняющий транспортер
Mekanism:PartTransmitter:18, Базовый теплопровод
Mekanism:PartTransmitter:19, Продвинутый теплопровод
Mekanism:PartTransmitter:20, Элитный теплопровод
Mekanism:PartTransmitter:21, Совершенный теплопровод
Mekanism:ElectricBow, Электрический лук
Mekanism:Dust:0, Железная пыль
Mekanism:Dust:1, Золотая пыль
Mekanism:Dust:2, Осмиевая пыль
Mekanism:Dust:3, Медная пыль
Mekanism:Dust:4, Оловянная пыль
Mekanism:Dust:5, Серебряная пыль
Mekanism:Dust:6, Свинцовая пыль
Mekanism:Ingot:0, Обсидиановый слиток
Mekanism:Ingot:1, Осмиевый слиток
Mekanism:Ingot:2, Бронзовый слиток
Mekanism:Ingot:3, Слиток светящегося камня
Mekanism:Ingot:4, Стальной слиток
Mekanism:Ingot:5, Медный слиток
Mekanism:Ingot:6, Оловянный слиток
Mekanism:EnergyTablet, Энергетический планшет
Mekanism:SpeedUpgrade, Улучшение: «Скорость»
Mekanism:EnergyUpgrade, Улучшение: «Энергия»
Mekanism:FilterUpgrade, Улучшение: «Фильтр»
Mekanism:MufflingUpgrade, Улучшение: «Затишье»
Mekanism:GasUpgrade, Улучшение: «Газ»
Mekanism:Robit, Робит
Mekanism:AtomicDisassembler, Атомный разборщик
Mekanism:EnrichedAlloy, Обогащённый сплав
Mekanism:ReinforcedAlloy, Укреплённый сплав
Mekanism:AtomicAlloy, Атомный сплав
Mekanism:ItemProxy, item.ItemProxy.name
Mekanism:ControlCircuit:0, Базовая схема управления
Mekanism:ControlCircuit:1, Продвинутая схема управления
Mekanism:ControlCircuit:2, Элитная схема управления
Mekanism:ControlCircuit:3, Совершенная схема управления
Mekanism:EnrichedIron, Обогащённое железо
Mekanism:CompressedCarbon, Сжатый уголь
Mekanism:CompressedRedstone, Сжатый красный камень
Mekanism:CompressedDiamond, Сжатый алмаз
Mekanism:CompressedObsidian, Сжатый обсидиан
Mekanism:PortableTeleporter, Переносной телепортер
Mekanism:TeleportationCore, Ядро телепортации
Mekanism:Clump:0, Железная глыба
Mekanism:Clump:1, Золотая глыба
Mekanism:Clump:2, Осмиевая глыба
Mekanism:Clump:3, Медная глыба
Mekanism:Clump:4, Оловянная глыба
Mekanism:Clump:5, Серебряная глыба
Mekanism:Clump:6, Свинцовая глыба
Mekanism:DirtyDust:0, Загрязненная железная пыль
Mekanism:DirtyDust:1, Загрязненная золотая пыль
Mekanism:DirtyDust:2, Загрязненная осмиевая пыль
Mekanism:DirtyDust:3, Загрязненная медная пыль
Mekanism:DirtyDust:4, Загрязненная оловянная пыль
Mekanism:DirtyDust:5, Загрязненная серебряная пыль
Mekanism:DirtyDust:6, Загрязненная свинцовая пыль
Mekanism:Configurator, Конфигуратор
Mekanism:NetworkReader, Считыватель сети
Mekanism:WalkieTalkie, Переносная рация
Mekanism:Jetpack, Реактивный ранец
Mekanism:Dictionary, Словарь
Mekanism:GasMask, Противогаз
Mekanism:ScubaTank, Акваланг
Mekanism:Balloon:0, §8Черный Воздушный шар
Mekanism:Balloon:1, §cКрасный Воздушный шар
Mekanism:Balloon:2, §2Зеленый Воздушный шар
Mekanism:Balloon:3, §6Коричневый Воздушный шар
Mekanism:Balloon:4, §1Синий Воздушный шар
Mekanism:Balloon:5, §5Фиолетовый Воздушный шар
Mekanism:Balloon:6, §3Темно-Голубой Воздушный шар
Mekanism:Balloon:7, §7Светло-Серый Воздушный шар
Mekanism:Balloon:8, §8Серый Воздушный шар
Mekanism:Balloon:9, §dРозовый Воздушный шар
Mekanism:Balloon:10, §aСветло-Зеленый Воздушный шар
Mekanism:Balloon:11, §eЖелтый Воздушный шар
Mekanism:Balloon:12, §9Светло-Голубой Воздушный шар
Mekanism:Balloon:13, §dПурпурный Воздушный шар
Mekanism:Balloon:14, §6Оранжевый Воздушный шар
Mekanism:Balloon:15, §fБелый Воздушный шар
Mekanism:Shard:0, Железный осколок
Mekanism:Shard:1, Золотой осколок
Mekanism:Shard:2, Осмиевый осколок
Mekanism:Shard:3, Медный осколок
Mekanism:Shard:4, Оловянный осколок
Mekanism:Shard:5, Серебряный осколок
Mekanism:Shard:6, Свинцовый осколок
Mekanism:ElectrolyticCore, Электролитическое ядро
Mekanism:Sawdust, Опилки
Mekanism:Salt, Соль
Mekanism:BrineBucket, Ведро рапы
Mekanism:LithiumBucket, Ведро лития
Mekanism:HeavyWaterBucket, Ведро тяжелой воды
Mekanism:Crystal:0, Железный кристалл
Mekanism:Crystal:1, Золотой кристалл
Mekanism:Crystal:2, Осмиевый кристалл
Mekanism:Crystal:3, Медный кристалл
Mekanism:Crystal:4, Оловянный кристалл
Mekanism:Crystal:5, Серебряный кристалл
Mekanism:Crystal:6, Свинцовый кристалл
Mekanism:FreeRunners, Свободные бегунки
Mekanism:ArmoredJetpack, Бронированный реактивный ранец
Mekanism:ConfigurationCard, Карта настройки
Mekanism:CraftingFormula, Формула создания
Mekanism:SeismicReader, Сейсмический считыватель
Mekanism:Substrate, Субстрат
Mekanism:Polyethene:0, Шарик полиэтилена НД
Mekanism:Polyethene:1, Стержень полиэтилена НД
Mekanism:Polyethene:2, Лист полиэтилена НД
Mekanism:Polyethene:3, Пластиковая палка
Mekanism:BioFuel, Биотопливо
Mekanism:GlowPanel:0, §8Черный Cветящийся полублок
Mekanism:GlowPanel:1, §cКрасный Cветящийся полублок
Mekanism:GlowPanel:2, §2Зеленый Cветящийся полублок
Mekanism:GlowPanel:3, §6Коричневый Cветящийся полублок
Mekanism:GlowPanel:4, §1Синий Cветящийся полублок
Mekanism:GlowPanel:5, §5Фиолетовый Cветящийся полублок
Mekanism:GlowPanel:6, §3Темно-Голубой Cветящийся полублок
Mekanism:GlowPanel:7, §7Светло-Серый Cветящийся полублок
Mekanism:GlowPanel:8, §8Серый Cветящийся полублок
Mekanism:GlowPanel:9, §dРозовый Cветящийся полублок
Mekanism:GlowPanel:10, §aСветло-Зеленый Cветящийся полублок
Mekanism:GlowPanel:11, §eЖелтый Cветящийся полублок
Mekanism:GlowPanel:12, §9Светло-Голубой Cветящийся полублок
Mekanism:GlowPanel:13, §dПурпурный Cветящийся полублок
Mekanism:GlowPanel:14, §6Оранжевый Cветящийся полублок
Mekanism:GlowPanel:15, §fБелый Cветящийся полублок
Mekanism:Flamethrower, Огнемёт
Mekanism:GaugeDropper, Датчик выбрасывателя
Mekanism:FactoryInstaller:0, Basic Tier Installer
Mekanism:FactoryInstaller:1, Advanced Tier Installer
Mekanism:FactoryInstaller:2, Elite Tier Installer
Mekanism:FactoryInstaller:3, Ultimate Tier Installer
Mekanism:OtherDust:0, Алмазная пыль
Mekanism:OtherDust:1, Стальная пыль
Mekanism:OtherDust:3, Серная пыль
Mekanism:OtherDust:4, Литиевая пыль
Mekanism:OtherDust:5, Пыль очищенного обсидиана
Mekanism:OtherDust:6, Обсидиановая пыль
TwilightForest:item.nagaScale, Сердце Наги
TwilightForest:item.plateNaga, Нагрудник из сердец Наги
TwilightForest:item.legsNaga, Поножи из сердец Наги
TwilightForest:item.scepterTwilight, Сумеречный посох
TwilightForest:item.scepterLifeDrain, Посох смерти
TwilightForest:item.scepterZombie, Посох мёртвых
TwilightForest:item.oreMeter, Определитель руд
TwilightForest:item.magicMap:0, Магическая карта #0
TwilightForest:item.mazeMap:0, Карта лабиринта #0
TwilightForest:item.oreMap:0, Шахтёрская карта #0
TwilightForest:item.tfFeather, Воронье перо
TwilightForest:item.magicMapFocus, Магическое перо
TwilightForest:item.mazeMapFocus, Магическое ядро
TwilightForest:item.liveRoot, Замшелый корень
TwilightForest:item.ironwoodRaw, Магический материал
TwilightForest:item.ironwoodIngot, Металл древних
TwilightForest:item.ironwoodHelm, Шлем древних
TwilightForest:item.ironwoodPlate, Нагрудник древних
TwilightForest:item.ironwoodLegs, Поножи древних
TwilightForest:item.ironwoodBoots, Ботинки древних
TwilightForest:item.ironwoodSword, Меч древних
TwilightForest:item.ironwoodShovel, Лопата древних
TwilightForest:item.ironwoodPick, Кирка древних
TwilightForest:item.ironwoodAxe, Топор древних
TwilightForest:item.ironwoodHoe, Мотыга древних
TwilightForest:item.torchberries, Факелонт
TwilightForest:item.venisonRaw, Сырая оленятина
TwilightForest:item.venisonCooked, Олений стейк
TwilightForest:item.hydraChop, Мясо Гидры
TwilightForest:item.fieryBlood, Огенная кровь
TwilightForest:item.trophy:0, Трофей Гидры
TwilightForest:item.trophy:1, Трофей Наги
TwilightForest:item.trophy:2, Трофей Сумеречного Лича
TwilightForest:item.trophy:3, Трофей Тёмного Гаста
TwilightForest:item.trophy:4, Snow Queen Trophy
TwilightForest:item.fieryIngot, Огненный слиток
TwilightForest:item.fieryHelm, Огненный шлем
TwilightForest:item.fieryPlate, Огненный нагрудник
TwilightForest:item.fieryLegs, Огненные поножи
TwilightForest:item.fieryBoots, Огненные ботинки
TwilightForest:item.fierySword, Огненный меч
TwilightForest:item.fieryPick, Огненная кирка
TwilightForest:item.steeleafIngot, Магический лист
TwilightForest:item.steeleafHelm, Шлем из магических листьев
TwilightForest:item.steeleafPlate, Нагрудник из магических листьев
TwilightForest:item.steeleafLegs, Поножи из магических листьев
TwilightForest:item.steeleafBoots, Ботинки из магических листьев
TwilightForest:item.steeleafSword, Меч из магических листьев
TwilightForest:item.steeleafShovel, Лопата из магических листьев
TwilightForest:item.steeleafPick, Кирка из магических листьев
TwilightForest:item.steeleafAxe, Топор из магических листьев
TwilightForest:item.steeleafHoe, Мотыга из магических листьев
TwilightForest:item.minotaurAxe, Топор Минотавра
TwilightForest:item.mazebreakerPick, Кирка лабиринта
TwilightForest:item.transformPowder, Порошок трансформации
TwilightForest:item.meefRaw, Мясо минотавра
TwilightForest:item.meefSteak, Стейк из минотавра
TwilightForest:item.meefStroganoff, Суп из минотавра
TwilightForest:item.mazeWafer, Вафли
TwilightForest:item.emptyMagicMap, Пустая Магическая карта
TwilightForest:item.emptyMazeMap, Пустая карта лабиринта
TwilightForest:item.emptyOreMap, Пустая шахтёрская карта
TwilightForest:item.oreMagnet, Рудный магнит
TwilightForest:item.crumbleHorn, Рог
TwilightForest:item.peacockFan, Веер полёта
TwilightForest:item.moonwormQueen, Королева гусениц
TwilightForest:item.charmOfLife1, Чарм жизни I
TwilightForest:item.charmOfLife2, Чарм жизни II
TwilightForest:item.charmOfKeeping1, Чарм инвентаря I
TwilightForest:item.charmOfKeeping2, Чарм инвентаря II
TwilightForest:item.charmOfKeeping3, Чарм инвентаря III
TwilightForest:item.towerKey, Ключ от башни
TwilightForest:item.borerEssence, Буровая эссенция
TwilightForest:item.carminite, Карминит
TwilightForest:item.experiment115, Образец 115
TwilightForest:item.armorShards, Осколок королевского металла
TwilightForest:item.knightMetal, Королевский металл
TwilightForest:item.shardCluster, Осколки королевского металла
TwilightForest:item.knightlyHelm, Королевский шлем
TwilightForest:item.knightlyPlate, Королевский нагрудник
TwilightForest:item.knightlyLegs, Королевские поножи
TwilightForest:item.knightlyBoots, Королевские ботинки
TwilightForest:item.knightlySword, Королевский меч
TwilightForest:item.knightlyPick, Королевская кирка
TwilightForest:item.knightlyAxe, Королевский топор
TwilightForest:item.phantomHelm, Шлем Фантома
TwilightForest:item.phantomPlate, Нагрудник Фантома
TwilightForest:item.lampOfCinders, Лампа огня
TwilightForest:item.fieryTears, Огненные слёзы
TwilightForest:item.alphaFur, Мех Альмо-йети
TwilightForest:item.yetiHelm, Шапка Йети
TwilightForest:item.yetiPlate, Куртка Йети
TwilightForest:item.yetiLegs, Штаны Йети
TwilightForest:item.yetiBoots, Ботинки Йети
TwilightForest:item.iceBomb, Снежная бомба
TwilightForest:item.arcticFur, Артический мех
TwilightForest:item.arcticHelm, Меховой капюшон
TwilightForest:item.arcticPlate, Меховая куртка
TwilightForest:item.arcticLegs, Меховые штаны
TwilightForest:item.arcticBoots, Меховые ботинки
TwilightForest:item.magicBeans, Волшебные бобы
TwilightForest:item.giantPick, Кирка гиганта
TwilightForest:item.giantSword, Меч гиганта
TwilightForest:item.tripleBow, Тройной лук
TwilightForest:item.seekerBow, Лук искателя
TwilightForest:item.iceBow, Ледяной лук
TwilightForest:item.enderBow, Эндер лук
TwilightForest:item.iceSword, Ледяной меч
TwilightForest:item.glassSword, Стеклянный меч
TwilightForest:item.knightmetalRing, Knightmetal Loop
TwilightForest:item.chainBlock, Block and Chain
TwilightForest:item.cubeTalisman, Talisman of the Cube
TwilightForest:item.cubeOfAnnihilation, Cube of Annihilation
TwilightForest:item.null:0, Cloth Of The Adherent
TwilightForest:item.null:1, Fragment Of The Harbinger
TaintedMagic:ItemMaterial:0, Слиток Мрачного Металла
TaintedMagic:ItemMaterial:1, Напитанная Мраком Ткань
TaintedMagic:ItemMaterial:2, Запятнанная Багрянцем ткань
TaintedMagic:ItemMaterial:3, Искаженный несбалансированный кристалл
TaintedMagic:ItemMaterial:4, Испорченный несбалансированный кристалл
TaintedMagic:ItemMaterial:5, Осколок Мироздания
TaintedMagic:ItemMaterial:6, Легированная таум-пластина
TaintedMagic:ItemMaterial:7, Багровая пластина
TaintedMagic:ItemMaterial:8, Самородок Мрачного металла
TaintedMagic:ItemMaterial:9, Фрагмент Сингулярной Жемчужины
TaintedMagic:ItemMaterial:10, Осколок Сингулярной Жемчужины
TaintedMagic:ItemMaterial:11, Фрагмент Мироздания
TaintedMagic:ItemVoidBlood, Сосуд Пустотной крови
TaintedMagic:ItemCrimsonBlood, Сосуд Багровой крови
TaintedMagic:ItemMagicFunguar, Волшебный грибок
TaintedMagic:ItemNightshadeBerries, Ягоды паслена
TaintedMagic:ItemFlyteCharm, Талисман полёта
TaintedMagic:ItemSalis:0, Salis Tempestas
TaintedMagic:ItemSalis:1, Salis Aevum
TaintedMagic:ItemGateKey, Ключ Небесных Врат
TaintedMagic:ItemWarpFertilizer, Искаженное удобрение
TaintedMagic:ItemWarpedGoggles, Искаженные Очки Откровения
TaintedMagic:ItemVoidFortressHelmet, Боевой Пустотный Шлем
TaintedMagic:ItemVoidFortressChestplate, Боевая Пустотная Кираса
TaintedMagic:ItemVoidFortressLeggings, Боевые Пустотные Поножи
TaintedMagic:ItemVoidwalkerBoots, Сапоги Странника Бездны
TaintedMagic:ItemVoidwalkerSash, Рунный пояс Странника Бездны
TaintedMagic:ItemShadowFortressHelmet, Боевой Мрачный Шлем
TaintedMagic:ItemShadowFortressChestplate, Боевая Мрачная Кираса
TaintedMagic:ItemShadowFortressLeggings, Боевые Мрачные Поножи
TaintedMagic:ItemVoidmetalGoggles, Пустотные Очки Откровения
TaintedMagic:ItemLumosRing, Кольцо Люмоса
TaintedMagic:ItemWandRod:0, Искаженнодревесный стержень
TaintedMagic:ItemWandRod:1, Искаженнодревесное ядро посоха
TaintedMagic:ItemWandCap:0, Мрачный наконечник
TaintedMagic:ItemWandCap:1, Наконечник из зачарованной ткани
TaintedMagic:ItemWandCap:2, Запятнанный Багрянцем Наконечник
TaintedMagic:ItemWandCap:3, Напитанный Мраком Наконечник
TaintedMagic:ItemFocusTaintSwarm, Набалдашник: Буря Заражения
TaintedMagic:ItemFocusDarkMatter, Набалдашник: Темная Материя
TaintedMagic:ItemFocusMageMace, Набалдашник: Булава Мага
TaintedMagic:ItemFocusShockwave, Набалдашник: Ударный Импульс
TaintedMagic:ItemFocusVisShard, Набалдашник: Осколки Вис
TaintedMagic:ItemFocusLumos, Набалдашник: Люмос
TaintedMagic:ItemThaumicDisassembler, Таумический Разборщик
TaintedMagic:ItemHollowDagger, Полый кинжал
TaintedMagic:ItemShadowmetalHoe, Мрачная Мотыга
TaintedMagic:ItemShadowmetalPick, Мрачная Кирка
TaintedMagic:ItemShadowmetalAxe, Мрачный Топор
TaintedMagic:ItemShadowmetalSpade, Мрачная Лопата
TaintedMagic:ItemShadowmetalSword, Мрачный Меч
TaintedMagic:ItemPrimalBlade, Первородное Лезвие
TaintedMagic:ItemKatana:0, Боевой Таум-Клинок
TaintedMagic:ItemKatana:1, Боевой Пустотный Клинок
TaintedMagic:ItemKatana:2, Боевой Мрачный Клинок
TWarden:itemResource:0, Exubitura Petal
TWarden:itemResource:1, Wardenic Crystal
TWarden:itemResource:2, Wardenic Quartz
TWarden:itemFocusPurity, Wand Focus: Purity
TWarden:itemWardenWeapon, Warden's Sword
TWarden:itemWardenAmulet, Warden's Amulet
TWarden:itemWardenHelm, Warden's Helmet
TWarden:itemWardenChest, Warden's Chestplate
TWarden:itemWardenLegs, Warden's Leggings
TWarden:itemWardenBoots, Warden's Boots
TWarden:itemLoveRing, Ring of Love
TWarden:itemWaslieHammer, Wesly's Hammer
TWarden:itemFocusIllumination, Wand Focus: Illumination
thaumicenergistics:part.base:0, Шина импорта эссенции
thaumicenergistics:part.base:1, Излучатель уровня эссенции
thaumicenergistics:part.base:2, Шина хранения эссенции
thaumicenergistics:part.base:3, Шина экспорта эссенции
thaumicenergistics:part.base:4, Терминал эссенции
thaumicenergistics:part.base:5, Магический терминал создания
thaumicenergistics:part.base:6, Интерфейс Вис-реле
thaumicenergistics:part.base:7, Монитор хранения эссенции
thaumicenergistics:part.base:8, Монитор преобразования эссенции
thaumicenergistics:storage.essentia:0, МЭ 1К ячейка хранения эссенции
thaumicenergistics:storage.essentia:1, МЭ 4К ячейка хранения эссенции
thaumicenergistics:storage.essentia:2, МЭ 16К ячейка хранения эссенции
thaumicenergistics:storage.essentia:3, МЭ 64К ячейка хранения эссенции
thaumicenergistics:storage.essentia:4, Творческая ячейка хранения эссенции
thaumicenergistics:storage.component:0, МЭ 1К компонент хранения эссенции
thaumicenergistics:storage.component:1, МЭ 4К компонент хранения эссенции
thaumicenergistics:storage.component:2, МЭ 16К компонент хранения эссенции
thaumicenergistics:storage.component:3, МЭ 64К компонент хранения эссенции
thaumicenergistics:storage.casing, МЭ корпус ячейки хранения эссенции
thaumicenergistics:material:0, Ядро диффузии
thaumicenergistics:material:1, Ядро слияния
thaumicenergistics:material:2, Железная шестерня
thaumicenergistics:wireless.essentia.terminal, Беспроводной терминал эссенции
thaumicenergistics:knowledge.core, Ядро знаний
thaumicenergistics:focus.aewrench, Набалдашник: AE-ключ
thaumicenergistics:golem.wifi.backpack, Wireless Golem Backpack
ThaumicExploration:transmutationCore, Transmutative Rod
ThaumicExploration:transmutationStaffCore, Transmutative Staff Core
ThaumicExploration:talismanFood, Talisman of Nourishment
ThaumicExploration:amberCore, Amber Rod
ThaumicExploration:amberStaffCore, Amber Staff Core
ThaumicExploration:necroStaffCore, Necromancer's Staff Core
ThaumicExploration:sojournerCap, Sojourner's Cap
ThaumicExploration:sojournerCapUncharged, Inert Sojourner's Cap
ThaumicExploration:mechanistCap, Mechanist's Cap
ThaumicExploration:mechanistCapUncharged, Inert Mechanist's Cap
ThaumicExploration:pureZombieBrain, Cured Zombie Brain
ThaumicExploration:blankSeal:0, Dark Blank Seal
ThaumicExploration:blankSeal:1, Red Blank Seal
ThaumicExploration:blankSeal:2, Green Blank Seal
ThaumicExploration:blankSeal:3, Brown Blank Seal
ThaumicExploration:blankSeal:4, Blue Blank Seal
ThaumicExploration:blankSeal:5, Purple Blank Seal
ThaumicExploration:blankSeal:6, Cyan Blank Seal
ThaumicExploration:blankSeal:7, Light Gray Blank Seal
ThaumicExploration:blankSeal:8, Gray Blank Seal
ThaumicExploration:blankSeal:9, Pink Blank Seal
ThaumicExploration:blankSeal:10, Lime Blank Seal
ThaumicExploration:blankSeal:11, Yellow Blank Seal
ThaumicExploration:blankSeal:12, Light Blue Blank Seal
ThaumicExploration:blankSeal:13, Magenta Blank Seal
ThaumicExploration:blankSeal:14, Orange Blank Seal
ThaumicExploration:blankSeal:15, Pale Blank Seal
ThaumicExploration:chestSeal:0, Dark Chest Binding Seal
ThaumicExploration:chestSeal:1, Red Chest Binding Seal
ThaumicExploration:chestSeal:2, Green Chest Binding Seal
ThaumicExploration:chestSeal:3, Brown Chest Binding Seal
ThaumicExploration:chestSeal:4, Blue Chest Binding Seal
ThaumicExploration:chestSeal:5, Purple Chest Binding Seal
ThaumicExploration:chestSeal:6, Cyan Chest Binding Seal
ThaumicExploration:chestSeal:7, Light Gray Chest Binding Seal
ThaumicExploration:chestSeal:8, Gray Chest Binding Seal
ThaumicExploration:chestSeal:9, Pink Chest Binding Seal
ThaumicExploration:chestSeal:10, Lime Chest Binding Seal
ThaumicExploration:chestSeal:11, Yellow Chest Binding Seal
ThaumicExploration:chestSeal:12, Light Blue Chest Binding Seal
ThaumicExploration:chestSeal:13, Magenta Chest Binding Seal
ThaumicExploration:chestSeal:14, Orange Chest Binding Seal
ThaumicExploration:chestSeal:15, Pale Chest Binding Seal
ThaumicExploration:chestSealLinked:0, Dark Chest Binding Seal
ThaumicExploration:chestSealLinked:1, Red Chest Binding Seal
ThaumicExploration:chestSealLinked:2, Green Chest Binding Seal
ThaumicExploration:chestSealLinked:3, Brown Chest Binding Seal
ThaumicExploration:chestSealLinked:4, Blue Chest Binding Seal
ThaumicExploration:chestSealLinked:5, Purple Chest Binding Seal
ThaumicExploration:chestSealLinked:6, Cyan Chest Binding Seal
ThaumicExploration:chestSealLinked:7, Light Gray Chest Binding Seal
ThaumicExploration:chestSealLinked:8, Gray Chest Binding Seal
ThaumicExploration:chestSealLinked:9, Pink Chest Binding Seal
ThaumicExploration:chestSealLinked:10, Lime Chest Binding Seal
ThaumicExploration:chestSealLinked:11, Yellow Chest Binding Seal
ThaumicExploration:chestSealLinked:12, Light Blue Chest Binding Seal
ThaumicExploration:chestSealLinked:13, Magenta Chest Binding Seal
ThaumicExploration:chestSealLinked:14, Orange Chest Binding Seal
ThaumicExploration:chestSealLinked:15, Pale Chest Binding Seal
ThaumicExploration:jarSeal:0, Dark Jar Binding Seal
ThaumicExploration:jarSeal:1, Red Jar Binding Seal
ThaumicExploration:jarSeal:2, Green Jar Binding Seal
ThaumicExploration:jarSeal:3, Brown Jar Binding Seal
ThaumicExploration:jarSeal:4, Blue Jar Binding Seal
ThaumicExploration:jarSeal:5, Purple Jar Binding Seal
ThaumicExploration:jarSeal:6, Cyan Jar Binding Seal
ThaumicExploration:jarSeal:7, Light Gray Jar Binding Seal
ThaumicExploration:jarSeal:8, Gray Jar Binding Seal
ThaumicExploration:jarSeal:9, Pink Jar Binding Seal
ThaumicExploration:jarSeal:10, Lime Jar Binding Seal
ThaumicExploration:jarSeal:11, Yellow Jar Binding Seal
ThaumicExploration:jarSeal:12, Light Blue Jar Binding Seal
ThaumicExploration:jarSeal:13, Magenta Jar Binding Seal
ThaumicExploration:jarSeal:14, Orange Jar Binding Seal
ThaumicExploration:jarSeal:15, Pale Jar Binding Seal
ThaumicExploration:charmNoTaint, Wispy Dreamcatcher
ThaumicExploration:charmTaint, Tainted Band
ThaumicExploration:bootsMeteor, Boots of the Meteor
ThaumicExploration:bootsComet, Boots of the Comet
ThaumicExploration:taintBerry, Taintberry
ThaumicExploration:tentacleRing, Taintacle Ring
ThaumicExploration:stabilizerBelt, Thaumostatic Stabilizer
ThaumicExploration:discountRing, item.thaumicexploration:discountRing.name
ThaumicHorizons:spawnerEgg:0, Призвать существо - Хроматическая овца
ThaumicHorizons:spawnerEgg:1, Призвать существо - Самостригущаяся овца
ThaumicHorizons:spawnerEgg:2, Призвать существо - Сторожевая пантера
ThaumicHorizons:spawnerEgg:3, Призвать существо - Кладбищенский сторож
ThaumicHorizons:spawnerEgg:4, Призвать существо - Фамильяр
ThaumicHorizons:spawnerEgg:5, Призвать существо - Шоколадная корова
ThaumicHorizons:spawnerEgg:6, Призвать существо - Курица учёного
ThaumicHorizons:spawnerEgg:7, Призвать существо - Золотая курица
ThaumicHorizons:spawnerEgg:8, Призвать существо - Рудный кабан
ThaumicHorizons:spawnerEgg:9, Призвать существо - Порчеед
ThaumicHorizons:spawnerEgg:10, Призвать существо - Эндер-скакун
ThaumicHorizons:spawnerEgg:11, Призвать существо - Морской волк
ThaumicHorizons:spawnerEgg:12, Призвать существо - Адская гончая
ThaumicHorizons:spawnerEgg:13, Призвать существо - Лунный волк
ThaumicHorizons:spawnerEgg:14, Призвать существо - Лошадь-зомби
ThaumicHorizons:spawnerEgg:15, Призвать существо - Лошадь-скелет
ThaumicHorizons:spawnerEgg:16, Призвать существо - Кошмар
ThaumicHorizons:spawnerEgg:17, Призвать существо - Мясной слизень
ThaumicHorizons:spawnerEgg:18, Призвать существо - Ртутный слизень
ThaumicHorizons:spawnerEgg:19, Призвать существо - Электрослизень
ThaumicHorizons:spawnerEgg:20, Призвать существо - Лечебный слизень
ThaumicHorizons:spawnerEgg:21, Призвать существо - Овцук
ThaumicHorizons:spawnerEgg:22, Призвать существо - Пропащая душа
ThaumicHorizons:eggIncubated, item.null.name
ThaumicHorizons:lensFire, item.null.name
ThaumicHorizons:lensWater, item.null.name
ThaumicHorizons:lensAir, item.null.name
ThaumicHorizons:lensEarth, item.null.name
ThaumicHorizons:lensOrderEntropy, item.null.name
ThaumicHorizons:lensCase, item.null.name
ThaumicHorizons:focusContainment, item.null.name
ThaumicHorizons:focusLiquefaction, item.null.name
ThaumicHorizons:focusDisintegration, item.null.name
ThaumicHorizons:focusIllumination:0, Набалдашник: Освещение (Чёрный)
ThaumicHorizons:focusIllumination:1, Набалдашник: Освещение (Красный)
ThaumicHorizons:focusIllumination:2, Набалдашник: Освещение (Зелёный)
ThaumicHorizons:focusIllumination:3, Набалдашник: Освещение (Коричневый)
ThaumicHorizons:focusIllumination:4, Набалдашник: Освещение (Синий)
ThaumicHorizons:focusIllumination:5, Набалдашник: Освещение (Фиолетовый)
ThaumicHorizons:focusIllumination:6, Набалдашник: Освещение (Бирюзовый)
ThaumicHorizons:focusIllumination:7, Набалдашник: Освещение (Светло-серый)
ThaumicHorizons:focusIllumination:8, Набалдашник: Освещение (Серый)
ThaumicHorizons:focusIllumination:9, Набалдашник: Освещение (Розовый)
ThaumicHorizons:focusIllumination:10, Набалдашник: Освещение (Лаймовый)
ThaumicHorizons:focusIllumination:11, Набалдашник: Освещение (Жёлтый)
ThaumicHorizons:focusIllumination:12, Набалдашник: Освещение (Голубой)
ThaumicHorizons:focusIllumination:13, Набалдашник: Освещение (Сиреневый)
ThaumicHorizons:focusIllumination:14, Набалдашник: Освещение (Оранжевый)
ThaumicHorizons:focusIllumination:15, Набалдашник: Освещение (Белый)
ThaumicHorizons:focusAnimation, item.null.name
ThaumicHorizons:amuletMirror:0, Зеркальный амулет
ThaumicHorizons:syringeEmpty, item.null.name
ThaumicHorizons:syringeBlood:0, Шприц с кровью
ThaumicHorizons:syringeBlood:1, Взрывной пузырёк
ThaumicHorizons:syringeBloodSample, item.null.name
ThaumicHorizons:injector, item.null.name
ThaumicHorizons:corpseEffigy, item.null.name
ThaumicHorizons:nutrients, item.null.name
ThaumicHorizons:dummy, item.null.name
ThaumicHorizons:barChocolate, item.null.name
ThaumicHorizons:bucketChocolate, item.null.name
ThaumicHorizons:iceCream, item.null.name
ThaumicHorizons:inkEgg, item.null.name
ThaumicHorizons:goldEgg, item.null.name
ThaumicHorizons:infusionCheat, item.null.name
ThaumicHorizons:infusionSelfCheat, item.null.name
ThaumicHorizons:suicidePill, item.null.name
ThaumicHorizons:golemPowder, item.null.name
ThaumicHorizons:golemPlacer:0, Оживлённый голем
ThaumicHorizons:golemPlacer:1, Оживлённый голем
ThaumicHorizons:golemPlacer:2, Оживлённый голем
ThaumicHorizons:golemPlacer:3, Оживлённый голем
ThaumicHorizons:golemPlacer:4, Оживлённый голем
ThaumicHorizons:golemPlacer:5, Оживлённый голем
ThaumicHorizons:golemPlacer:6, Оживлённый голем
ThaumicHorizons:golemPlacer:7, Оживлённый голем
ThaumicHorizons:Golemancy Bell TH, item.null.name
ThaumicHorizons:boatGreatwood, item.null.name
ThaumicHorizons:boatThaumium, item.null.name
ThaumicHorizons:dummyVat, item.null.name
ThaumicHorizons:keystoneTH, item.null.name
ThaumicHorizons:planarConduit, item.null.name
ThaumicHorizons:wandCastingDisposable:0, Одноразовый кристальный жезл
ThaumicHorizons:crystalWand, item.null.name
ThaumicHorizons:voidPutty, item.null.name
ThaumicHorizons:meatTH, item.null.name
ThaumicHorizons:meatCookedTH, item.null.name
ThaumicHorizons:meatNuggetTH, item.null.name
ThaumicHorizons:nodeCheat, Открывашка для узлов
ThermalDynamics:servo:0, Сервомеханизм
ThermalDynamics:servo:1, Усиленный сервомеханизм
ThermalDynamics:servo:2, Укреплённый сервомеханизм
ThermalDynamics:servo:3, Синаловый сервомеханизм
ThermalDynamics:servo:4, Резонирующий сервомеханизм
ThermalDynamics:filter:0, Фильтр
ThermalDynamics:filter:1, Усиленный фильтр
ThermalDynamics:filter:2, Укреплённый фильтр
ThermalDynamics:filter:3, Синаловый фильтр
ThermalDynamics:filter:4, Резонирующий фильтр
ThermalDynamics:cover:0, Крышка (Камень)
ThermalDynamics:cover:0, Крышка (Блок травы)
ThermalDynamics:cover:0, Крышка (Земля)
ThermalDynamics:cover:0, Крышка (Подзол)
ThermalDynamics:cover:0, Крышка (Булыжник)
ThermalDynamics:cover:0, Крышка (Дубовые доски)
ThermalDynamics:cover:0, Крышка (Еловые доски)
ThermalDynamics:cover:0, Крышка (Берёзовые доски)
ThermalDynamics:cover:0, Крышка (Доски из тропического дерева)
ThermalDynamics:cover:0, Крышка (Доски из акации)
ThermalDynamics:cover:0, Крышка (Доски из тёмного дуба)
ThermalDynamics:cover:0, Крышка (Саженец дуба)
ThermalDynamics:cover:0, Крышка (Саженец ели)
ThermalDynamics:cover:0, Крышка (Саженец берёзы)
ThermalDynamics:cover:0, Крышка (Саженец тропического дерева)
ThermalDynamics:cover:0, Крышка (Саженец акации)
ThermalDynamics:cover:0, Крышка (Саженец тёмного дуба)
ThermalDynamics:cover:0, Крышка (Бедрок)
ThermalDynamics:cover:0, Крышка (Вода)
ThermalDynamics:cover:0, Крышка (Вода)
ThermalDynamics:cover:0, Крышка (Лава)
ThermalDynamics:cover:0, Крышка (Лава)
ThermalDynamics:cover:0, Крышка (Песок)
ThermalDynamics:cover:0, Крышка (Красный песок)
ThermalDynamics:cover:0, Крышка (Гравий)
ThermalDynamics:cover:0, Крышка (Золотая руда)
ThermalDynamics:cover:0, Крышка (Железная руда)
ThermalDynamics:cover:0, Крышка (Уголь)
ThermalDynamics:cover:0, Крышка (Дуб)
ThermalDynamics:cover:0, Крышка (Ель)
ThermalDynamics:cover:0, Крышка (Берёза)
ThermalDynamics:cover:0, Крышка (Тропическое дерево)
ThermalDynamics:cover:0, Крышка (Дубовые листья)
ThermalDynamics:cover:0, Крышка (Дубовые листья)
ThermalDynamics:cover:0, Крышка (Дубовые листья)
ThermalDynamics:cover:0, Крышка (Дубовые листья)
ThermalDynamics:cover:0, Крышка (Губка)
ThermalDynamics:cover:0, Крышка (Стекло)
ThermalDynamics:cover:0, Крышка (Лазуритовая руда)
ThermalDynamics:cover:0, Крышка (Блок лазурита)
ThermalDynamics:cover:0, Крышка (Песчаник)
ThermalDynamics:cover:0, Крышка (Резной песчаник)
ThermalDynamics:cover:0, Крышка (Гладкий песчаник)
ThermalDynamics:cover:0, Крышка (Энергорельсы)
ThermalDynamics:cover:0, Крышка (Рельсы с датчиком)
ThermalDynamics:cover:0, Крышка (Липкий поршень)
ThermalDynamics:cover:0, Крышка (Паутина)
ThermalDynamics:cover:0, Крышка (Высокая трава)
ThermalDynamics:cover:0, Крышка (Папоротник)
ThermalDynamics:cover:0, Крышка (Мертвый куст)
ThermalDynamics:cover:0, Крышка (Поршень)
ThermalDynamics:cover:0, Крышка (Шерсть)
ThermalDynamics:cover:0, Крышка (Оранжевая шерсть)
ThermalDynamics:cover:0, Крышка (Пурпурная шерсть)
ThermalDynamics:cover:0, Крышка (Голубая шерсть)
ThermalDynamics:cover:0, Крышка (Желтая шерсть)
ThermalDynamics:cover:0, Крышка (Лаймовая шерсть)
ThermalDynamics:cover:0, Крышка (Розовая шерсть)
ThermalDynamics:cover:0, Крышка (Серая шерсть)
ThermalDynamics:cover:0, Крышка (Светло-серая шерсть)
ThermalDynamics:cover:0, Крышка (Бирюзовая шерсть)
ThermalDynamics:cover:0, Крышка (Фиолетовая шерсть)
ThermalDynamics:cover:0, Крышка (Синяя шерсть)
ThermalDynamics:cover:0, Крышка (Коричневая шерсть)
ThermalDynamics:cover:0, Крышка (Зеленая шерсть)
ThermalDynamics:cover:0, Крышка (Красная шерсть)
ThermalDynamics:cover:0, Крышка (Черная шерсть)
ThermalDynamics:cover:0, Крышка (Одуванчик)
ThermalDynamics:cover:0, Крышка (Мак)
ThermalDynamics:cover:0, Крышка (Синяя орхидея)
ThermalDynamics:cover:0, Крышка (Лук)
ThermalDynamics:cover:0, Крышка (Голубой василек)
ThermalDynamics:cover:0, Крышка (Красный тюльпан)
ThermalDynamics:cover:0, Крышка (Оранжевый тюльпан)
ThermalDynamics:cover:0, Крышка (Белый тюльпан)
ThermalDynamics:cover:0, Крышка (Розовый тюльпан)
ThermalDynamics:cover:0, Крышка (Ромашка)
ThermalDynamics:cover:0, Крышка (Гриб)
ThermalDynamics:cover:0, Крышка (Гриб)
ThermalDynamics:cover:0, Крышка (Золотой блок)
ThermalDynamics:cover:0, Крышка (Железный блок)
ThermalDynamics:cover:0, Крышка (Каменная плита)
ThermalDynamics:cover:0, Крышка (Плита из песчаника)
ThermalDynamics:cover:0, Крышка (Плита из булыжника)
ThermalDynamics:cover:0, Крышка (Кирпичная плита)
ThermalDynamics:cover:0, Крышка (Плита из каменных кирпичей)
ThermalDynamics:cover:0, Крышка (Плита из адского кирпича)
ThermalDynamics:cover:0, Крышка (Кварцевая плита)
ThermalDynamics:cover:0, Крышка (Кирпичи)
ThermalDynamics:cover:0, Крышка (Динамит)
ThermalDynamics:cover:0, Крышка (Книжная полка)
ThermalDynamics:cover:0, Крышка (Замшелый булыжник)
ThermalDynamics:cover:0, Крышка (Обсидиан)
ThermalDynamics:cover:0, Крышка (Факел)
ThermalDynamics:cover:0, Крышка (Огонь)
ThermalDynamics:cover:0, Крышка (Дубовые ступеньки)
ThermalDynamics:cover:0, Крышка (Алмазная руда)
ThermalDynamics:cover:0, Крышка (Алмазный блок)
ThermalDynamics:cover:0, Крышка (Верстак)
ThermalDynamics:cover:0, Крышка (Пашня)
ThermalDynamics:cover:0, Крышка (Лестница)
ThermalDynamics:cover:0, Крышка (Рельсы)
ThermalDynamics:cover:0, Крышка (Ступеньки из булыжника)
ThermalDynamics:cover:0, Крышка (Рычаг)
ThermalDynamics:cover:0, Крышка (Нажимная плита)
ThermalDynamics:cover:0, Крышка (Нажимная плита)
ThermalDynamics:cover:0, Крышка (Красная руда)
ThermalDynamics:cover:0, Крышка (Красный факел)
ThermalDynamics:cover:0, Крышка (Кнопка)
ThermalDynamics:cover:0, Крышка (Снег)
ThermalDynamics:cover:0, Крышка (Лёд)
ThermalDynamics:cover:0, Крышка (Снег)
ThermalDynamics:cover:0, Крышка (Кактус)
ThermalDynamics:cover:0, Крышка (Глина)
ThermalDynamics:cover:0, Крышка (Забор)
ThermalDynamics:cover:0, Крышка (Тыква)
ThermalDynamics:cover:0, Крышка (Адский камень)
ThermalDynamics:cover:0, Крышка (Песок душ)
ThermalDynamics:cover:0, Крышка (Светящийся камень)
ThermalDynamics:cover:0, Крышка (Админиум-портал)
ThermalDynamics:cover:0, Крышка (Светильник Джека)
ThermalDynamics:cover:0, Крышка (Белое стекло)
ThermalDynamics:cover:0, Крышка (Оранжевое стекло)
ThermalDynamics:cover:0, Крышка (Пурпурное стекло)
ThermalDynamics:cover:0, Крышка (Голубое стекло)
ThermalDynamics:cover:0, Крышка (Жёлтое стекло)
ThermalDynamics:cover:0, Крышка (Лаймовое стекло)
ThermalDynamics:cover:0, Крышка (Розовое стекло)
ThermalDynamics:cover:0, Крышка (Серое стекло)
ThermalDynamics:cover:0, Крышка (Светло-серое стекло)
ThermalDynamics:cover:0, Крышка (Бирюзовое стекло)
ThermalDynamics:cover:0, Крышка (Фиолетовое стекло)
ThermalDynamics:cover:0, Крышка (Синее стекло)
ThermalDynamics:cover:0, Крышка (Коричневое стекло)
ThermalDynamics:cover:0, Крышка (Зелёное стекло)
ThermalDynamics:cover:0, Крышка (Красное стекло)
ThermalDynamics:cover:0, Крышка (Чёрное стекло)
ThermalDynamics:cover:0, Крышка (Люк)
ThermalDynamics:cover:0, Крышка (Камень с монстрами)
ThermalDynamics:cover:0, Крышка (Булыжник с монстрами)
ThermalDynamics:cover:0, Крышка (Каменный кирпич с монстрами)
ThermalDynamics:cover:0, Крышка (Замшелый каменный кирпич с монстрами)
ThermalDynamics:cover:0, Крышка (Потрескавшийся каменный кирпич с монстрами)
ThermalDynamics:cover:0, Крышка (Резной каменный кирпич с монстрами)
ThermalDynamics:cover:0, Крышка (Каменные кирпичи)
ThermalDynamics:cover:0, Крышка (Замшелые каменные кирпичи)
ThermalDynamics:cover:0, Крышка (Потресканные каменные кирпичи)
ThermalDynamics:cover:0, Крышка (Резные каменные кирпичи)
ThermalDynamics:cover:0, Крышка (Гриб)
ThermalDynamics:cover:0, Крышка (Гриб)
ThermalDynamics:cover:0, Крышка (Железные прутья)
ThermalDynamics:cover:0, Крышка (Стеклянная панель)
ThermalDynamics:cover:0, Крышка (Арбуз)
ThermalDynamics:cover:0, Крышка (Лоза)
ThermalDynamics:cover:0, Крышка (Калитка)
ThermalDynamics:cover:0, Крышка (Кирпичные ступеньки)
ThermalDynamics:cover:0, Крышка (Ступеньки из каменного кирпича)
ThermalDynamics:cover:0, Крышка (Мицелий)
ThermalDynamics:cover:0, Крышка (Кувшинка)
ThermalDynamics:cover:0, Крышка (Адские кирпичи)
ThermalDynamics:cover:0, Крышка (Адский забор)
ThermalDynamics:cover:0, Крышка (Адские ступеньки)
ThermalDynamics:cover:0, Крышка (Портал в Энд)
ThermalDynamics:cover:0, Крышка (Эндерняк)
ThermalDynamics:cover:0, Крышка (Яйцо дракона)
ThermalDynamics:cover:0, Крышка (Лампа)
ThermalDynamics:cover:0, Крышка (Дубовая плита)
ThermalDynamics:cover:0, Крышка (Еловая панель)
ThermalDynamics:cover:0, Крышка (Берёзовая плита)
ThermalDynamics:cover:0, Крышка (Плита из тропического дерева)
ThermalDynamics:cover:0, Крышка (Плита из акации)
ThermalDynamics:cover:0, Крышка (Плита из тёмного дуба)
ThermalDynamics:cover:0, Крышка (Какао)
ThermalDynamics:cover:0, Крышка (Ступеньки из песчаника)
ThermalDynamics:cover:0, Крышка (Изумрудная руда)
ThermalDynamics:cover:0, Крышка (Крюк)
ThermalDynamics:cover:0, Крышка (Изумрудный блок)
ThermalDynamics:cover:0, Крышка (Еловые ступеньки)
ThermalDynamics:cover:0, Крышка (Березовые ступеньки)
ThermalDynamics:cover:0, Крышка (Ступеньки из тропической древесины)
ThermalDynamics:cover:0, Крышка (Каменная ограда)
ThermalDynamics:cover:0, Крышка (Ограда из замшелого булыжника)
ThermalDynamics:cover:0, Крышка (Морковь)
ThermalDynamics:cover:0, Крышка (Картофель)
ThermalDynamics:cover:0, Крышка (Кнопка)
ThermalDynamics:cover:0, Крышка (Наковальня)
ThermalDynamics:cover:0, Крышка (Наковальня)
ThermalDynamics:cover:0, Крышка (Наковальня)
ThermalDynamics:cover:0, Крышка (Утяжелённая нажимная пластина (Лёгкая))
ThermalDynamics:cover:0, Крышка (Утяжелённая нажимная пластина (Тяжёлая))
ThermalDynamics:cover:0, Крышка (Блок красного камня)
ThermalDynamics:cover:0, Крышка (Кварцевая руда)
ThermalDynamics:cover:0, Крышка (Кварцевый блок)
ThermalDynamics:cover:0, Крышка (Резной кварцевый блок)
ThermalDynamics:cover:0, Крышка (Кварцевая колонна)
ThermalDynamics:cover:0, Крышка (Кварцевые ступеньки)
ThermalDynamics:cover:0, Крышка (Активирующие рельсы)
ThermalDynamics:cover:0, Крышка (Белая обожжённая глина)
ThermalDynamics:cover:0, Крышка (Оранжевая обожжённая глина)
ThermalDynamics:cover:0, Крышка (Пурпурная обожжённая глина)
ThermalDynamics:cover:0, Крышка (Голубая обожжённая глина)
ThermalDynamics:cover:0, Крышка (Жёлтая обожжённая глина)
ThermalDynamics:cover:0, Крышка (Лаймовая обожжённая глина)
ThermalDynamics:cover:0, Крышка (Розовая обожжённая глина)
ThermalDynamics:cover:0, Крышка (Серая обожжённая глина)
ThermalDynamics:cover:0, Крышка (Светло-серая обожжённая глина)
ThermalDynamics:cover:0, Крышка (Бирюзовая обожжённая глина)
ThermalDynamics:cover:0, Крышка (Фиолетовая обожжённая глина)
ThermalDynamics:cover:0, Крышка (Синяя обожжённая глина)
ThermalDynamics:cover:0, Крышка (Коричневая обожжённая глина)
ThermalDynamics:cover:0, Крышка (Зелёная обожжённая глина)
ThermalDynamics:cover:0, Крышка (Красная обожжённая глина)
ThermalDynamics:cover:0, Крышка (Чёрная обожжённая глина)
ThermalDynamics:cover:0, Крышка (Белая стеклянная панель)
ThermalDynamics:cover:0, Крышка (Оранжевая стеклянная панель)
ThermalDynamics:cover:0, Крышка (Пурпурная стеклянная панель)
ThermalDynamics:cover:0, Крышка (Голубая стеклянная панель)
ThermalDynamics:cover:0, Крышка (Жёлтая стеклянная панель)
ThermalDynamics:cover:0, Крышка (Лаймовая стеклянная панель)
ThermalDynamics:cover:0, Крышка (Розовая стеклянная панель)
ThermalDynamics:cover:0, Крышка (Серая стеклянная панель)
ThermalDynamics:cover:0, Крышка (Светло-серая стеклянная панель)
ThermalDynamics:cover:0, Крышка (Бирюзовая стеклянная панель)
ThermalDynamics:cover:0, Крышка (Фиолетовая стеклянная панель)
ThermalDynamics:cover:0, Крышка (Синяя стеклянная панель)
ThermalDynamics:cover:0, Крышка (Коричневая стеклянная панель)
ThermalDynamics:cover:0, Крышка (Зелёная стеклянная панель)
ThermalDynamics:cover:0, Крышка (Красная стеклянная панель)
ThermalDynamics:cover:0, Крышка (Чёрная стеклянная панель)
ThermalDynamics:cover:0, Крышка (Листья акации)
ThermalDynamics:cover:0, Крышка (Листья акации)
ThermalDynamics:cover:0, Крышка (Древесина акации)
ThermalDynamics:cover:0, Крышка (Древесина тёмного дуба)
ThermalDynamics:cover:0, Крышка (Ступеньки из древесины акации)
ThermalDynamics:cover:0, Крышка (Ступеньки из тёмного дуба)
ThermalDynamics:cover:0, Крышка (ic2.blockOreCopper)
ThermalDynamics:cover:0, Крышка (ic2.blockOreTin)
ThermalDynamics:cover:0, Крышка (ic2.blockOreUran)
ThermalDynamics:cover:0, Крышка (ic2.blockOreLead)
ThermalDynamics:cover:0, Крышка (ic2.blockRubWood)
ThermalDynamics:cover:0, Крышка (Сноп сена)
ThermalDynamics:cover:0, Крышка (Ковёр)
ThermalDynamics:cover:0, Крышка (Оранжевый ковёр)
ThermalDynamics:cover:0, Крышка (Пурпурный ковёр)
ThermalDynamics:cover:0, Крышка (Голубой ковёр)
ThermalDynamics:cover:0, Крышка (Жёлтый ковёр)
ThermalDynamics:cover:0, Крышка (Лаймовый ковёр)
ThermalDynamics:cover:0, Крышка (Розовый ковёр)
ThermalDynamics:cover:0, Крышка (Серый ковёр)
ThermalDynamics:cover:0, Крышка (Светло-серый ковёр)
ThermalDynamics:cover:0, Крышка (Бирюзовый ковёр)
ThermalDynamics:cover:0, Крышка (Фиолетовый ковёр)
ThermalDynamics:cover:0, Крышка (Синий ковёр)
ThermalDynamics:cover:0, Крышка (Коричневый ковёр)
ThermalDynamics:cover:0, Крышка (Зелёный ковёр)
ThermalDynamics:cover:0, Крышка (Красный ковёр)
ThermalDynamics:cover:0, Крышка (Чёрный ковёр)
ThermalDynamics:cover:0, Крышка (Обожжёная глина)
ThermalDynamics:cover:0, Крышка (Угольный блок)
ThermalDynamics:cover:0, Крышка (Плотный лёд)
ThermalDynamics:cover:0, Крышка (Подсолнух)
ThermalDynamics:cover:0, Крышка (Сирень)
ThermalDynamics:cover:0, Крышка (Двойная высокая трава)
ThermalDynamics:cover:0, Крышка (Раскидистый папоротник)
ThermalDynamics:cover:0, Крышка (Розовый куст)
ThermalDynamics:cover:0, Крышка (Пион)
ThermalDynamics:cover:0, Крышка (ic2.blockRubLeaves)
ThermalDynamics:cover:0, Крышка (ic2.blockRubSapling)
ThermalDynamics:cover:0, Крышка (ic2.blockHarz)
ThermalDynamics:cover:0, Крышка (ic2.blockRubber)
ThermalDynamics:cover:0, Крышка (ic2.blockFenceIron)
ThermalDynamics:cover:0, Крышка (ic2.blockAlloy)
ThermalDynamics:cover:0, Крышка (ic2.blockBasalt)
ThermalDynamics:cover:0, Крышка (ic2.blockAlloyGlass)
ThermalDynamics:cover:0, Крышка (tile.blockDoorAlloy.name)
ThermalDynamics:cover:0, Крышка (ic2.blockReinforcedFoam)
ThermalDynamics:cover:0, Крышка (ic2.blockFoam)
ThermalDynamics:cover:0, Крышка (ic2.blockScaffold)
ThermalDynamics:cover:0, Крышка (ic2.blockIronScaffold)
ThermalDynamics:cover:0, Крышка (ic2.blockMetalCopper)
ThermalDynamics:cover:0, Крышка (ic2.blockMetalTin)
ThermalDynamics:cover:0, Крышка (ic2.blockMetalBronze)
ThermalDynamics:cover:0, Крышка (ic2.blockMetalUranium)
ThermalDynamics:cover:0, Крышка (ic2.blockMetalLead)
ThermalDynamics:cover:0, Крышка (ic2.blockMetalAdvIron)
ThermalDynamics:cover:0, Крышка (ic2.blockMiningPipe)
ThermalDynamics:cover:0, Крышка (ic2.blockITNT)
ThermalDynamics:cover:0, Крышка (ic2.blockDynamite)
ThermalDynamics:cover:0, Крышка (ic2.blockDynamiteRemote)
ThermalDynamics:cover:0, Крышка (ic2.fluidUuMatter)
ThermalDynamics:cover:0, Крышка (ic2.fluidConstructionFoam)
ThermalDynamics:cover:0, Крышка (ic2.fluidCoolant)
ThermalDynamics:cover:0, Крышка (ic2.fluidHotCoolant)
ThermalDynamics:cover:0, Крышка (ic2.fluidPahoehoeLava)
ThermalDynamics:cover:0, Крышка (ic2.fluidBiomass)
ThermalDynamics:cover:0, Крышка (ic2.fluidBiogas)
ThermalDynamics:cover:0, Крышка (ic2.fluidDistilledWater)
ThermalDynamics:cover:0, Крышка (ic2.fluidSuperheatedSteam)
ThermalDynamics:cover:0, Крышка (ic2.fluidSteam)
ThermalDynamics:cover:0, Крышка (ic2.fluidHotWater)
ThermalDynamics:cover:0, Крышка (Руда истинного кварца)
ThermalDynamics:cover:0, Крышка (Заряженная руда истинного кварца)
ThermalDynamics:cover:0, Крышка (Блок истинного кварца)
ThermalDynamics:cover:0, Крышка (Колонна истинного кварца)
ThermalDynamics:cover:0, Крышка (Резной блок истинного кварца)
ThermalDynamics:cover:0, Крышка (Кварцевое стекло)
ThermalDynamics:cover:0, Крышка (Энергичное кварцевое стекло)
ThermalDynamics:cover:0, Крышка (Светильник из заряженного кварца)
ThermalDynamics:cover:0, Крышка (Изменчивый блок)
ThermalDynamics:cover:0, Крышка (Небесный камень)
ThermalDynamics:cover:0, Крышка (Блок небесного камня)
ThermalDynamics:cover:0, Крышка (Кирпич небесного камня)
ThermalDynamics:cover:0, Крышка (Малый кирпич небесного камня)
ThermalDynamics:cover:0, Крышка (Маленький динамит)
ThermalDynamics:cover:0, Крышка (Ступеньки из небесного камня)
ThermalDynamics:cover:0, Крышка (Ступеньки из блока небесного камня)
ThermalDynamics:cover:0, Крышка (Ступеньки из кирпича небесного камня)
ThermalDynamics:cover:0, Крышка (Ступеньки из малого кирпича небесного камня)
ThermalDynamics:cover:0, Крышка (Изменчивые ступеньки)
ThermalDynamics:cover:0, Крышка (Ступеньки из истинного кварца)
ThermalDynamics:cover:0, Крышка (Ступеньки из резного истинного кварца)
ThermalDynamics:cover:0, Крышка (Ступеньки из колонны истинного кварца)
ThermalDynamics:cover:0, Крышка (Sky Stone Slabs)
ThermalDynamics:cover:0, Крышка (Sky Stone Slabs)
ThermalDynamics:cover:0, Крышка (Sky Stone Block Slabs)
ThermalDynamics:cover:0, Крышка (Sky Stone Block Slabs)
ThermalDynamics:cover:0, Крышка (Sky Stone Brick Slabs)
ThermalDynamics:cover:0, Крышка (Sky Stone Brick Slabs)
ThermalDynamics:cover:0, Крышка (Sky Stone Small Brick Slabs)
ThermalDynamics:cover:0, Крышка (Sky Stone Small Brick Slabs)
ThermalDynamics:cover:0, Крышка (Fluix Slabs)
ThermalDynamics:cover:0, Крышка (Fluix Slabs)
ThermalDynamics:cover:0, Крышка (Certus Quartz Slabs)
ThermalDynamics:cover:0, Крышка (Certus Quartz Slabs)
ThermalDynamics:cover:0, Крышка (Chiseled Certus Quartz Slabs)
ThermalDynamics:cover:0, Крышка (Chiseled Certus Quartz Slabs)
ThermalDynamics:cover:0, Крышка (Certus Quartz Pillar Slabs)
ThermalDynamics:cover:0, Крышка (Certus Quartz Pillar Slabs)
ThermalDynamics:cover:0, Крышка (Mining Portal)
ThermalDynamics:cover:0, Крышка (Portal Frame)
ThermalDynamics:cover:0, Крышка (Sticky Ore)
ThermalDynamics:cover:0, Крышка (Фабричный блок механизма)
ThermalDynamics:cover:0, Крышка (Корпус программируемого RedNet контроллера)
ThermalDynamics:cover:0, Крышка (Грузовой погружающий путь)
ThermalDynamics:cover:0, Крышка (Грузовой высаживающий путь)
ThermalDynamics:cover:0, Крышка (Пассажирский погружающий путь)
ThermalDynamics:cover:0, Крышка (Пассажирский высаживающий путь)
ThermalDynamics:cover:0, Крышка (Саженец гевеи)
ThermalDynamics:cover:0, Крышка (Священный саженец гевеи)
ThermalDynamics:cover:0, Крышка (Большой саженец гевеи)
ThermalDynamics:cover:0, Крышка (Священный саженец гевеи)
ThermalDynamics:cover:0, Крышка (Древесина гевеи)
ThermalDynamics:cover:0, Крышка (Древесина гевеи)
ThermalDynamics:cover:0, Крышка (Сухая листва гевеи)
ThermalDynamics:cover:0, Крышка (Сухая листва гевеи)
ThermalDynamics:cover:0, Крышка (Цветное стекло (Белое))
ThermalDynamics:cover:0, Крышка (Цветное стекло (Оранжевое))
ThermalDynamics:cover:0, Крышка (Цветное стекло (Сиреневое))
ThermalDynamics:cover:0, Крышка (Цветное стекло(Светло-синее))
ThermalDynamics:cover:0, Крышка (Цветное стекло (Жёлтое))
ThermalDynamics:cover:0, Крышка (Цветное стекло (Лаймовое))
ThermalDynamics:cover:0, Крышка (Цветное стекло (Розовое))
ThermalDynamics:cover:0, Крышка (Цветное стекло (Серое))
ThermalDynamics:cover:0, Крышка (Цветное стекло (Светло-серое))
ThermalDynamics:cover:0, Крышка (Цветное стекло (Бирюзовое))
ThermalDynamics:cover:0, Крышка (Цветное стекло (Фиолетовое))
ThermalDynamics:cover:0, Крышка (Цветное стекло (Синее))
ThermalDynamics:cover:0, Крышка (Цветное стекло (Коричневое))
ThermalDynamics:cover:0, Крышка (Цветное стекло (Зелёное))
ThermalDynamics:cover:0, Крышка (Цветное стекло (Красное))
ThermalDynamics:cover:0, Крышка (Цветное стекло (Чёрное))
ThermalDynamics:cover:0, Крышка (Цветная стеклянная панель (Белая))
ThermalDynamics:cover:0, Крышка (Цветная стеклянная панель (Оранжевая))
ThermalDynamics:cover:0, Крышка (Цветная стеклянная панель (Сиреневая))
ThermalDynamics:cover:0, Крышка (Цветная стеклянная панель (Светло-синяя))
ThermalDynamics:cover:0, Крышка (Цветная стеклянная панель (Жёлтая))
ThermalDynamics:cover:0, Крышка (Цветная стеклянная панель (Лаймовая))
ThermalDynamics:cover:0, Крышка (Цветная стеклянная панель (Розовая))
ThermalDynamics:cover:0, Крышка (Цветная стеклянная панель (Серая))
ThermalDynamics:cover:0, Крышка (Цветная стеклянная панель (Светло-серая))
ThermalDynamics:cover:0, Крышка (Цветная стеклянная панель (Бирюзовая))
ThermalDynamics:cover:0, Крышка (Цветная стеклянная панель (Фиолетовая))
ThermalDynamics:cover:0, Крышка (Цветная стеклянная панель (Синяя))
ThermalDynamics:cover:0, Крышка (Цветная стеклянная панель (Коричневая))
ThermalDynamics:cover:0, Крышка (Цветная стеклянная панель (Зелёная))
ThermalDynamics:cover:0, Крышка (Цветная стеклянная панель (Красная))
ThermalDynamics:cover:0, Крышка (Цветная стеклянная панель (Чёрная))
ThermalDynamics:cover:0, Крышка (Дорожка)
ThermalDynamics:cover:0, Крышка (Светящаяся дорожка)
ThermalDynamics:cover:0, Крышка (Светящаяся дорожка (Перевёрнутая))
ThermalDynamics:cover:0, Крышка (Блок пластика)
ThermalDynamics:cover:0, Крышка (Plastic Paver)
ThermalDynamics:cover:0, Крышка (Plastic Column)
ThermalDynamics:cover:0, Крышка (Large Plastic Bricks)
ThermalDynamics:cover:0, Крышка (Chiseled Plastic Bricks)
ThermalDynamics:cover:0, Крышка (Plastic Road)
ThermalDynamics:cover:0, Крышка (Plastic Bricks)
ThermalDynamics:cover:0, Крышка (Ледяные кирпичи)
ThermalDynamics:cover:0, Крышка (Светящиеся кирпичи)
ThermalDynamics:cover:0, Крышка (Лазуритовые кирпичи)
ThermalDynamics:cover:0, Крышка (Обсидиановые кирпичи)
ThermalDynamics:cover:0, Крышка (Асфальтовые кирпичи)
ThermalDynamics:cover:0, Крышка (Снежные кирпичи)
ThermalDynamics:cover:0, Крышка (Большие ледяные кирпичи)
ThermalDynamics:cover:0, Крышка (Большие светящиеся кирпичи)
ThermalDynamics:cover:0, Крышка (Большие лазуритовые кирпичи)
ThermalDynamics:cover:0, Крышка (Большие обсидиановые кирпичи)
ThermalDynamics:cover:0, Крышка (Большие мощённые каменные кирпичи)
ThermalDynamics:cover:0, Крышка (Большие снежные кирпичи)
ThermalDynamics:cover:0, Крышка (Блок сырого мяса)
ThermalDynamics:cover:0, Крышка (Блок приготовленного мяса)
ThermalDynamics:cover:0, Крышка (Большие кирпичи)
ThermalDynamics:cover:0, Крышка (Сахарный древесноугольный блок)
ThermalDynamics:cover:0, Крышка (Гладкий чёрный камень)
ThermalDynamics:cover:0, Крышка (Гладкий белый камень)
ThermalDynamics:cover:0, Крышка (Чёрный булыжник)
ThermalDynamics:cover:0, Крышка (Белый булыжник)
ThermalDynamics:cover:0, Крышка (Большие чёрные кирпичи)
ThermalDynamics:cover:0, Крышка (Большие белые кирпичи)
ThermalDynamics:cover:0, Крышка (Маленькие чёрные кирпичи)
ThermalDynamics:cover:0, Крышка (Маленькие белые кирпичи)
ThermalDynamics:cover:0, Крышка (Гравиевый чёрный камень)
ThermalDynamics:cover:0, Крышка (Гравиевый белый камень)
ThermalDynamics:cover:0, Крышка (Мощёный чёрный камень)
ThermalDynamics:cover:0, Крышка (Мощёный белый камень)
ThermalDynamics:cover:0, Крышка (Блок розовой слизи)
ThermalDynamics:cover:0, Крышка (Лиановые строительные леса)
ThermalDynamics:cover:0, Крышка (Плодородная почва)
ThermalDynamics:cover:0, Крышка (Молоко)
ThermalDynamics:cover:0, Крышка (Шлам)
ThermalDynamics:cover:0, Крышка (Навоз)
ThermalDynamics:cover:0, Крышка (Эссенция)
ThermalDynamics:cover:0, Крышка (Биотопливо)
ThermalDynamics:cover:0, Крышка (Фарш)
ThermalDynamics:cover:0, Крышка (Розовая слизь)
ThermalDynamics:cover:0, Крышка (Молочный шоколад)
ThermalDynamics:cover:0, Крышка (Грибной суп)
ThermalDynamics:cover:0, Крышка (Пар)
ThermalDynamics:cover:0, Крышка (Заражённая слизь)
ThermalDynamics:cover:0, Крышка (Заражённый газ)
ThermalDynamics:cover:0, Крышка (Очищающая жидкость)
ThermalDynamics:cover:0, Крышка (Жидкая смерть)
ThermalDynamics:cover:0, Крышка (Киноварь)
ThermalDynamics:cover:0, Крышка (Грозовая руда)
ThermalDynamics:cover:0, Крышка (Огненная руда)
ThermalDynamics:cover:0, Крышка (Ледяная руда)
ThermalDynamics:cover:0, Крышка (Руда земляного кристалла)
ThermalDynamics:cover:0, Крышка (Руда кристалла порядка)
ThermalDynamics:cover:0, Крышка (Энтропийная руда)
ThermalDynamics:cover:0, Крышка (Янтарная руда)
ThermalDynamics:cover:0, Крышка (Древесина великого дерева)
ThermalDynamics:cover:0, Крышка (Древесина серебряного дерева)
ThermalDynamics:cover:0, Крышка (Листва великого дерева)
ThermalDynamics:cover:0, Крышка (Листва серебряного дерева)
ThermalDynamics:cover:0, Крышка (Саженец великого дерева)
ThermalDynamics:cover:0, Крышка (Саженец серебрянного дерева)
ThermalDynamics:cover:0, Крышка (Сребролист)
ThermalDynamics:cover:0, Крышка (Огненный жемчуг)
ThermalDynamics:cover:0, Крышка (Висомор)
ThermalDynamics:cover:0, Крышка (Заражённый камень)
ThermalDynamics:cover:0, Крышка (Заражённая земля)
ThermalDynamics:cover:0, Крышка (Блок плоти)
ThermalDynamics:cover:0, Крышка (Заражённое волокно)
ThermalDynamics:cover:0, Крышка (Заражённая трава)
ThermalDynamics:cover:0, Крышка (Заражённое растение)
ThermalDynamics:cover:0, Крышка (Спороцвет)
ThermalDynamics:cover:0, Крышка (Обсидиановый тотем)
ThermalDynamics:cover:0, Крышка (Обсидиановая основа)
ThermalDynamics:cover:0, Крышка (Камень путешественника)
ThermalDynamics:cover:0, Крышка (Блок таум-металла)
ThermalDynamics:cover:0, Крышка (Блок магического жира)
ThermalDynamics:cover:0, Крышка (Магический камень)
ThermalDynamics:cover:0, Крышка (Магический кирпич)
ThermalDynamics:cover:0, Крышка (Голем-деактиватор)
ThermalDynamics:cover:0, Крышка (Древний камень)
ThermalDynamics:cover:0, Крышка (Древняя скала)
ThermalDynamics:cover:0, Крышка (Заросший камень)
ThermalDynamics:cover:0, Крышка (Древний пьедестал)
ThermalDynamics:cover:0, Крышка (Белая свеча)
ThermalDynamics:cover:0, Крышка (Оранжевая свеча)
ThermalDynamics:cover:0, Крышка (Сиреневая свеча)
ThermalDynamics:cover:0, Крышка (Светло-синяя свеча)
ThermalDynamics:cover:0, Крышка (Жёлтая свеча)
ThermalDynamics:cover:0, Крышка (Лаймовая свеча)
ThermalDynamics:cover:0, Крышка (Розовая свеча)
ThermalDynamics:cover:0, Крышка (Серая свеча)
ThermalDynamics:cover:0, Крышка (Светло-серая свеча)
ThermalDynamics:cover:0, Крышка (Бирюзовая свеча)
ThermalDynamics:cover:0, Крышка (Фиолетовая свеча)
ThermalDynamics:cover:0, Крышка (Синяя свеча)
ThermalDynamics:cover:0, Крышка (Коричневая свеча)
ThermalDynamics:cover:0, Крышка (Зелёная свеча)
ThermalDynamics:cover:0, Крышка (Красная свеча)
ThermalDynamics:cover:0, Крышка (Чёрная свеча)
ThermalDynamics:cover:0, Крышка (tile.blockPortalNothing.name)
ThermalDynamics:cover:0, Крышка (Лестница из магического камня)
ThermalDynamics:cover:0, Крышка (Лестница из великого дерева)
ThermalDynamics:cover:0, Крышка (Лестница из серебряного дерева)
ThermalDynamics:cover:0, Крышка (Лестница из древнего камня)
ThermalDynamics:cover:0, Крышка (Плита из великого дерева)
ThermalDynamics:cover:0, Крышка (Плита из серебряного дерева)
ThermalDynamics:cover:0, Крышка (Плита из магического камня)
ThermalDynamics:cover:0, Крышка (Плита из древнего камня)
ThermalDynamics:cover:0, Крышка (Старая ваза)
ThermalDynamics:cover:0, Крышка (Старая ваза)
ThermalDynamics:cover:0, Крышка (Старая ваза)
ThermalDynamics:cover:0, Крышка (Забытый ящик)
ThermalDynamics:cover:0, Крышка (Забытый ящик)
ThermalDynamics:cover:0, Крышка (Забытый ящик)
ThermalDynamics:cover:0, Крышка (Агрегатор эссенции)
ThermalDynamics:cover:0, Крышка (Зачарованная книжная полка)
ThermalDynamics:cover:0, Крышка (Заколдованная книжная полка)
ThermalDynamics:cover:0, Крышка (Блок памяти)
ThermalDynamics:cover:0, Крышка (Руннический обсидиан)
ThermalDynamics:cover:0, Крышка (Рунный обсидиан (Гора))
ThermalDynamics:cover:0, Крышка (Рунный обсидиан (Море))
ThermalDynamics:cover:0, Крышка (Рунный обсидиан (Кристалл))
ThermalDynamics:cover:0, Крышка (Рунный обсидиан (Свет))
ThermalDynamics:cover:0, Крышка (Рунный обсидиан (Душа))
ThermalDynamics:cover:0, Крышка (Рунный обсидиан (Быстрота))
ThermalDynamics:cover:0, Крышка (Runed Obsidian (Zombie))
ThermalDynamics:cover:0, Крышка (Runed Obsidian (Blaze))
ThermalDynamics:cover:0, Крышка (Runed Obsidian (Ghast))
ThermalDynamics:cover:0, Крышка (Runed Obsidian (Skull))
ThermalDynamics:cover:0, Крышка (Runed Obsidian (Slime))
ThermalDynamics:cover:0, Крышка (Runed Obsidian (Bat))
ThermalDynamics:cover:0, Крышка (Runed Obsidian (Wisp))
ThermalDynamics:cover:0, Крышка (Молоко)
ThermalDynamics:cover:0, Крышка (Грибной суп)
ThermalDynamics:cover:0, Крышка (Суп из висомора)
ThermalDynamics:cover:0, Крышка (Кровавая руна)
ThermalDynamics:cover:0, Крышка (Руна дополнительной ёмкости)
ThermalDynamics:cover:0, Крышка (Руна дислокации)
ThermalDynamics:cover:0, Крышка (Руна шара)
ThermalDynamics:cover:0, Крышка (Руна улучшенной ёмкости)
ThermalDynamics:cover:0, Крышка (Руна ускорения)
ThermalDynamics:cover:0, Крышка (Жизненная эссенция)
ThermalDynamics:cover:0, Крышка (Руна скорости)
ThermalDynamics:cover:0, Крышка (Руна эффективности)
ThermalDynamics:cover:0, Крышка (Руна жертвоприношения)
ThermalDynamics:cover:0, Крышка (Руна самопожертвования)
ThermalDynamics:cover:0, Крышка (Ритуальный камень)
ThermalDynamics:cover:0, Крышка (Несовершенный ритуальный камень)
ThermalDynamics:cover:0, Крышка (Кузница душевной брони)
ThermalDynamics:cover:0, Крышка (Пустой сокет)
ThermalDynamics:cover:0, Крышка (Кровавый кирпич)
ThermalDynamics:cover:0, Крышка (Большой кровавый кирпич)
ThermalDynamics:cover:0, Крышка (Кровавый свет)
ThermalDynamics:cover:0, Крышка (Кристальное скопление)
ThermalDynamics:cover:0, Крышка (Кирпич кристального скопления)
ThermalDynamics:cover:0, Крышка (Глиф искусного зачарователя)
ThermalDynamics:cover:0, Крышка (Глиф магической силы)
ThermalDynamics:cover:0, Крышка (Глиф непреклонный стабильности)
ThermalDynamics:cover:0, Крышка (Мистический белый цветок)
ThermalDynamics:cover:0, Крышка (Мистический оранжевый цветок)
ThermalDynamics:cover:0, Крышка (Мистический сиреневый цветок)
ThermalDynamics:cover:0, Крышка (Мистический светло-синий цветок)
ThermalDynamics:cover:0, Крышка (Мистический жёлтый цветок)
ThermalDynamics:cover:0, Крышка (Мистический лаймовый цветок)
ThermalDynamics:cover:0, Крышка (Мистический розовый цветок)
ThermalDynamics:cover:0, Крышка (Мистический серый цветок)
ThermalDynamics:cover:0, Крышка (Мистический светло-серый цветок)
ThermalDynamics:cover:0, Крышка (Мистический бирюзовый цветок)
ThermalDynamics:cover:0, Крышка (Мистический фиолетовый цветок)
ThermalDynamics:cover:0, Крышка (Мистический синий цветок)
ThermalDynamics:cover:0, Крышка (Мистический коричневый цветок)
ThermalDynamics:cover:0, Крышка (Мистический зелёный цветок)
ThermalDynamics:cover:0, Крышка (Мистический красный цветок)
ThermalDynamics:cover:0, Крышка (Мистический чёрный цветок)
ThermalDynamics:cover:0, Крышка (Жизнекамень)
ThermalDynamics:cover:0, Крышка (Кирпич из жизнекамня)
ThermalDynamics:cover:0, Крышка (Замшелый кирпич из жизнекамня)
ThermalDynamics:cover:0, Крышка (Потрескавшийся кирпич из жизнекамня)
ThermalDynamics:cover:0, Крышка (Обрамленный кирпич из жизнекамня)
ThermalDynamics:cover:0, Крышка (Жизнедерево)
ThermalDynamics:cover:0, Крышка (Доски из жизнедерева)
ThermalDynamics:cover:0, Крышка (Замшелые доски из жизнедерева)
ThermalDynamics:cover:0, Крышка (Обрамленное жизнедерево)
ThermalDynamics:cover:0, Крышка (Резное жизнедерево)
ThermalDynamics:cover:0, Крышка (Светящееся жизнедерево)
ThermalDynamics:cover:0, Крышка (Белый нестабильный куб)
ThermalDynamics:cover:0, Крышка (Оранжевый нестабильный куб)
ThermalDynamics:cover:0, Крышка (Сиреневый нестабильный куб)
ThermalDynamics:cover:0, Крышка (Светло-синий нестабильный куб)
ThermalDynamics:cover:0, Крышка (Жёлтый нестабильный куб)
ThermalDynamics:cover:0, Крышка (Лаймовый нестабильный куб)
ThermalDynamics:cover:0, Крышка (Розовый нестабильный куб)
ThermalDynamics:cover:0, Крышка (Серый нестабильный куб)
ThermalDynamics:cover:0, Крышка (Светло-серый нестабильный куб)
ThermalDynamics:cover:0, Крышка (Бирюзовый нестабильный куб)
ThermalDynamics:cover:0, Крышка (Фиолетовый нестабильный куб)
ThermalDynamics:cover:0, Крышка (Синий нестабильный куб)
ThermalDynamics:cover:0, Крышка (Коричневый нестабильный куб)
ThermalDynamics:cover:0, Крышка (Зелёный нестабильный куб)
ThermalDynamics:cover:0, Крышка (Красный нестабильный куб)
ThermalDynamics:cover:0, Крышка (Чёрный нестабильный куб)
ThermalDynamics:cover:0, Крышка (Силовое реле)
ThermalDynamics:cover:0, Крышка (Алхимический катализатор)
ThermalDynamics:cover:0, Крышка (Блок манастали)
ThermalDynamics:cover:0, Крышка (Блок террастали)
ThermalDynamics:cover:0, Крышка (Блок элементия)
ThermalDynamics:cover:0, Крышка (Block of Mana Diamond)
ThermalDynamics:cover:0, Крышка (Block of Dragonstone)
ThermalDynamics:cover:0, Крышка (Барабан дикой природы)
ThermalDynamics:cover:0, Крышка (Барабан сбора)
ThermalDynamics:cover:0, Крышка (Drum of the Canopy)
ThermalDynamics:cover:0, Крышка (Светящийся белый цветок)
ThermalDynamics:cover:0, Крышка (Светящийся оранжевый цветок)
ThermalDynamics:cover:0, Крышка (Светящийся сиреневый цветок)
ThermalDynamics:cover:0, Крышка (Светящийся светло-синий цветок)
ThermalDynamics:cover:0, Крышка (Светящийся жёлтый цветок)
ThermalDynamics:cover:0, Крышка (Светящийся лаймовый цветок)
ThermalDynamics:cover:0, Крышка (Светящийся розовый цветок)
ThermalDynamics:cover:0, Крышка (Светящийся серый цветок)
ThermalDynamics:cover:0, Крышка (Светящийся светло-серый цветок)
ThermalDynamics:cover:0, Крышка (Светящийся бирюзовый цветок)
ThermalDynamics:cover:0, Крышка (Светящийся фиолетовый цветок)
ThermalDynamics:cover:0, Крышка (Светящийся синий цветок)
ThermalDynamics:cover:0, Крышка (Светящийся коричневый цветок)
ThermalDynamics:cover:0, Крышка (Светящийся зелёный цветок)
ThermalDynamics:cover:0, Крышка (Светящийся красный цветок)
ThermalDynamics:cover:0, Крышка (Светящийся чёрный цветок)
ThermalDynamics:cover:0, Крышка (Древесина мечтаний)
ThermalDynamics:cover:0, Крышка (Доски из древесины мечтаний)
ThermalDynamics:cover:0, Крышка (Замшелые доски из древесины мечтаний)
ThermalDynamics:cover:0, Крышка (Обрамленная древесина мечтаний)
ThermalDynamics:cover:0, Крышка (Резная древесина мечтаний)
ThermalDynamics:cover:0, Крышка (Светящаяся древесина мечтаний)
ThermalDynamics:cover:0, Крышка (Колдовской катализатор)
ThermalDynamics:cover:0, Крышка (tile.botania:solidVine.name)
ThermalDynamics:cover:0, Крышка (Buried White Petal)
ThermalDynamics:cover:0, Крышка (Buried Orange Petal)
ThermalDynamics:cover:0, Крышка (Buried Magenta Petal)
ThermalDynamics:cover:0, Крышка (Buried Light Blue Petal)
ThermalDynamics:cover:0, Крышка (Buried Yellow Petal)
ThermalDynamics:cover:0, Крышка (Buried Lime Petal)
ThermalDynamics:cover:0, Крышка (Buried Pink Petal)
ThermalDynamics:cover:0, Крышка (Buried Gray Petal)
ThermalDynamics:cover:0, Крышка (Buried Light Gray Petal)
ThermalDynamics:cover:0, Крышка (Buried Cyan Petal)
ThermalDynamics:cover:0, Крышка (Buried Purple Petal)
ThermalDynamics:cover:0, Крышка (Buried Blue Petal)
ThermalDynamics:cover:0, Крышка (Buried Brown Petal)
ThermalDynamics:cover:0, Крышка (Buried Green Petal)
ThermalDynamics:cover:0, Крышка (Buried Red Petal)
ThermalDynamics:cover:0, Крышка (Buried Black Petal)
ThermalDynamics:cover:0, Крышка (Призмарин)
ThermalDynamics:cover:0, Крышка (Призмариновые кирпичи)
ThermalDynamics:cover:0, Крышка (Тёмный призмарин)
ThermalDynamics:cover:0, Крышка (Морской светильник)
ThermalDynamics:cover:0, Крышка (Тростниковый блок)
ThermalDynamics:cover:0, Крышка (Солома)
ThermalDynamics:cover:0, Крышка (Адский кирпич)
ThermalDynamics:cover:0, Крышка (Душевный кирпич)
ThermalDynamics:cover:0, Крышка (Ледяной кирпич)
ThermalDynamics:cover:0, Крышка (Черепица)
ThermalDynamics:cover:0, Крышка (Азулежу)
ThermalDynamics:cover:0, Крышка (Азулежу)
ThermalDynamics:cover:0, Крышка (Азулежу)
ThermalDynamics:cover:0, Крышка (Азулежу)
ThermalDynamics:cover:0, Крышка (Азулежу)
ThermalDynamics:cover:0, Крышка (Азулежу)
ThermalDynamics:cover:0, Крышка (Азулежу)
ThermalDynamics:cover:0, Крышка (Азулежу)
ThermalDynamics:cover:0, Крышка (Азулежу)
ThermalDynamics:cover:0, Крышка (Азулежу)
ThermalDynamics:cover:0, Крышка (Азулежу)
ThermalDynamics:cover:0, Крышка (Азулежу)
ThermalDynamics:cover:0, Крышка (Эльфийское стекло)
ThermalDynamics:cover:0, Крышка (Managlass)
ThermalDynamics:cover:0, Крышка (Trodden Dirt)
ThermalDynamics:cover:0, Крышка (Enchanted Soil)
ThermalDynamics:cover:0, Крышка (White Petal Block)
ThermalDynamics:cover:0, Крышка (Orange Petal Block)
ThermalDynamics:cover:0, Крышка (Magenta Petal Block)
ThermalDynamics:cover:0, Крышка (Light Blue Petal Block)
ThermalDynamics:cover:0, Крышка (Yellow Petal Block)
ThermalDynamics:cover:0, Крышка (Lime Petal Block)
ThermalDynamics:cover:0, Крышка (Pink Petal Block)
ThermalDynamics:cover:0, Крышка (Gray Petal Block)
ThermalDynamics:cover:0, Крышка (Light Gray Petal Block)
ThermalDynamics:cover:0, Крышка (Cyan Petal Block)
ThermalDynamics:cover:0, Крышка (Purple Petal Block)
ThermalDynamics:cover:0, Крышка (Blue Petal Block)
ThermalDynamics:cover:0, Крышка (Brown Petal Block)
ThermalDynamics:cover:0, Крышка (Green Petal Block)
ThermalDynamics:cover:0, Крышка (Red Petal Block)
ThermalDynamics:cover:0, Крышка (Black Petal Block)
ThermalDynamics:cover:0, Крышка (End Stone Bricks)
ThermalDynamics:cover:0, Крышка (Chiseled End Stone Brick)
ThermalDynamics:cover:0, Крышка (Ender Bricks)
ThermalDynamics:cover:0, Крышка (Pillar Ender Bricks)
ThermalDynamics:cover:0, Крышка (White Shimmering Mushroom)
ThermalDynamics:cover:0, Крышка (Orange Shimmering Mushroom)
ThermalDynamics:cover:0, Крышка (Magenta Shimmering Mushroom)
ThermalDynamics:cover:0, Крышка (Light Blue Shimmering Mushroom)
ThermalDynamics:cover:0, Крышка (Yellow Shimmering Mushroom)
ThermalDynamics:cover:0, Крышка (Lime Shimmering Mushroom)
ThermalDynamics:cover:0, Крышка (Pink Shimmering Mushroom)
ThermalDynamics:cover:0, Крышка (Gray Shimmering Mushroom)
ThermalDynamics:cover:0, Крышка (Light Gray Shimmering Mushroom)
ThermalDynamics:cover:0, Крышка (Cyan Shimmering Mushroom)
ThermalDynamics:cover:0, Крышка (Purple Shimmering Mushroom)
ThermalDynamics:cover:0, Крышка (Blue Shimmering Mushroom)
ThermalDynamics:cover:0, Крышка (Brown Shimmering Mushroom)
ThermalDynamics:cover:0, Крышка (Green Shimmering Mushroom)
ThermalDynamics:cover:0, Крышка (Red Shimmering Mushroom)
ThermalDynamics:cover:0, Крышка (Black Shimmering Mushroom)
ThermalDynamics:cover:0, Крышка (Tall Mystical White Flower)
ThermalDynamics:cover:0, Крышка (Tall Mystical Orange Flower)
ThermalDynamics:cover:0, Крышка (Tall Mystical Magenta Flower)
ThermalDynamics:cover:0, Крышка (Tall Mystical Light Blue Flower)
ThermalDynamics:cover:0, Крышка (Tall Mystical Yellow Flower)
ThermalDynamics:cover:0, Крышка (Tall Mystical Lime Flower)
ThermalDynamics:cover:0, Крышка (Tall Mystical Pink Flower)
ThermalDynamics:cover:0, Крышка (Tall Mystical Gray Flower)
ThermalDynamics:cover:0, Крышка (Tall Mystical Light Gray Flower)
ThermalDynamics:cover:0, Крышка (Tall Mystical Cyan Flower)
ThermalDynamics:cover:0, Крышка (Tall Mystical Purple Flower)
ThermalDynamics:cover:0, Крышка (Tall Mystical Blue Flower)
ThermalDynamics:cover:0, Крышка (Tall Mystical Brown Flower)
ThermalDynamics:cover:0, Крышка (Tall Mystical Green Flower)
ThermalDynamics:cover:0, Крышка (Tall Mystical Red Flower)
ThermalDynamics:cover:0, Крышка (Tall Mystical Black Flower)
ThermalDynamics:cover:0, Крышка (Blaze Lamp)
ThermalDynamics:cover:0, Крышка (Spectral Rail)
ThermalDynamics:cover:0, Крышка (Living Root)
ThermalDynamics:cover:0, Крышка (Fel Pumpkin)
ThermalDynamics:cover:0, Крышка (Luminizer Launcher)
ThermalDynamics:cover:0, Крышка (Manastorm Charge)
ThermalDynamics:cover:0, Крышка (Bifrost Block)
ThermalDynamics:cover:0, Крышка (Shimmerrock)
ThermalDynamics:cover:0, Крышка (Shimmerwood Planks)
ThermalDynamics:cover:0, Крышка (Dry Grass)
ThermalDynamics:cover:0, Крышка (Golden Grass)
ThermalDynamics:cover:0, Крышка (Vivid Grass)
ThermalDynamics:cover:0, Крышка (Scorched Grass)
ThermalDynamics:cover:0, Крышка (Infused Grass)
ThermalDynamics:cover:0, Крышка (Mutated Grass)
ThermalDynamics:cover:0, Крышка (Ступеньки из жизнедерева)
ThermalDynamics:cover:0, Крышка (Livingwood Wall)
ThermalDynamics:cover:0, Крышка (Ступеньки из живых досок)
ThermalDynamics:cover:0, Крышка (Ступеньки из жизнекамня)
ThermalDynamics:cover:0, Крышка (Livingrock Wall)
ThermalDynamics:cover:0, Крышка (Ступеньки из живого кирпича)
ThermalDynamics:cover:0, Крышка (Ступеньки из древесины мечтаний)
ThermalDynamics:cover:0, Крышка (Dreamwood Wall)
ThermalDynamics:cover:0, Крышка (Ступеньки из досок мечтаний)
ThermalDynamics:cover:0, Крышка (Ступеньки из призмарина)
ThermalDynamics:cover:0, Крышка (Prismarine Wall)
ThermalDynamics:cover:0, Крышка (Ступеньки из призмаринового кирпича)
ThermalDynamics:cover:0, Крышка (Ступеньки из тёмного призмарина)
ThermalDynamics:cover:0, Крышка (Тростниковые ступеньки)
ThermalDynamics:cover:0, Крышка (Reed Block Wall)
ThermalDynamics:cover:0, Крышка (Соломенные ступеньки)
ThermalDynamics:cover:0, Крышка (Ступеньки из адского кирпича)
ThermalDynamics:cover:0, Крышка (Ступеньки из душевного кирпича)
ThermalDynamics:cover:0, Крышка (Ступеньки из ледяного кирпича)
ThermalDynamics:cover:0, Крышка (Ступеньки из черепицы)
ThermalDynamics:cover:0, Крышка (Metamorphic Forest Stone)
ThermalDynamics:cover:0, Крышка (Metamorphic Plains Stone)
ThermalDynamics:cover:0, Крышка (Metamorphic Mountain Stone)
ThermalDynamics:cover:0, Крышка (Metamorphic Fungal Stone)
ThermalDynamics:cover:0, Крышка (Metamorphic Swamp Stone)
ThermalDynamics:cover:0, Крышка (Metamorphic Desert Stone)
ThermalDynamics:cover:0, Крышка (Metamorphic Taiga Stone)
ThermalDynamics:cover:0, Крышка (Metamorphic Mesa Stone)
ThermalDynamics:cover:0, Крышка (Metamorphic Forest Cobblestone)
ThermalDynamics:cover:0, Крышка (Metamorphic Plains Cobblestone)
ThermalDynamics:cover:0, Крышка (Metamorphic Mountain Cobblestone)
ThermalDynamics:cover:0, Крышка (Metamorphic Fungal Cobblestone)
ThermalDynamics:cover:0, Крышка (Metamorphic Swamp Cobblestone)
ThermalDynamics:cover:0, Крышка (Metamorphic Desert Cobblestone)
ThermalDynamics:cover:0, Крышка (Metamorphic Taiga Cobblestone)
ThermalDynamics:cover:0, Крышка (Metamorphic Mesa Cobblestone)
ThermalDynamics:cover:0, Крышка (Metamorphic Forest Stone Bricks)
ThermalDynamics:cover:0, Крышка (Metamorphic Plains Stone Bricks)
ThermalDynamics:cover:0, Крышка (Metamorphic Mountain Stone Bricks)
ThermalDynamics:cover:0, Крышка (Metamorphic Fungal Stone Bricks)
ThermalDynamics:cover:0, Крышка (Metamorphic Swamp Stone Bricks)
ThermalDynamics:cover:0, Крышка (Metamorphic Desert Stone Bricks)
ThermalDynamics:cover:0, Крышка (Metamorphic Taiga Stone Bricks)
ThermalDynamics:cover:0, Крышка (Metamorphic Mesa Stone Bricks)
ThermalDynamics:cover:0, Крышка (Chiseled Metamorphic Forest Stone Brick)
ThermalDynamics:cover:0, Крышка (Chiseled Metamorphic Plains Stone Brick)
ThermalDynamics:cover:0, Крышка (Chiseled Metamorphic Mountain Stone Brick)
ThermalDynamics:cover:0, Крышка (Chiseled Metamorphic Fungal Stone Brick)
ThermalDynamics:cover:0, Крышка (Chiseled Metamorphic Swamp Stone Brick)
ThermalDynamics:cover:0, Крышка (Chiseled Metamorphic Desert Stone Brick)
ThermalDynamics:cover:0, Крышка (Chiseled Metamorphic Taiga Stone Brick)
ThermalDynamics:cover:0, Крышка (Chiseled Metamorphic Mesa Stone Brick)
ThermalDynamics:cover:0, Крышка (Andesite)
ThermalDynamics:cover:0, Крышка (Basalt)
ThermalDynamics:cover:0, Крышка (Diorite)
ThermalDynamics:cover:0, Крышка (Granite)
ThermalDynamics:cover:0, Крышка (Polished Andesite)
ThermalDynamics:cover:0, Крышка (Polished Basalt)
ThermalDynamics:cover:0, Крышка (Polished Diorite)
ThermalDynamics:cover:0, Крышка (Polished Granite)
ThermalDynamics:cover:0, Крышка (Andesite Bricks)
ThermalDynamics:cover:0, Крышка (Basalt Bricks)
ThermalDynamics:cover:0, Крышка (Diorite Bricks)
ThermalDynamics:cover:0, Крышка (Granite Bricks)
ThermalDynamics:cover:0, Крышка (Chiseled Andesite Brick)
ThermalDynamics:cover:0, Крышка (Chiseled Basalt Brick)
ThermalDynamics:cover:0, Крышка (Chiseled Diorite Brick)
ThermalDynamics:cover:0, Крышка (Chiseled Granite Brick)
ThermalDynamics:cover:0, Крышка (White Portuguese Pavement)
ThermalDynamics:cover:0, Крышка (Black Portuguese Pavement)
ThermalDynamics:cover:0, Крышка (Blue Portuguese Pavement)
ThermalDynamics:cover:0, Крышка (Red Portuguese Pavement)
ThermalDynamics:cover:0, Крышка (Yellow Portuguese Pavement)
ThermalDynamics:cover:0, Крышка (Green Portuguese Pavement)
ThermalDynamics:cover:0, Крышка (Блок дымного кварца)
ThermalDynamics:cover:0, Крышка (Резной блок дымного кварца)
ThermalDynamics:cover:0, Крышка (Колонна из дымного кварца)
ThermalDynamics:cover:0, Крышка (Ступеньки из дымного кварца)
ThermalDynamics:cover:0, Крышка (Блок манакварца)
ThermalDynamics:cover:0, Крышка (Резной блок манакварца)
ThermalDynamics:cover:0, Крышка (Колонна из манакварца)
ThermalDynamics:cover:0, Крышка (Ступеньки из манакварца)
ThermalDynamics:cover:0, Крышка (Блок пламенного кварца)
ThermalDynamics:cover:0, Крышка (Резной блок пламенного кварца)
ThermalDynamics:cover:0, Крышка (Колонна из пламенного кварца)
ThermalDynamics:cover:0, Крышка (Ступеньки из пламенного кварца)
ThermalDynamics:cover:0, Крышка (Блок лавандового кварца)
ThermalDynamics:cover:0, Крышка (Резной блок лавандового кварца)
ThermalDynamics:cover:0, Крышка (Колонна из лавандового кварца)
ThermalDynamics:cover:0, Крышка (Ступеньки из лавандового кварца)
ThermalDynamics:cover:0, Крышка (Блок красного кварца)
ThermalDynamics:cover:0, Крышка (Резной блок красного кварца)
ThermalDynamics:cover:0, Крышка (Колонна из красного кварца)
ThermalDynamics:cover:0, Крышка (Ступеньки из красного кварца)
ThermalDynamics:cover:0, Крышка (Блок эльфийского кварца)
ThermalDynamics:cover:0, Крышка (Резной блок эльфийского кварца)
ThermalDynamics:cover:0, Крышка (Колонна из эльфийского кварца)
ThermalDynamics:cover:0, Крышка (Ступеньки из эльфийского кварца)
ThermalDynamics:cover:0, Крышка (Block of Sunny Quartz)
ThermalDynamics:cover:0, Крышка (Chiseled Sunny Quartz Block)
ThermalDynamics:cover:0, Крышка (Pillar Sunny Quartz Block)
ThermalDynamics:cover:0, Крышка (Sunny Quartz Stairs)
ThermalDynamics:cover:0, Крышка (Metamorphic Forest Stone Stairs)
ThermalDynamics:cover:0, Крышка (Metamorphic Plains Stone Stairs)
ThermalDynamics:cover:0, Крышка (Metamorphic Mountain Stone Stairs)
ThermalDynamics:cover:0, Крышка (Metamorphic Fungal Stone Stairs)
ThermalDynamics:cover:0, Крышка (Metamorphic Swamp Stone Stairs)
ThermalDynamics:cover:0, Крышка (Metamorphic Desert Stone Stairs)
ThermalDynamics:cover:0, Крышка (Metamorphic Taiga Stone Stairs)
ThermalDynamics:cover:0, Крышка (Metamorphic Mesa Stone Stairs)
ThermalDynamics:cover:0, Крышка (Metamorphic Forest Cobblestone Stairs)
ThermalDynamics:cover:0, Крышка (Metamorphic Plains Cobblestone Stairs)
ThermalDynamics:cover:0, Крышка (Metamorphic Mountain Cobblestone Stairs)
ThermalDynamics:cover:0, Крышка (Metamorphic Fungal Cobblestone Stairs)
ThermalDynamics:cover:0, Крышка (Metamorphic Swamp Cobblestone Stairs)
ThermalDynamics:cover:0, Крышка (Metamorphic Desert Cobblestone Stairs)
ThermalDynamics:cover:0, Крышка (Metamorphic Taiga Cobblestone Stairs)
ThermalDynamics:cover:0, Крышка (Metamorphic Mesa Cobblestone Stairs)
ThermalDynamics:cover:0, Крышка (Metamorphic Forest Stone Brick Stairs)
ThermalDynamics:cover:0, Крышка (Metamorphic Plains Stone Brick Stairs)
ThermalDynamics:cover:0, Крышка (Metamorphic Mountain Stone Brick Stairs)
ThermalDynamics:cover:0, Крышка (Metamorphic Fungal Stone Brick Stairs)
ThermalDynamics:cover:0, Крышка (Metamorphic Swamp Stone Brick Stairs)
ThermalDynamics:cover:0, Крышка (Metamorphic Desert Stone Brick Stairs)
ThermalDynamics:cover:0, Крышка (Metamorphic Taiga Stone Brick Stairs)
ThermalDynamics:cover:0, Крышка (Metamorphic Mesa Stone Bricks Stairs)
ThermalDynamics:cover:0, Крышка (Metamorphic Forest Cobblestone Wall)
ThermalDynamics:cover:0, Крышка (Metamorphic Plains Cobblestone Wall)
ThermalDynamics:cover:0, Крышка (Metamorphic Mountain Cobblestone Wall)
ThermalDynamics:cover:0, Крышка (Metamorphic Fungal Cobblestone Wall)
ThermalDynamics:cover:0, Крышка (Metamorphic Swamp Cobblestone Wall)
ThermalDynamics:cover:0, Крышка (Metamorphic Desert Cobblestone Wall)
ThermalDynamics:cover:0, Крышка (Metamorphic Taiga Cobblestone Wall)
ThermalDynamics:cover:0, Крышка (Metamorphic Mesa Cobblestone Wall)
ThermalDynamics:cover:0, Крышка (Andesite Stairs)
ThermalDynamics:cover:0, Крышка (Basalt Stairs)
ThermalDynamics:cover:0, Крышка (Diorite Stairs)
ThermalDynamics:cover:0, Крышка (Granite Stairs)
ThermalDynamics:cover:0, Крышка (Andesite Brick Stairs)
ThermalDynamics:cover:0, Крышка (Basalt Brick Stairs)
ThermalDynamics:cover:0, Крышка (Diorite Brick Stairs)
ThermalDynamics:cover:0, Крышка (Granite Brick Stairs)
ThermalDynamics:cover:0, Крышка (Andesite Wall)
ThermalDynamics:cover:0, Крышка (Basalt Wall)
ThermalDynamics:cover:0, Крышка (Diorite Wall)
ThermalDynamics:cover:0, Крышка (Granite Wall)
ThermalDynamics:cover:0, Крышка (White Portuguese Pavement Stairs)
ThermalDynamics:cover:0, Крышка (Black Portuguese Pavement Stairs)
ThermalDynamics:cover:0, Крышка (Blue Portuguese Pavement Stairs)
ThermalDynamics:cover:0, Крышка (Red Portuguese Pavement Stairs)
ThermalDynamics:cover:0, Крышка (Yellow Portuguese Pavement Stairs)
ThermalDynamics:cover:0, Крышка (Green Portuguese Pavement Stairs)
ThermalDynamics:cover:0, Крышка (End Stone Brick Stairs)
ThermalDynamics:cover:0, Крышка (Ender Brick Stairs)
ThermalDynamics:cover:0, Крышка (Shimmerrock Stairs)
ThermalDynamics:cover:0, Крышка (Shimmerwood Plank Stairs)
ThermalDynamics:cover:0, Крышка (Managlass Pane)
ThermalDynamics:cover:0, Крышка (Alfglass Pane)
ThermalDynamics:cover:0, Крышка (Bifrost Pane)
ThermalDynamics:cover:0, Крышка (Плита из дымного кварца)
ThermalDynamics:cover:0, Крышка (Smokey Quartz Slab)
ThermalDynamics:cover:0, Крышка (Плита из манакварца)
ThermalDynamics:cover:0, Крышка (Mana Quartz Slab)
ThermalDynamics:cover:0, Крышка (Плита из пламенного кварца)
ThermalDynamics:cover:0, Крышка (Blaze Quartz Slab)
ThermalDynamics:cover:0, Крышка (Плита из лавандового кварца)
ThermalDynamics:cover:0, Крышка (Lavender Quartz Slab)
ThermalDynamics:cover:0, Крышка (Плита из красного кварца)
ThermalDynamics:cover:0, Крышка (Redquartz Slab)
ThermalDynamics:cover:0, Крышка (Плита из эльфийского кварца)
ThermalDynamics:cover:0, Крышка (Elven Quartz Slab)
ThermalDynamics:cover:0, Крышка (Sunny Quartz Slab)
ThermalDynamics:cover:0, Крышка (Sunny Quartz Slab)
ThermalDynamics:cover:0, Крышка (Плита из жизнедерева)
ThermalDynamics:cover:0, Крышка (Livingwood Slab)
ThermalDynamics:cover:0, Крышка (Плита из живых досок)
ThermalDynamics:cover:0, Крышка (Livingwood Plank Slab)
ThermalDynamics:cover:0, Крышка (Плита из жизнекамня)
ThermalDynamics:cover:0, Крышка (Livingrock Slab)
ThermalDynamics:cover:0, Крышка (Плита из живого кирпича)
ThermalDynamics:cover:0, Крышка (Livingrock Brick Slab)
ThermalDynamics:cover:0, Крышка (Плита из древесины мечтаний)
ThermalDynamics:cover:0, Крышка (Dreamwood Slab)
ThermalDynamics:cover:0, Крышка (Плита из досок мечтаний)
ThermalDynamics:cover:0, Крышка (Dreamwood Plank Slab)
ThermalDynamics:cover:0, Крышка (Тростниковая плита)
ThermalDynamics:cover:0, Крышка (Reed Slab)
ThermalDynamics:cover:0, Крышка (Соломенная плита)
ThermalDynamics:cover:0, Крышка (Thatch Slab)
ThermalDynamics:cover:0, Крышка (Плита из призмарина)
ThermalDynamics:cover:0, Крышка (Prismarine Slab)
ThermalDynamics:cover:0, Крышка (Плита из призмаринового кирпича)
ThermalDynamics:cover:0, Крышка (Prismarine Brick Slab)
ThermalDynamics:cover:0, Крышка (Плита из тёмного призмарина)
ThermalDynamics:cover:0, Крышка (Dark Prismarine Slab)
ThermalDynamics:cover:0, Крышка (Плита из адского кирпича)
ThermalDynamics:cover:0, Крышка (Hellish Brick Slab)
ThermalDynamics:cover:0, Крышка (Плита из душевного кирпича)
ThermalDynamics:cover:0, Крышка (Soul Brick Slab)
ThermalDynamics:cover:0, Крышка (Плита из ледяного кирпича)
ThermalDynamics:cover:0, Крышка (Frosty Brick Slab)
ThermalDynamics:cover:0, Крышка (Плита из черепицы)
ThermalDynamics:cover:0, Крышка (Roof Tile Slab)
ThermalDynamics:cover:0, Крышка (Trodden Dirt Slab)
ThermalDynamics:cover:0, Крышка (Trodden Dirt Slab)
ThermalDynamics:cover:0, Крышка (End Stone Brick Slab)
ThermalDynamics:cover:0, Крышка (End Stone Brick Slab)
ThermalDynamics:cover:0, Крышка (Ender Brick Slab)
ThermalDynamics:cover:0, Крышка (Ender Brick Slab)
ThermalDynamics:cover:0, Крышка (Shimmerrock Slab)
ThermalDynamics:cover:0, Крышка (Shimmerrock Slab)
ThermalDynamics:cover:0, Крышка (Shimmerwood Plank Slab)
ThermalDynamics:cover:0, Крышка (Shimmerwood Plank Slab)
ThermalDynamics:cover:0, Крышка (Metamorphic Forest Stone Slab)
ThermalDynamics:cover:0, Крышка (Metamorphic Forest Stone Slab)
ThermalDynamics:cover:0, Крышка (Metamorphic Plains Stone Slab)
ThermalDynamics:cover:0, Крышка (Metamorphic Plains Stone Slab)
ThermalDynamics:cover:0, Крышка (Metamorphic Mountain Stone Slab)
ThermalDynamics:cover:0, Крышка (Metamorphic Mountain Stone Slab)
ThermalDynamics:cover:0, Крышка (Metamorphic Fungal Stone Slab)
ThermalDynamics:cover:0, Крышка (Metamorphic Fungal Stone Slab)
ThermalDynamics:cover:0, Крышка (Metamorphic Swamp Stone Slab)
ThermalDynamics:cover:0, Крышка (Metamorphic Swamp Stone Slab)
ThermalDynamics:cover:0, Крышка (Metamorphic Desert Stone Slab)
ThermalDynamics:cover:0, Крышка (Metamorphic Desert Stone Slab)
ThermalDynamics:cover:0, Крышка (Metamorphic Taiga Stone Slab)
ThermalDynamics:cover:0, Крышка (Metamorphic Taiga Stone Slab)
ThermalDynamics:cover:0, Крышка (Metamorphic Mesa Stone Slab)
ThermalDynamics:cover:0, Крышка (Metamorphic Mesa Stone Slab)
ThermalDynamics:cover:0, Крышка (Metamorphic Forest Cobblestone Slab)
ThermalDynamics:cover:0, Крышка (Metamorphic Forest Cobblestone Slab)
ThermalDynamics:cover:0, Крышка (Metamorphic Plains Cobblestone Slab)
ThermalDynamics:cover:0, Крышка (Metamorphic Plains Cobblestone Slab)
ThermalDynamics:cover:0, Крышка (Metamorphic Mountain Cobblestone Slab)
ThermalDynamics:cover:0, Крышка (Metamorphic Mountain Cobblestone Slab)
ThermalDynamics:cover:0, Крышка (Metamorphic Fungal Cobblestone Slab)
ThermalDynamics:cover:0, Крышка (Metamorphic Fungal Cobblestone Slab)
ThermalDynamics:cover:0, Крышка (Metamorphic Swamp Cobblestone Slab)
ThermalDynamics:cover:0, Крышка (Metamorphic Swamp Cobblestone Slab)
ThermalDynamics:cover:0, Крышка (Metamorphic Desert Cobblestone Slab)
ThermalDynamics:cover:0, Крышка (Metamorphic Desert Cobblestone Slab)
ThermalDynamics:cover:0, Крышка (Metamorphic Taiga Cobblestone Slab)
ThermalDynamics:cover:0, Крышка (Metamorphic Taiga Cobblestone Slab)
ThermalDynamics:cover:0, Крышка (Metamorphic Mesa Cobblestone Slab)
ThermalDynamics:cover:0, Крышка (Metamorphic Mesa Cobblestone Slab)
ThermalDynamics:cover:0, Крышка (Metamorphic Forest Stone Brick Slab)
ThermalDynamics:cover:0, Крышка (Metamorphic Forest Stone Brick Slab)
ThermalDynamics:cover:0, Крышка (Metamorphic Plains Stone Brick Slab)
ThermalDynamics:cover:0, Крышка (Metamorphic Plains Stone Brick Slab)
ThermalDynamics:cover:0, Крышка (Metamorphic Mountain Stone Brick Slab)
ThermalDynamics:cover:0, Крышка (Metamorphic Mountain Stone Brick Slab)
ThermalDynamics:cover:0, Крышка (Metamorphic Fungal Stone Brick Slab)
ThermalDynamics:cover:0, Крышка (Metamorphic Fungal Stone Brick Slab)
ThermalDynamics:cover:0, Крышка (Metamorphic Swamp Stone Brick Slab)
ThermalDynamics:cover:0, Крышка (Metamorphic Swamp Stone Brick Slab)
ThermalDynamics:cover:0, Крышка (Metamorphic Desert Stone Brick Slab)
ThermalDynamics:cover:0, Крышка (Metamorphic Desert Stone Brick Slab)
ThermalDynamics:cover:0, Крышка (Metamorphic Taiga Stone Brick Slab)
ThermalDynamics:cover:0, Крышка (Metamorphic Taiga Stone Brick Slab)
ThermalDynamics:cover:0, Крышка (Metamorphic Mesa Stone Bricks Slab)
ThermalDynamics:cover:0, Крышка (Metamorphic Mesa Stone Bricks Slab)
ThermalDynamics:cover:0, Крышка (Andesite Slab)
ThermalDynamics:cover:0, Крышка (Andesite Slab)
ThermalDynamics:cover:0, Крышка (Basalt Slab)
ThermalDynamics:cover:0, Крышка (Basalt Slab)
ThermalDynamics:cover:0, Крышка (Diorite Slab)
ThermalDynamics:cover:0, Крышка (Diorite Slab)
ThermalDynamics:cover:0, Крышка (Granite Slab)
ThermalDynamics:cover:0, Крышка (Granite Slab)
ThermalDynamics:cover:0, Крышка (Andesite Brick Slab)
ThermalDynamics:cover:0, Крышка (Andesite Brick Slab)
ThermalDynamics:cover:0, Крышка (Basalt Brick Slab)
ThermalDynamics:cover:0, Крышка (Basalt Brick Slab)
ThermalDynamics:cover:0, Крышка (Diorite Brick Slab)
ThermalDynamics:cover:0, Крышка (Diorite Brick Slab)
ThermalDynamics:cover:0, Крышка (Granite Brick Slab)
ThermalDynamics:cover:0, Крышка (Granite Brick Slab)
ThermalDynamics:cover:0, Крышка (White Portuguese Pavement Slab)
ThermalDynamics:cover:0, Крышка (White Portuguese Pavement Slab)
ThermalDynamics:cover:0, Крышка (Black Portuguese Pavement Slab)
ThermalDynamics:cover:0, Крышка (Black Portuguese Pavement Slab)
ThermalDynamics:cover:0, Крышка (Blue Portuguese Pavement Slab)
ThermalDynamics:cover:0, Крышка (Blue Portuguese Pavement Slab)
ThermalDynamics:cover:0, Крышка (Red Portuguese Pavement Slab)
ThermalDynamics:cover:0, Крышка (Red Portuguese Pavement Slab)
ThermalDynamics:cover:0, Крышка (Yellow Portuguese Pavement Slab)
ThermalDynamics:cover:0, Крышка (Yellow Portuguese Pavement Slab)
ThermalDynamics:cover:0, Крышка (Green Portuguese Pavement Slab)
ThermalDynamics:cover:0, Крышка (Green Portuguese Pavement Slab)
ThermalDynamics:cover:0, Крышка (Compressed Crafting Table)
ThermalDynamics:cover:0, Крышка (Double Compressed Crafting Table)
ThermalDynamics:cover:0, Крышка (Crystal Matrix)
ThermalDynamics:cover:0, Крышка (Neutronium Block)
ThermalDynamics:cover:0, Крышка (Infinity Block)
ThermalDynamics:cover:0, Крышка (Разрушенный кирпич)
ThermalDynamics:cover:0, Крышка (Разрушенный кирпич)
ThermalDynamics:cover:0, Крышка (Разрушенный кирпич)
ThermalDynamics:cover:0, Крышка (Разрушенный кирпич)
ThermalDynamics:cover:0, Крышка (Разрушенный кирпич)
ThermalDynamics:cover:0, Крышка (Разрушенный кирпич)
ThermalDynamics:cover:0, Крышка (Сфалерит)
ThermalDynamics:cover:0, Крышка (Сфалерит с звёздной пылью)
ThermalDynamics:cover:0, Крышка (Забор из разрушенного кирпича)
ThermalDynamics:cover:0, Крышка (Руда порошка Края)
ThermalDynamics:cover:0, Крышка (tile.biomeIslandCore.name)
ThermalDynamics:cover:0, Крышка (Заражённый камень Края)
ThermalDynamics:cover:0, Крышка (Сожжённый камень Края)
ThermalDynamics:cover:0, Крышка (Зачарованный камень Края)
ThermalDynamics:cover:0, Крышка (Laboratory Stairs)
ThermalDynamics:cover:0, Крышка (Гладкий светящийся обсидиан)
ThermalDynamics:cover:0, Крышка (Резной светящийся обсидиан)
ThermalDynamics:cover:0, Крышка (Колонна из светящегося обсидиана)
ThermalDynamics:cover:0, Крышка (Обсидиановые ступеньки)
ThermalDynamics:cover:0, Крышка (Плита из разрушенного кирпича)
ThermalDynamics:cover:0, Крышка (Persegrit)
ThermalDynamics:cover:0, Крышка (Persegrit)
ThermalDynamics:cover:0, Крышка (Persegrit)
ThermalDynamics:cover:0, Крышка (Persegrit)
ThermalDynamics:cover:0, Крышка (Persegrit)
ThermalDynamics:cover:0, Крышка (Persegrit)
ThermalDynamics:cover:0, Крышка (Persegrit)
ThermalDynamics:cover:0, Крышка (Persegrit)
ThermalDynamics:cover:0, Крышка (Persegrit)
ThermalDynamics:cover:0, Крышка (Persegrit)
ThermalDynamics:cover:0, Крышка (Persegrit)
ThermalDynamics:cover:0, Крышка (Persegrit)
ThermalDynamics:cover:0, Крышка (Persegrit)
ThermalDynamics:cover:0, Крышка (Persegrit)
ThermalDynamics:cover:0, Крышка (Persegrit)
ThermalDynamics:cover:0, Крышка (Persegrit)
ThermalDynamics:cover:0, Крышка (Руда звёздной пыли)
ThermalDynamics:cover:0, Крышка (Endium Block)
ThermalDynamics:cover:0, Крышка (Цветок смерти)
ThermalDynamics:cover:0, Крышка (Цветок смерти)
ThermalDynamics:cover:0, Крышка (tile.null.name)
ThermalDynamics:cover:0, Крышка (Laboratory Obsidian)
ThermalDynamics:cover:0, Крышка (tile.null.name)
ThermalDynamics:cover:0, Крышка (Laboratory Glass)
ThermalDynamics:cover:0, Крышка (Светящийся разрушенный кирпич)
ThermalDynamics:cover:0, Крышка (Головоломка темницы (Выкл))
ThermalDynamics:cover:0, Крышка (Головоломка темницы (Вкл))
ThermalDynamics:cover:0, Крышка (Головоломка темницы (Стена))
ThermalDynamics:cover:0, Крышка (Головоломка темницы (Каменная стена))
ThermalDynamics:cover:0, Крышка (Головоломка темницы (Горящая стена))
ThermalDynamics:cover:0, Крышка (Laboratory Floor)
ThermalDynamics:cover:0, Крышка (Жуткое бревно)
ThermalDynamics:cover:0, Крышка (Пепел)
ThermalDynamics:cover:0, Крышка (Жуткие листья)
ThermalDynamics:cover:0, Крышка (Руда магматической породы)
ThermalDynamics:cover:0, Крышка (Слизь Края)
ThermalDynamics:cover:0, Крышка (Падающий обсидиан)
ThermalDynamics:cover:0, Крышка (Endium Ore)
ThermalDynamics:cover:0, Крышка (Гладкий разрушенный кирпич)
ThermalDynamics:cover:0, Крышка (Ступеньки из разрушенного кирпича)
ThermalDynamics:cover:0, Крышка (Колючий куст)
ThermalDynamics:cover:0, Крышка (Заражённый куст)
ThermalDynamics:cover:0, Крышка (Заражённый папоротник)
ThermalDynamics:cover:0, Крышка (Заражённая трава)
ThermalDynamics:cover:0, Крышка (Огненная лилия)
ThermalDynamics:cover:0, Крышка (Высокий фиолетовый мох)
ThermalDynamics:cover:0, Крышка (Средний фиолетовый мох)
ThermalDynamics:cover:0, Крышка (Короткий фиолетовый мох)
ThermalDynamics:cover:0, Крышка (Гладкий обсидиан)
ThermalDynamics:cover:0, Крышка (Резной обсидиан)
ThermalDynamics:cover:0, Крышка (Колонна из обсидиана)
ThermalDynamics:cover:0, Крышка (specialEffects.1.name)
ThermalDynamics:cover:0, Крышка (specialEffects.2.name)
ThermalDynamics:cover:0, Крышка (specialEffects.3.name)
ThermalDynamics:cover:0, Крышка (specialEffects.4.name)
ThermalDynamics:cover:0, Крышка (specialEffects.5.name)
ThermalDynamics:cover:0, Крышка (Руда сферы нестабильности)
ThermalDynamics:cover:0, Крышка (Гумус)
ThermalDynamics:cover:0, Крышка (Болотная земля)
ThermalDynamics:cover:0, Крышка (Апатитовая руда)
ThermalDynamics:cover:0, Крышка (Медная руда)
ThermalDynamics:cover:0, Крышка (Оловянная руда)
ThermalDynamics:cover:0, Крышка (Апатитовый блок)
ThermalDynamics:cover:0, Крышка (Медный блок)
ThermalDynamics:cover:0, Крышка (Оловянный блок)
ThermalDynamics:cover:0, Крышка (Бронзовый блок)
ThermalDynamics:cover:0, Крышка (Этанол)
ThermalDynamics:cover:0, Крышка (Биомасса)
ThermalDynamics:cover:0, Крышка (Жидкое стекло)
ThermalDynamics:cover:0, Крышка (Мёд)
ThermalDynamics:cover:0, Крышка (Молотый лёд)
ThermalDynamics:cover:0, Крышка (Фруктовый сок)
ThermalDynamics:cover:0, Крышка (Растительное масло)
ThermalDynamics:cover:0, Крышка (Питный мёд)
ThermalDynamics:cover:0, Крышка (Mead)
ThermalDynamics:cover:0, Крышка (Потухшая свеча)
ThermalDynamics:cover:0, Крышка (Гриб)
ThermalDynamics:cover:0, Крышка (Гриб)
ThermalDynamics:cover:0, Крышка (Water Spring)
ThermalDynamics:cover:0, Крышка (Oil Spring)
ThermalDynamics:cover:0, Крышка (tile.buildToolBlock.name)
ThermalDynamics:cover:0, Крышка (Frame)
ThermalDynamics:cover:0, Крышка (Oil)
ThermalDynamics:cover:0, Крышка (Fuel)
ThermalDynamics:cover:0, Крышка (tile.blockRedPlasma.name)
ThermalDynamics:cover:0, Крышка (Mining Pipe)
ThermalDynamics:cover:0, Крышка (Рупиевая руда)
ThermalDynamics:cover:0, Крышка (Арлемитовая руда)
ThermalDynamics:cover:0, Крышка (Реалмитовая руда)
ThermalDynamics:cover:0, Крышка (Каменно-кровавая руда)
ThermalDynamics:cover:0, Крышка (Незеритовая руда)
ThermalDynamics:cover:0, Крышка (Рупиевый блок)
ThermalDynamics:cover:0, Крышка (Арлемитовый блок)
ThermalDynamics:cover:0, Крышка (Реалмитовый блок)
ThermalDynamics:cover:0, Крышка (Каменно-кровавый блок)
ThermalDynamics:cover:0, Крышка (Незеритовый блок)
ThermalDynamics:cover:0, Крышка (Тыква паука)
ThermalDynamics:cover:0, Крышка (Тыква странника Края)
ThermalDynamics:cover:0, Крышка (Тыква крипера)
ThermalDynamics:cover:0, Крышка (Тыква скелета)
ThermalDynamics:cover:0, Крышка (Тыква ифрита)
ThermalDynamics:cover:0, Крышка (Тыква зомби)
ThermalDynamics:cover:0, Крышка (Тыква мороза)
ThermalDynamics:cover:0, Крышка (Тыква циклопа)
ThermalDynamics:cover:0, Крышка (Тыква гаста)
ThermalDynamics:cover:0, Крышка (Тыква глакона)
ThermalDynamics:cover:0, Крышка (Тыква смотрителя Края)
ThermalDynamics:cover:0, Крышка (Тыква паука джунглей)
ThermalDynamics:cover:0, Крышка (Тыква адского паука)
ThermalDynamics:cover:0, Крышка (Водяной факел)
ThermalDynamics:cover:0, Крышка (Костяной факел)
ThermalDynamics:cover:0, Крышка (Проверяющий)
ThermalDynamics:cover:0, Крышка (Радужная шерсть)
ThermalDynamics:cover:0, Крышка (Ящик)
ThermalDynamics:cover:0, Крышка (Plank Design)
ThermalDynamics:cover:0, Крышка (Синий камень)
ThermalDynamics:cover:0, Крышка (Синяя лопасть)
ThermalDynamics:cover:0, Крышка (Бирюзовая лопасть)
ThermalDynamics:cover:0, Крышка (Фиолетовая лопасть)
ThermalDynamics:cover:0, Крышка (Красная лопасть)
ThermalDynamics:cover:0, Крышка (Жёлтая лопасть)
ThermalDynamics:cover:0, Крышка (Божественная порода)
ThermalDynamics:cover:0, Крышка (Тар)
ThermalDynamics:cover:0, Крышка (Красивая шерсть)
ThermalDynamics:cover:0, Крышка (Бирюзовая сталь)
ThermalDynamics:cover:0, Крышка (Красная сталь)
ThermalDynamics:cover:0, Крышка (Фиолетовая сталь)
ThermalDynamics:cover:0, Крышка (Зелёная сталь)
ThermalDynamics:cover:0, Крышка (Жёлтая сталь)
ThermalDynamics:cover:0, Крышка (Синяя сталь)
ThermalDynamics:cover:0, Крышка (Белая сталь)
ThermalDynamics:cover:0, Крышка (Чёрная сталь)
ThermalDynamics:cover:0, Крышка (Оранжевая сталь)
ThermalDynamics:cover:0, Крышка (Светло-красная сталь)
ThermalDynamics:cover:0, Крышка (Водяные кирпичи)
ThermalDynamics:cover:0, Крышка (Арлемитовые кирпичи)
ThermalDynamics:cover:0, Крышка (Кирпичи из чёрного камня)
ThermalDynamics:cover:0, Крышка (Алмазные кирпичи)
ThermalDynamics:cover:0, Крышка (Золотые кирпичи)
ThermalDynamics:cover:0, Крышка (Зелёные кирпичи)
ThermalDynamics:cover:0, Крышка (Железные кирпичи)
ThermalDynamics:cover:0, Крышка (Лазуритовые кирпичи)
ThermalDynamics:cover:0, Крышка (Лавовые кирпичи)
ThermalDynamics:cover:0, Крышка (Незеритовые кирпичи)
ThermalDynamics:cover:0, Крышка (Розовые кирпичи)
ThermalDynamics:cover:0, Крышка (Фиолетовые кирпичи)
ThermalDynamics:cover:0, Крышка (Реалмитовые кирпичи)
ThermalDynamics:cover:0, Крышка (Кирпичи из красного камня)
ThermalDynamics:cover:0, Крышка (Кирпичи из молочного камня)
ThermalDynamics:cover:0, Крышка (Рупиевые мини-кирпичи)
ThermalDynamics:cover:0, Крышка (Реалмитовые мини-кирпичи)
ThermalDynamics:cover:0, Крышка (Арлемитовые мини-кирпичи)
ThermalDynamics:cover:0, Крышка (Мини-кирпичи)
ThermalDynamics:cover:0, Крышка (Каменно-кровавые мини-кирпичи)
ThermalDynamics:cover:0, Крышка (Незеритовые мини-кирпичи)
ThermalDynamics:cover:0, Крышка (Мини-кирпичи из коренной породы)
ThermalDynamics:cover:0, Крышка (Водяная лампа)
ThermalDynamics:cover:0, Крышка (Арлемитовая лампа)
ThermalDynamics:cover:0, Крышка (Пламенная лампа)
ThermalDynamics:cover:0, Крышка (Лампа синего огня)
ThermalDynamics:cover:0, Крышка (Алмазная лампа)
ThermalDynamics:cover:0, Крышка (Божественная лампа)
ThermalDynamics:cover:0, Крышка (Дракеновая лампа)
ThermalDynamics:cover:0, Крышка (Лампа Эдема)
ThermalDynamics:cover:0, Крышка (Лампа Края)
ThermalDynamics:cover:0, Крышка (Лампа из камня Края)
ThermalDynamics:cover:0, Крышка (Золотая лампа)
ThermalDynamics:cover:0, Крышка (Ледяная лампа)
ThermalDynamics:cover:0, Крышка (Лампа джунглей)
ThermalDynamics:cover:0, Крышка (Лампа Кракена)
ThermalDynamics:cover:0, Крышка (Лазуритовая лампа)
ThermalDynamics:cover:0, Крышка (Лавовая лампа)
ThermalDynamics:cover:0, Крышка (Молочная лампа)
ThermalDynamics:cover:0, Крышка (Расплавленная лампа)
ThermalDynamics:cover:0, Крышка (Незеритовая лампа)
ThermalDynamics:cover:0, Крышка (Реалмитовая лампа)
ThermalDynamics:cover:0, Крышка (Лампа из красного камня)
ThermalDynamics:cover:0, Крышка (Рупиевая лампа)
ThermalDynamics:cover:0, Крышка (Terran Lamp)
ThermalDynamics:cover:0, Крышка (Молочный камень)
ThermalDynamics:cover:0, Крышка (Тёмный камень)
ThermalDynamics:cover:0, Крышка (Шип)
ThermalDynamics:cover:0, Крышка (Горячий шип)
ThermalDynamics:cover:0, Крышка (Slime Light)
ThermalDynamics:cover:0, Крышка (Slime Light)
ThermalDynamics:cover:0, Крышка (Тёмный мост)
ThermalDynamics:cover:0, Крышка (Тёмный мост)
ThermalDynamics:cover:0, Крышка (Синий забор)
ThermalDynamics:cover:0, Крышка (Красный забор)
ThermalDynamics:cover:0, Крышка (Зелёный забор)
ThermalDynamics:cover:0, Крышка (Синий забор)
ThermalDynamics:cover:0, Крышка (Красный забор)
ThermalDynamics:cover:0, Крышка (Синий забор)
ThermalDynamics:cover:0, Крышка (Томат)
ThermalDynamics:cover:0, Крышка (Гриб)
ThermalDynamics:cover:0, Крышка (Божественная древесина)
ThermalDynamics:cover:0, Крышка (Божественная листва)
ThermalDynamics:cover:0, Крышка (Мшистый божественный камень)
ThermalDynamics:cover:0, Крышка (Божественные доски)
ThermalDynamics:cover:0, Крышка (Divine Stairs)
ThermalDynamics:cover:0, Крышка (Замороженная земля)
ThermalDynamics:cover:0, Крышка (Замороженная трава)
ThermalDynamics:cover:0, Крышка (Замороженный камень)
ThermalDynamics:cover:0, Крышка (Замороженная древесина)
ThermalDynamics:cover:0, Крышка (Ломкая листва)
ThermalDynamics:cover:0, Крышка (Frozen Planks)
ThermalDynamics:cover:0, Крышка (Frozen Stairs)
ThermalDynamics:cover:0, Крышка (Куст зимней клубники)
ThermalDynamics:cover:0, Крышка (Спелый куст зимней клубники)
ThermalDynamics:cover:0, Крышка (Ледяной камень)
ThermalDynamics:cover:0, Крышка (Ледяные кирпичи)
ThermalDynamics:cover:0, Крышка (Снежные кирпичи)
ThermalDynamics:cover:0, Крышка (Угольный камень)
ThermalDynamics:cover:0, Крышка (Угольнокаменные ступеньки)
ThermalDynamics:cover:0, Крышка (Ковёр мастерской)
ThermalDynamics:cover:0, Крышка (Замёрзшее стекло)
ThermalDynamics:cover:0, Крышка (Книжная полка мастерской)
ThermalDynamics:cover:0, Крышка (Лампа мастерской)
ThermalDynamics:cover:0, Крышка (Блок стальной двери)
ThermalDynamics:cover:0, Крышка (Красные рождественские огни)
ThermalDynamics:cover:0, Крышка (Зелёные рождественские огни)
ThermalDynamics:cover:0, Крышка (Синие рождественские огни)
ThermalDynamics:cover:0, Крышка (Жёлтые рождественские огни)
ThermalDynamics:cover:0, Крышка (Фиолетовые рождественские огни)
ThermalDynamics:cover:0, Крышка (Синий рождественский леденец)
ThermalDynamics:cover:0, Крышка (Зелёный рождественский леденец)
ThermalDynamics:cover:0, Крышка (Розовый рождественский леденец)
ThermalDynamics:cover:0, Крышка (Красный рождественский леденец)
ThermalDynamics:cover:0, Крышка (Жёлтый рождественский леденец)
ThermalDynamics:cover:0, Крышка (Огонь Заснежья)
ThermalDynamics:cover:0, Крышка (Портал в Заснежье)
ThermalDynamics:cover:0, Крышка (Frozen Slab)
ThermalDynamics:cover:0, Крышка (Frozen Slab)
ThermalDynamics:cover:0, Крышка (Портал в Везею)
ThermalDynamics:cover:0, Крышка (Алтарь Крушителя)
ThermalDynamics:cover:0, Крышка (Алтарь Квадротика)
ThermalDynamics:cover:0, Крышка (Алтарь Кароса)
ThermalDynamics:cover:0, Крышка (Алтарь Раглока)
ThermalDynamics:cover:0, Крышка (Лунный алтарь)
ThermalDynamics:cover:0, Крышка (Камень сновидений)
ThermalDynamics:cover:0, Крышка (Земля сновидений)
ThermalDynamics:cover:0, Крышка (Трава сновидений)
ThermalDynamics:cover:0, Крышка (Огненный кристалл)
ThermalDynamics:cover:0, Крышка (Dreamwood Log)
ThermalDynamics:cover:0, Крышка (Dreamwood Leaves)
ThermalDynamics:cover:0, Крышка (Светлые кирпичи сновидений)
ThermalDynamics:cover:0, Крышка (Светлые кирпичи сновидений)
ThermalDynamics:cover:0, Крышка (Лунный камень)
ThermalDynamics:cover:0, Крышка (Лунные кирпичи)
ThermalDynamics:cover:0, Крышка (Металлическая клетка)
ThermalDynamics:cover:0, Крышка (Лоза сорняка)
ThermalDynamics:cover:0, Крышка (Расцветшая лоза сорняка)
ThermalDynamics:cover:0, Крышка (Стена склепа)
ThermalDynamics:cover:0, Крышка (Гладкое стекло)
ThermalDynamics:cover:0, Крышка (Деревенская лампа)
ThermalDynamics:cover:0, Крышка (Лампа в клетке)
ThermalDynamics:cover:0, Крышка (Запрещённый блок двери)
ThermalDynamics:cover:0, Крышка (Огненный свет)
ThermalDynamics:cover:0, Крышка (Hyrewood Log)
ThermalDynamics:cover:0, Крышка (Мятная листва)
ThermalDynamics:cover:0, Крышка (Красные кирпичи сноведений)
ThermalDynamics:cover:0, Крышка (Горячая зелёная плитка Кароса)
ThermalDynamics:cover:0, Крышка (Горячая красная плитка Кароса)
ThermalDynamics:cover:0, Крышка (Firewood Log)
ThermalDynamics:cover:0, Крышка (Бактериальная кислота)
ThermalDynamics:cover:0, Крышка (Кислотный блок)
ThermalDynamics:cover:0, Крышка (Зелёный вечный камень)
ThermalDynamics:cover:0, Крышка (Лунная кислота)
ThermalDynamics:cover:0, Крышка (Firewood Leaves)
ThermalDynamics:cover:0, Крышка (Hyrewood Leaves)
ThermalDynamics:cover:0, Крышка (Зелёная жемчужина)
ThermalDynamics:cover:0, Крышка (Фиолетовая жемчужина)
ThermalDynamics:cover:0, Крышка (Фиолетовый дулах)
ThermalDynamics:cover:0, Крышка (Жёлтый дулах)
ThermalDynamics:cover:0, Крышка (Зелёный дулах)
ThermalDynamics:cover:0, Крышка (Мятная древесина)
ThermalDynamics:cover:0, Крышка (Потрескавшийся шип)
ThermalDynamics:cover:0, Крышка (Фернит)
ThermalDynamics:cover:0, Крышка (Булбатоб)
ThermalDynamics:cover:0, Крышка (Блестящая трава)
ThermalDynamics:cover:0, Крышка (Мерцание)
ThermalDynamics:cover:0, Крышка (Стены улья)
ThermalDynamics:cover:0, Крышка (Свечение мечты)
ThermalDynamics:cover:0, Крышка (Хайровая лоза)
ThermalDynamics:cover:0, Крышка (Стена комнаты)
ThermalDynamics:cover:0, Крышка (Стена комнаты)
ThermalDynamics:cover:0, Крышка (Стена комнаты)
ThermalDynamics:cover:0, Крышка (Белый вечный камень)
ThermalDynamics:cover:0, Крышка (Тёмный вечный камень)
ThermalDynamics:cover:0, Крышка (Чёрный камень голода)
ThermalDynamics:cover:0, Крышка (Зелёный камень голода)
ThermalDynamics:cover:0, Крышка (Пол склепа)
ThermalDynamics:cover:0, Крышка (Стены зала)
ThermalDynamics:cover:0, Крышка (Синие кирпичи Кароса)
ThermalDynamics:cover:0, Крышка (Чёрные кирпичи Кароса)
ThermalDynamics:cover:0, Крышка (Хелиотичный луч)
ThermalDynamics:cover:0, Крышка (Блок кровати кошмаров)
ThermalDynamics:cover:0, Крышка (Divine Slab)
ThermalDynamics:cover:0, Крышка (Divine Slab)
ThermalDynamics:cover:0, Крышка (Земля Эдема)
ThermalDynamics:cover:0, Крышка (Земля Дикого леса)
ThermalDynamics:cover:0, Крышка (Земля Апалачии)
ThermalDynamics:cover:0, Крышка (Земля Небесного терна)
ThermalDynamics:cover:0, Крышка (Земля Мортума)
ThermalDynamics:cover:0, Крышка (Трава Эдема)
ThermalDynamics:cover:0, Крышка (Трава Дикого леса)
ThermalDynamics:cover:0, Крышка (Трава Апалачии)
ThermalDynamics:cover:0, Крышка (Трава Небесного терна)
ThermalDynamics:cover:0, Крышка (Трава Мортума)
ThermalDynamics:cover:0, Крышка (Руда Эдема)
ThermalDynamics:cover:0, Крышка (Руда Дикого леса)
ThermalDynamics:cover:0, Крышка (Руда Апалачии)
ThermalDynamics:cover:0, Крышка (Руда Небесного терна)
ThermalDynamics:cover:0, Крышка (Руда Мортума)
ThermalDynamics:cover:0, Крышка (Блок Эдема)
ThermalDynamics:cover:0, Крышка (Блок Дикого леса)
ThermalDynamics:cover:0, Крышка (Блок Апалачии)
ThermalDynamics:cover:0, Крышка (Блок Небесного терна)
ThermalDynamics:cover:0, Крышка (Блок Мортума)
ThermalDynamics:cover:0, Крышка (Eden Sapling)
ThermalDynamics:cover:0, Крышка (Wildwood Sapling)
ThermalDynamics:cover:0, Крышка (Apalachia Sapling)
ThermalDynamics:cover:0, Крышка (Skythern Sapling)
ThermalDynamics:cover:0, Крышка (Mortum Sapling)
ThermalDynamics:cover:0, Крышка (Листва Эдема)
ThermalDynamics:cover:0, Крышка (Листва Дикого леса)
ThermalDynamics:cover:0, Крышка (Листва Апалачии)
ThermalDynamics:cover:0, Крышка (Листва Небесного терна)
ThermalDynamics:cover:0, Крышка (Листва Мортума)
ThermalDynamics:cover:0, Крышка (Древесина Эдема)
ThermalDynamics:cover:0, Крышка (Древесина Дикого леса)
ThermalDynamics:cover:0, Крышка (Древесина Апалачии)
ThermalDynamics:cover:0, Крышка (Древесина Небесного терна)
ThermalDynamics:cover:0, Крышка (Древесина Мортума)
ThermalDynamics:cover:0, Крышка (Eden Planks)
ThermalDynamics:cover:0, Крышка (Wildwood Planks)
ThermalDynamics:cover:0, Крышка (Apalachia Planks)
ThermalDynamics:cover:0, Крышка (Skythern Planks)
ThermalDynamics:cover:0, Крышка (Mortum Planks)
ThermalDynamics:cover:0, Крышка (Eden Stairs)
ThermalDynamics:cover:0, Крышка (Wildwood Stairs)
ThermalDynamics:cover:0, Крышка (Apalachia Stairs)
ThermalDynamics:cover:0, Крышка (Skythern Stairs)
ThermalDynamics:cover:0, Крышка (Mortum Stairs)
ThermalDynamics:cover:0, Крышка (Сумеречный камень)
ThermalDynamics:cover:0, Крышка (Лоза Дикого леса)
ThermalDynamics:cover:0, Крышка (Синий Огонь)
ThermalDynamics:cover:0, Крышка (Портал Эдема)
ThermalDynamics:cover:0, Крышка (Портал Дикого леса)
ThermalDynamics:cover:0, Крышка (Портал Апалачии)
ThermalDynamics:cover:0, Крышка (Портал Небесного терна)
ThermalDynamics:cover:0, Крышка (Портал Мортума)
ThermalDynamics:cover:0, Крышка (Факел Эдема)
ThermalDynamics:cover:0, Крышка (Рельсы Апалачии)
ThermalDynamics:cover:0, Крышка (Лунная луковица)
ThermalDynamics:cover:0, Крышка (Фиолетовая светокость)
ThermalDynamics:cover:0, Крышка (Розовая светокость)
ThermalDynamics:cover:0, Крышка (Sky Plant)
ThermalDynamics:cover:0, Крышка (Солнцецвет)
ThermalDynamics:cover:0, Крышка (Кустарник Эдема)
ThermalDynamics:cover:0, Крышка (Солнечный цветок)
ThermalDynamics:cover:0, Крышка (Папоротник лунного света)
ThermalDynamics:cover:0, Крышка (Бутон Луны)
ThermalDynamics:cover:0, Крышка (Высокая трава Дикого леса)
ThermalDynamics:cover:0, Крышка (Сумеречный цветок)
ThermalDynamics:cover:0, Крышка (Сумеречный цвет)
ThermalDynamics:cover:0, Крышка (Высокая трава Апалачии)
ThermalDynamics:cover:0, Крышка (Кустарник Небесного терна)
ThermalDynamics:cover:0, Крышка (Пыльная лилия)
ThermalDynamics:cover:0, Крышка (Пыльные колючки)
ThermalDynamics:cover:0, Крышка (Демонические колючки)
ThermalDynamics:cover:0, Крышка (Ростки Ока)
ThermalDynamics:cover:0, Крышка (Кустарник Мортума)
ThermalDynamics:cover:0, Крышка (Eden Slab)
ThermalDynamics:cover:0, Крышка (Eden Slab)
ThermalDynamics:cover:0, Крышка (Wildwood Slab)
ThermalDynamics:cover:0, Крышка (Wildwood Slab)
ThermalDynamics:cover:0, Крышка (Apalachia Slab)
ThermalDynamics:cover:0, Крышка (Apalachia Slab)
ThermalDynamics:cover:0, Крышка (Skythern Slab)
ThermalDynamics:cover:0, Крышка (Skythern Slab)
ThermalDynamics:cover:0, Крышка (Mortum Slab)
ThermalDynamics:cover:0, Крышка (Mortum Slab)
ThermalDynamics:cover:0, Крышка (Аркановая земля)
ThermalDynamics:cover:0, Крышка (Трава Арканы)
ThermalDynamics:cover:0, Крышка (Аркановая руда)
ThermalDynamics:cover:0, Крышка (Аркановый металл)
ThermalDynamics:cover:0, Крышка (Аркановые трубы)
ThermalDynamics:cover:0, Крышка (Аркановая мощь)
ThermalDynamics:cover:0, Крышка (Подземная лампа)
ThermalDynamics:cover:0, Крышка (Огненная ловушка)
ThermalDynamics:cover:0, Крышка (Огненная ловушка)
ThermalDynamics:cover:0, Крышка (Камень душ)
ThermalDynamics:cover:0, Крышка (Осадок душ)
ThermalDynamics:cover:0, Крышка (Испорченные кирпичи)
ThermalDynamics:cover:0, Крышка (Тёмные испорченные кирпичи)
ThermalDynamics:cover:0, Крышка (Древний кирпич)
ThermalDynamics:cover:0, Крышка (Древний камень)
ThermalDynamics:cover:0, Крышка (Светлые испорченные кирпичи)
ThermalDynamics:cover:0, Крышка (Окрашенное стекло)
ThermalDynamics:cover:0, Крышка (Окрашенное стекло)
ThermalDynamics:cover:0, Крышка (Окрашенное стекло)
ThermalDynamics:cover:0, Крышка (Окрашенное стекло)
ThermalDynamics:cover:0, Крышка (Окрашенное стекло)
ThermalDynamics:cover:0, Крышка (Окрашенное стекло)
ThermalDynamics:cover:0, Крышка (Окрашенное стекло)
ThermalDynamics:cover:0, Крышка (Окрашенное стекло)
ThermalDynamics:cover:0, Крышка (Древняя плитка)
ThermalDynamics:cover:0, Крышка (Звёздный мост)
ThermalDynamics:cover:0, Крышка (Звёздный мост)
ThermalDynamics:cover:0, Крышка (Дверь из осадка душ)
ThermalDynamics:cover:0, Крышка (Дверь из древнего кирпича)
ThermalDynamics:cover:0, Крышка (Дверь из камня душ)
ThermalDynamics:cover:0, Крышка (Дверь из ржавого кирпича)
ThermalDynamics:cover:0, Крышка (Портал Арканы)
ThermalDynamics:cover:0, Крышка (Рамка портала Арканы)
ThermalDynamics:cover:0, Крышка (Рамка усложнённого портала Арканы)
ThermalDynamics:cover:0, Крышка (Аквамариновое растение)
ThermalDynamics:cover:0, Крышка (Эвкалипт)
ThermalDynamics:cover:0, Крышка (Хитчак)
ThermalDynamics:cover:0, Крышка (Вейло)
ThermalDynamics:cover:0, Крышка (Ламона)
ThermalDynamics:cover:0, Крышка (Марсин)
ThermalDynamics:cover:0, Крышка (Файрсток)
ThermalDynamics:cover:0, Крышка (Пинфлай)
ThermalDynamics:cover:0, Крышка (Эвкалипт)
ThermalDynamics:cover:0, Крышка (Доски из эвкалипта)
ThermalDynamics:cover:0, Крышка (Факел Арканы)
ThermalDynamics:cover:0, Крышка (Элевантиум)
ThermalDynamics:cover:0, Крышка (Арканитовые рельсы)
ThermalDynamics:cover:0, Крышка (Асселерон)
ThermalDynamics:cover:0, Крышка (Медная руда)
ThermalDynamics:cover:0, Крышка (Оловянная руда)
ThermalDynamics:cover:0, Крышка (Серебряная руда)
ThermalDynamics:cover:0, Крышка (Свинцовая руда)
ThermalDynamics:cover:0, Крышка (Никелевая руда)
ThermalDynamics:cover:0, Крышка (Платиновая руда)
ThermalDynamics:cover:0, Крышка (Мифриловая руда)
ThermalDynamics:cover:0, Крышка (Медный блок)
ThermalDynamics:cover:0, Крышка (Оловянный блок)
ThermalDynamics:cover:0, Крышка (Серебряный блок)
ThermalDynamics:cover:0, Крышка (Свинцовый блок)
ThermalDynamics:cover:0, Крышка (Никелевый блок)
ThermalDynamics:cover:0, Крышка (Платиновый блок)
ThermalDynamics:cover:0, Крышка (Мифриловый блок)
ThermalDynamics:cover:0, Крышка (Электрумовый блок)
ThermalDynamics:cover:0, Крышка (Инваровый блок)
ThermalDynamics:cover:0, Крышка (Бронзовый блок)
ThermalDynamics:cover:0, Крышка (Синаловый блок)
ThermalDynamics:cover:0, Крышка (Ламиумовый блок)
ThermalDynamics:cover:0, Крышка (Блок эндериума)
ThermalDynamics:cover:0, Крышка (Дестабилизированный красный камень)
ThermalDynamics:cover:0, Крышка (Заряженный светящийся камень)
ThermalDynamics:cover:0, Крышка (Резонирующий эндериум)
ThermalDynamics:cover:0, Крышка (Пылающий пиротеум)
ThermalDynamics:cover:0, Крышка (Ледяной криотеум)
ThermalDynamics:cover:0, Крышка (Невесомый аэротеум)
ThermalDynamics:cover:0, Крышка (Тектонический петротеум)
ThermalDynamics:cover:0, Крышка (Изначальная мана)
ThermalDynamics:cover:0, Крышка (Пар)
ThermalDynamics:cover:0, Крышка (Разжиженный уголь)
ThermalDynamics:cover:0, Крышка (Distortion Flame)
ThermalDynamics:cover:0, Крышка (Draconium Ore)
ThermalDynamics:cover:0, Крышка (Rain Sensor)
ThermalDynamics:cover:0, Крышка (Draconium Block)
ThermalDynamics:cover:0, Крышка (Charged Draconium Block)
ThermalDynamics:cover:0, Крышка (Energy Pylon)
ThermalDynamics:cover:0, Крышка (tile.draconicevolution:safetyFlame.name)
ThermalDynamics:cover:0, Крышка (Awakened Draconium Block)
ThermalDynamics:cover:0, Крышка (Draconium Infused Obsidian)
ThermalDynamics:cover:0, Крышка (Admin Dislocator)
ThermalDynamics:cover:0, Крышка (tile.draconicevolution:chaosShardAtmos.name)
ThermalDynamics:cover:0, Крышка (Щит-блок)
ThermalDynamics:cover:0, Крышка (Наковальня из тёмной стали)
ThermalDynamics:cover:0, Крышка (Наковальня из тёмной стали)
ThermalDynamics:cover:0, Крышка (Наковальня из тёмной стали)
ThermalDynamics:cover:0, Крышка (Лестница из тёмной стали)
ThermalDynamics:cover:0, Крышка (Укреплённый обсидиан)
ThermalDynamics:cover:0, Крышка (Рельс Края)
ThermalDynamics:cover:0, Крышка (tile.blockConduitFacade.name)
ThermalDynamics:cover:0, Крышка (Питательный дистиллят)
ThermalDynamics:cover:0, Крышка (Самогон)
ThermalDynamics:cover:0, Крышка (Ракетное топливо)
ThermalDynamics:cover:0, Крышка (Огненная вода)
ThermalDynamics:cover:0, Крышка (Liquid Sunshine)
ThermalDynamics:cover:0, Крышка (Cloud Seed)
ThermalDynamics:cover:0, Крышка (Concentrated Cloud Seed)
ThermalDynamics:cover:0, Крышка (Блок наэлектризованной стали)
ThermalDynamics:cover:0, Крышка (Блок энергетического сплава)
ThermalDynamics:cover:0, Крышка (Блок вибрирующего сплава)
ThermalDynamics:cover:0, Крышка (Блок сплава из красного камня)
ThermalDynamics:cover:0, Крышка (Блок проводящего железа)
ThermalDynamics:cover:0, Крышка (Блок пульсирующего железа)
ThermalDynamics:cover:0, Крышка (Блок тёмной стали)
ThermalDynamics:cover:0, Крышка (Блок соулария)
ThermalDynamics:cover:0, Крышка (Решётка из тёмного железа)
ThermalDynamics:cover:0, Крышка (Занавесы)
ThermalDynamics:cover:0, Крышка (Ангельский блок)
ThermalDynamics:cover:0, Крышка (Детектор обновления блока)
ThermalDynamics:cover:0, Крышка (Заострённый каменный кирпич)
ThermalDynamics:cover:0, Крышка (Обсидиан, заряженный Краем)
ThermalDynamics:cover:0, Крышка (Сгоревший кварц)
ThermalDynamics:cover:0, Крышка (Замороженный камень)
ThermalDynamics:cover:0, Крышка (Бордюрный камень)
ThermalDynamics:cover:0, Крышка (Блок из нестабильного слитка)
ThermalDynamics:cover:0, Крышка (Гравиевый кирпич)
ThermalDynamics:cover:0, Крышка (Бордюрный камень (Альтернативный))
ThermalDynamics:cover:0, Крышка (Магическая древесина)
ThermalDynamics:cover:0, Крышка (Песчаное стекло)
ThermalDynamics:cover:0, Крышка (Гравиевая дорога)
ThermalDynamics:cover:0, Крышка (Ядро Края)
ThermalDynamics:cover:0, Крышка (Вычислительная матрица, выгравированная алмазом)
ThermalDynamics:cover:0, Крышка (Сплав Эндер-песка)
ThermalDynamics:cover:0, Крышка (Резной 'возвы́шенный' камень)
ThermalDynamics:cover:0, Крышка (Утолщённое стекло)
ThermalDynamics:cover:0, Крышка (Заостренное стекло)
ThermalDynamics:cover:0, Крышка (Стеклянный кирпич)
ThermalDynamics:cover:0, Крышка (Резное стекло)
ThermalDynamics:cover:0, Крышка (Золотое заострённое стекло)
ThermalDynamics:cover:0, Крышка (Обсидиановое стекло)
ThermalDynamics:cover:0, Крышка (Вихревое стекло)
ThermalDynamics:cover:0, Крышка (Светящиеся стекло)
ThermalDynamics:cover:0, Крышка (Любовное стекло)
ThermalDynamics:cover:0, Крышка (Квадратное стекло)
ThermalDynamics:cover:0, Крышка (Тёмное стекло)
ThermalDynamics:cover:0, Крышка (Усиленное тёмное стекло)
ThermalDynamics:cover:0, Крышка (tile.extrautils:pureLove.name)
ThermalDynamics:cover:0, Крышка (Блок бедрокия)
ThermalDynamics:cover:0, Крышка (Окрашенный Каменные кирпичи (Белый))
ThermalDynamics:cover:0, Крышка (Окрашенный Каменные кирпичи (Оранжевый))
ThermalDynamics:cover:0, Крышка (Окрашенный Каменные кирпичи (Сиреневый))
ThermalDynamics:cover:0, Крышка (Окрашенный Каменные кирпичи (Светло-синий))
ThermalDynamics:cover:0, Крышка (Окрашенный Каменные кирпичи (Жёлтый))
ThermalDynamics:cover:0, Крышка (Окрашенный Каменные кирпичи (Лаймовый))
ThermalDynamics:cover:0, Крышка (Окрашенный Каменные кирпичи (Розовый))
ThermalDynamics:cover:0, Крышка (Окрашенный Каменные кирпичи (Серый))
ThermalDynamics:cover:0, Крышка (Окрашенный Каменные кирпичи (Светло-серый))
ThermalDynamics:cover:0, Крышка (Окрашенный Каменные кирпичи (Бирюзовый))
ThermalDynamics:cover:0, Крышка (Окрашенный Каменные кирпичи (Фиолетовый))
ThermalDynamics:cover:0, Крышка (Окрашенный Каменные кирпичи (Синий))
ThermalDynamics:cover:0, Крышка (Окрашенный Каменные кирпичи (Коричневый))
ThermalDynamics:cover:0, Крышка (Окрашенный Каменные кирпичи (Зелёный))
ThermalDynamics:cover:0, Крышка (Окрашенный Каменные кирпичи (Красный))
ThermalDynamics:cover:0, Крышка (Окрашенный Каменные кирпичи (Чёрный))
ThermalDynamics:cover:0, Крышка (Окрашенный Дубовые доски (Белый))
ThermalDynamics:cover:0, Крышка (Окрашенный Дубовые доски (Оранжевый))
ThermalDynamics:cover:0, Крышка (Окрашенный Дубовые доски (Сиреневый))
ThermalDynamics:cover:0, Крышка (Окрашенный Дубовые доски (Светло-синий))
ThermalDynamics:cover:0, Крышка (Окрашенный Дубовые доски (Жёлтый))
ThermalDynamics:cover:0, Крышка (Окрашенный Дубовые доски (Лаймовый))
ThermalDynamics:cover:0, Крышка (Окрашенный Дубовые доски (Розовый))
ThermalDynamics:cover:0, Крышка (Окрашенный Дубовые доски (Серый))
ThermalDynamics:cover:0, Крышка (Окрашенный Дубовые доски (Светло-серый))
ThermalDynamics:cover:0, Крышка (Окрашенный Дубовые доски (Бирюзовый))
ThermalDynamics:cover:0, Крышка (Окрашенный Дубовые доски (Фиолетовый))
ThermalDynamics:cover:0, Крышка (Окрашенный Дубовые доски (Синий))
ThermalDynamics:cover:0, Крышка (Окрашенный Дубовые доски (Коричневый))
ThermalDynamics:cover:0, Крышка (Окрашенный Дубовые доски (Зелёный))
ThermalDynamics:cover:0, Крышка (Окрашенный Дубовые доски (Красный))
ThermalDynamics:cover:0, Крышка (Окрашенный Дубовые доски (Чёрный))
ThermalDynamics:cover:0, Крышка (Окрашенный Светящийся камень (Белый))
ThermalDynamics:cover:0, Крышка (Окрашенный Светящийся камень (Оранжевый))
ThermalDynamics:cover:0, Крышка (Окрашенный Светящийся камень (Сиреневый))
ThermalDynamics:cover:0, Крышка (Окрашенный Светящийся камень (Светло-синий))
ThermalDynamics:cover:0, Крышка (Окрашенный Светящийся камень (Жёлтый))
ThermalDynamics:cover:0, Крышка (Окрашенный Светящийся камень (Лаймовый))
ThermalDynamics:cover:0, Крышка (Окрашенный Светящийся камень (Розовый))
ThermalDynamics:cover:0, Крышка (Окрашенный Светящийся камень (Серый))
ThermalDynamics:cover:0, Крышка (Окрашенный Светящийся камень (Светло-серый))
ThermalDynamics:cover:0, Крышка (Окрашенный Светящийся камень (Бирюзовый))
ThermalDynamics:cover:0, Крышка (Окрашенный Светящийся камень (Фиолетовый))
ThermalDynamics:cover:0, Крышка (Окрашенный Светящийся камень (Синий))
ThermalDynamics:cover:0, Крышка (Окрашенный Светящийся камень (Коричневый))
ThermalDynamics:cover:0, Крышка (Окрашенный Светящийся камень (Зелёный))
ThermalDynamics:cover:0, Крышка (Окрашенный Светящийся камень (Красный))
ThermalDynamics:cover:0, Крышка (Окрашенный Светящийся камень (Чёрный))
ThermalDynamics:cover:0, Крышка (Окрашенный Камень (Белый))
ThermalDynamics:cover:0, Крышка (Окрашенный Камень (Оранжевый))
ThermalDynamics:cover:0, Крышка (Окрашенный Камень (Сиреневый))
ThermalDynamics:cover:0, Крышка (Окрашенный Камень (Светло-синий))
ThermalDynamics:cover:0, Крышка (Окрашенный Камень (Жёлтый))
ThermalDynamics:cover:0, Крышка (Окрашенный Камень (Лаймовый))
ThermalDynamics:cover:0, Крышка (Окрашенный Камень (Розовый))
ThermalDynamics:cover:0, Крышка (Окрашенный Камень (Серый))
ThermalDynamics:cover:0, Крышка (Окрашенный Камень (Светло-серый))
ThermalDynamics:cover:0, Крышка (Окрашенный Камень (Бирюзовый))
ThermalDynamics:cover:0, Крышка (Окрашенный Камень (Фиолетовый))
ThermalDynamics:cover:0, Крышка (Окрашенный Камень (Синий))
ThermalDynamics:cover:0, Крышка (Окрашенный Камень (Коричневый))
ThermalDynamics:cover:0, Крышка (Окрашенный Камень (Зелёный))
ThermalDynamics:cover:0, Крышка (Окрашенный Камень (Красный))
ThermalDynamics:cover:0, Крышка (Окрашенный Камень (Чёрный))
ThermalDynamics:cover:0, Крышка (Окрашенный Кварцевый блок (Белый))
ThermalDynamics:cover:0, Крышка (Окрашенный Кварцевый блок (Оранжевый))
ThermalDynamics:cover:0, Крышка (Окрашенный Кварцевый блок (Сиреневый))
ThermalDynamics:cover:0, Крышка (Окрашенный Кварцевый блок (Светло-синий))
ThermalDynamics:cover:0, Крышка (Окрашенный Кварцевый блок (Жёлтый))
ThermalDynamics:cover:0, Крышка (Окрашенный Кварцевый блок (Лаймовый))
ThermalDynamics:cover:0, Крышка (Окрашенный Кварцевый блок (Розовый))
ThermalDynamics:cover:0, Крышка (Окрашенный Кварцевый блок (Серый))
ThermalDynamics:cover:0, Крышка (Окрашенный Кварцевый блок (Светло-серый))
ThermalDynamics:cover:0, Крышка (Окрашенный Кварцевый блок (Бирюзовый))
ThermalDynamics:cover:0, Крышка (Окрашенный Кварцевый блок (Фиолетовый))
ThermalDynamics:cover:0, Крышка (Окрашенный Кварцевый блок (Синий))
ThermalDynamics:cover:0, Крышка (Окрашенный Кварцевый блок (Коричневый))
ThermalDynamics:cover:0, Крышка (Окрашенный Кварцевый блок (Зелёный))
ThermalDynamics:cover:0, Крышка (Окрашенный Кварцевый блок (Красный))
ThermalDynamics:cover:0, Крышка (Окрашенный Кварцевый блок (Чёрный))
ThermalDynamics:cover:0, Крышка (Окрашенный Песок душ (Белый))
ThermalDynamics:cover:0, Крышка (Окрашенный Песок душ (Оранжевый))
ThermalDynamics:cover:0, Крышка (Окрашенный Песок душ (Сиреневый))
ThermalDynamics:cover:0, Крышка (Окрашенный Песок душ (Светло-синий))
ThermalDynamics:cover:0, Крышка (Окрашенный Песок душ (Жёлтый))
ThermalDynamics:cover:0, Крышка (Окрашенный Песок душ (Лаймовый))
ThermalDynamics:cover:0, Крышка (Окрашенный Песок душ (Розовый))
ThermalDynamics:cover:0, Крышка (Окрашенный Песок душ (Серый))
ThermalDynamics:cover:0, Крышка (Окрашенный Песок душ (Светло-серый))
ThermalDynamics:cover:0, Крышка (Окрашенный Песок душ (Бирюзовый))
ThermalDynamics:cover:0, Крышка (Окрашенный Песок душ (Фиолетовый))
ThermalDynamics:cover:0, Крышка (Окрашенный Песок душ (Синий))
ThermalDynamics:cover:0, Крышка (Окрашенный Песок душ (Коричневый))
ThermalDynamics:cover:0, Крышка (Окрашенный Песок душ (Зелёный))
ThermalDynamics:cover:0, Крышка (Окрашенный Песок душ (Красный))
ThermalDynamics:cover:0, Крышка (Окрашенный Песок душ (Чёрный))
ThermalDynamics:cover:0, Крышка (Окрашенный Лампа (Белый))
ThermalDynamics:cover:0, Крышка (Окрашенный Лампа (Оранжевый))
ThermalDynamics:cover:0, Крышка (Окрашенный Лампа (Сиреневый))
ThermalDynamics:cover:0, Крышка (Окрашенный Лампа (Светло-синий))
ThermalDynamics:cover:0, Крышка (Окрашенный Лампа (Жёлтый))
ThermalDynamics:cover:0, Крышка (Окрашенный Лампа (Лаймовый))
ThermalDynamics:cover:0, Крышка (Окрашенный Лампа (Розовый))
ThermalDynamics:cover:0, Крышка (Окрашенный Лампа (Серый))
ThermalDynamics:cover:0, Крышка (Окрашенный Лампа (Светло-серый))
ThermalDynamics:cover:0, Крышка (Окрашенный Лампа (Бирюзовый))
ThermalDynamics:cover:0, Крышка (Окрашенный Лампа (Фиолетовый))
ThermalDynamics:cover:0, Крышка (Окрашенный Лампа (Синий))
ThermalDynamics:cover:0, Крышка (Окрашенный Лампа (Коричневый))
ThermalDynamics:cover:0, Крышка (Окрашенный Лампа (Зелёный))
ThermalDynamics:cover:0, Крышка (Окрашенный Лампа (Красный))
ThermalDynamics:cover:0, Крышка (Окрашенный Лампа (Чёрный))
ThermalDynamics:cover:0, Крышка (Окрашенный Кирпичи (Белый))
ThermalDynamics:cover:0, Крышка (Окрашенный Кирпичи (Оранжевый))
ThermalDynamics:cover:0, Крышка (Окрашенный Кирпичи (Сиреневый))
ThermalDynamics:cover:0, Крышка (Окрашенный Кирпичи (Светло-синий))
ThermalDynamics:cover:0, Крышка (Окрашенный Кирпичи (Жёлтый))
ThermalDynamics:cover:0, Крышка (Окрашенный Кирпичи (Лаймовый))
ThermalDynamics:cover:0, Крышка (Окрашенный Кирпичи (Розовый))
ThermalDynamics:cover:0, Крышка (Окрашенный Кирпичи (Серый))
ThermalDynamics:cover:0, Крышка (Окрашенный Кирпичи (Светло-серый))
ThermalDynamics:cover:0, Крышка (Окрашенный Кирпичи (Бирюзовый))
ThermalDynamics:cover:0, Крышка (Окрашенный Кирпичи (Фиолетовый))
ThermalDynamics:cover:0, Крышка (Окрашенный Кирпичи (Синий))
ThermalDynamics:cover:0, Крышка (Окрашенный Кирпичи (Коричневый))
ThermalDynamics:cover:0, Крышка (Окрашенный Кирпичи (Зелёный))
ThermalDynamics:cover:0, Крышка (Окрашенный Кирпичи (Красный))
ThermalDynamics:cover:0, Крышка (Окрашенный Кирпичи (Чёрный))
ThermalDynamics:cover:0, Крышка (Окрашенный Булыжник (Белый))
ThermalDynamics:cover:0, Крышка (Окрашенный Булыжник (Оранжевый))
ThermalDynamics:cover:0, Крышка (Окрашенный Булыжник (Сиреневый))
ThermalDynamics:cover:0, Крышка (Окрашенный Булыжник (Светло-синий))
ThermalDynamics:cover:0, Крышка (Окрашенный Булыжник (Жёлтый))
ThermalDynamics:cover:0, Крышка (Окрашенный Булыжник (Лаймовый))
ThermalDynamics:cover:0, Крышка (Окрашенный Булыжник (Розовый))
ThermalDynamics:cover:0, Крышка (Окрашенный Булыжник (Серый))
ThermalDynamics:cover:0, Крышка (Окрашенный Булыжник (Светло-серый))
ThermalDynamics:cover:0, Крышка (Окрашенный Булыжник (Бирюзовый))
ThermalDynamics:cover:0, Крышка (Окрашенный Булыжник (Фиолетовый))
ThermalDynamics:cover:0, Крышка (Окрашенный Булыжник (Синий))
ThermalDynamics:cover:0, Крышка (Окрашенный Булыжник (Коричневый))
ThermalDynamics:cover:0, Крышка (Окрашенный Булыжник (Зелёный))
ThermalDynamics:cover:0, Крышка (Окрашенный Булыжник (Красный))
ThermalDynamics:cover:0, Крышка (Окрашенный Булыжник (Чёрный))
ThermalDynamics:cover:0, Крышка (Окрашенный Блок лазурита (Белый))
ThermalDynamics:cover:0, Крышка (Окрашенный Блок лазурита (Оранжевый))
ThermalDynamics:cover:0, Крышка (Окрашенный Блок лазурита (Сиреневый))
ThermalDynamics:cover:0, Крышка (Окрашенный Блок лазурита (Светло-синий))
ThermalDynamics:cover:0, Крышка (Окрашенный Блок лазурита (Жёлтый))
ThermalDynamics:cover:0, Крышка (Окрашенный Блок лазурита (Лаймовый))
ThermalDynamics:cover:0, Крышка (Окрашенный Блок лазурита (Розовый))
ThermalDynamics:cover:0, Крышка (Окрашенный Блок лазурита (Серый))
ThermalDynamics:cover:0, Крышка (Окрашенный Блок лазурита (Светло-серый))
ThermalDynamics:cover:0, Крышка (Окрашенный Блок лазурита (Бирюзовый))
ThermalDynamics:cover:0, Крышка (Окрашенный Блок лазурита (Фиолетовый))
ThermalDynamics:cover:0, Крышка (Окрашенный Блок лазурита (Синий))
ThermalDynamics:cover:0, Крышка (Окрашенный Блок лазурита (Коричневый))
ThermalDynamics:cover:0, Крышка (Окрашенный Блок лазурита (Зелёный))
ThermalDynamics:cover:0, Крышка (Окрашенный Блок лазурита (Красный))
ThermalDynamics:cover:0, Крышка (Окрашенный Блок лазурита (Чёрный))
ThermalDynamics:cover:0, Крышка (Окрашенный Обсидиан (Белый))
ThermalDynamics:cover:0, Крышка (Окрашенный Обсидиан (Оранжевый))
ThermalDynamics:cover:0, Крышка (Окрашенный Обсидиан (Сиреневый))
ThermalDynamics:cover:0, Крышка (Окрашенный Обсидиан (Светло-синий))
ThermalDynamics:cover:0, Крышка (Окрашенный Обсидиан (Жёлтый))
ThermalDynamics:cover:0, Крышка (Окрашенный Обсидиан (Лаймовый))
ThermalDynamics:cover:0, Крышка (Окрашенный Обсидиан (Розовый))
ThermalDynamics:cover:0, Крышка (Окрашенный Обсидиан (Серый))
ThermalDynamics:cover:0, Крышка (Окрашенный Обсидиан (Светло-серый))
ThermalDynamics:cover:0, Крышка (Окрашенный Обсидиан (Бирюзовый))
ThermalDynamics:cover:0, Крышка (Окрашенный Обсидиан (Фиолетовый))
ThermalDynamics:cover:0, Крышка (Окрашенный Обсидиан (Синий))
ThermalDynamics:cover:0, Крышка (Окрашенный Обсидиан (Коричневый))
ThermalDynamics:cover:0, Крышка (Окрашенный Обсидиан (Зелёный))
ThermalDynamics:cover:0, Крышка (Окрашенный Обсидиан (Красный))
ThermalDynamics:cover:0, Крышка (Окрашенный Обсидиан (Чёрный))
ThermalDynamics:cover:0, Крышка (Окрашенный Блок красного камня (Белый))
ThermalDynamics:cover:0, Крышка (Окрашенный Блок красного камня (Оранжевый))
ThermalDynamics:cover:0, Крышка (Окрашенный Блок красного камня (Сиреневый))
ThermalDynamics:cover:0, Крышка (Окрашенный Блок красного камня (Светло-синий))
ThermalDynamics:cover:0, Крышка (Окрашенный Блок красного камня (Жёлтый))
ThermalDynamics:cover:0, Крышка (Окрашенный Блок красного камня (Лаймовый))
ThermalDynamics:cover:0, Крышка (Окрашенный Блок красного камня (Розовый))
ThermalDynamics:cover:0, Крышка (Окрашенный Блок красного камня (Серый))
ThermalDynamics:cover:0, Крышка (Окрашенный Блок красного камня (Светло-серый))
ThermalDynamics:cover:0, Крышка (Окрашенный Блок красного камня (Бирюзовый))
ThermalDynamics:cover:0, Крышка (Окрашенный Блок красного камня (Фиолетовый))
ThermalDynamics:cover:0, Крышка (Окрашенный Блок красного камня (Синий))
ThermalDynamics:cover:0, Крышка (Окрашенный Блок красного камня (Коричневый))
ThermalDynamics:cover:0, Крышка (Окрашенный Блок красного камня (Зелёный))
ThermalDynamics:cover:0, Крышка (Окрашенный Блок красного камня (Красный))
ThermalDynamics:cover:0, Крышка (Окрашенный Блок красного камня (Чёрный))
ThermalDynamics:cover:0, Крышка (Окрашенный Угольный блок (Белый))
ThermalDynamics:cover:0, Крышка (Окрашенный Угольный блок (Оранжевый))
ThermalDynamics:cover:0, Крышка (Окрашенный Угольный блок (Сиреневый))
ThermalDynamics:cover:0, Крышка (Окрашенный Угольный блок (Светло-синий))
ThermalDynamics:cover:0, Крышка (Окрашенный Угольный блок (Жёлтый))
ThermalDynamics:cover:0, Крышка (Окрашенный Угольный блок (Лаймовый))
ThermalDynamics:cover:0, Крышка (Окрашенный Угольный блок (Розовый))
ThermalDynamics:cover:0, Крышка (Окрашенный Угольный блок (Серый))
ThermalDynamics:cover:0, Крышка (Окрашенный Угольный блок (Светло-серый))
ThermalDynamics:cover:0, Крышка (Окрашенный Угольный блок (Бирюзовый))
ThermalDynamics:cover:0, Крышка (Окрашенный Угольный блок (Фиолетовый))
ThermalDynamics:cover:0, Крышка (Окрашенный Угольный блок (Синий))
ThermalDynamics:cover:0, Крышка (Окрашенный Угольный блок (Коричневый))
ThermalDynamics:cover:0, Крышка (Окрашенный Угольный блок (Зелёный))
ThermalDynamics:cover:0, Крышка (Окрашенный Угольный блок (Красный))
ThermalDynamics:cover:0, Крышка (Окрашенный Угольный блок (Чёрный))
ThermalDynamics:cover:0, Крышка (Сжатый булыжник)
ThermalDynamics:cover:0, Крышка (Двойной сжатый булыжник)
ThermalDynamics:cover:0, Крышка (Тройной сжатый булыжник)
ThermalDynamics:cover:0, Крышка (Четверной сжатый булыжник)
ThermalDynamics:cover:0, Крышка (Пятикратносжатый булыжник)
ThermalDynamics:cover:0, Крышка (Шестикратносжатый булыжник)
ThermalDynamics:cover:0, Крышка (Семикратносжатый булыжник)
ThermalDynamics:cover:0, Крышка (Восьмикратносжатый булыжник)
ThermalDynamics:cover:0, Крышка (Сжатая земля)
ThermalDynamics:cover:0, Крышка (Двойная сжатая земля)
ThermalDynamics:cover:0, Крышка (Тройная сжатая земля)
ThermalDynamics:cover:0, Крышка (Четверная сжатая земля)
ThermalDynamics:cover:0, Крышка (Сжатый гравий)
ThermalDynamics:cover:0, Крышка (Двойной сжатый гравий)
ThermalDynamics:cover:0, Крышка (Сжатый песок)
ThermalDynamics:cover:0, Крышка (Двойной сжатый песок)
ThermalDynamics:cover:0, Крышка (Конвейерная лента)
ThermalDynamics:cover:0, Крышка (Небесный камень (Белый))
ThermalDynamics:cover:0, Крышка (Небесный камень (Оранжевый))
ThermalDynamics:cover:0, Крышка (Небесный камень (Сиреневый))
ThermalDynamics:cover:0, Крышка (Небесный камень (Светло-синий))
ThermalDynamics:cover:0, Крышка (Небесный камень (Жёлтый))
ThermalDynamics:cover:0, Крышка (Небесный камень (Лаймовый))
ThermalDynamics:cover:0, Крышка (Небесный камень (Розовый))
ThermalDynamics:cover:0, Крышка (Небесный камень (Серый))
ThermalDynamics:cover:0, Крышка (Небесный камень (Светло-серый))
ThermalDynamics:cover:0, Крышка (Небесный камень (Бирюзовый))
ThermalDynamics:cover:0, Крышка (Небесный камень (Фиолетовый))
ThermalDynamics:cover:0, Крышка (Небесный камень (Синий))
ThermalDynamics:cover:0, Крышка (Небесный камень (Коричневый))
ThermalDynamics:cover:0, Крышка (Небесный камень (Зелёный))
ThermalDynamics:cover:0, Крышка (Небесный камень (Красный))
ThermalDynamics:cover:0, Крышка (Небесный камень (Чёрный))
ThermalDynamics:cover:0, Крышка (Мирный стол)
ThermalDynamics:cover:0, Крышка (Труба для передачи)
ThermalDynamics:cover:0, Крышка (Сортирующая труба)
ThermalDynamics:cover:0, Крышка (Труба рационирования)
ThermalDynamics:cover:0, Крышка (Энергетическая труба)
ThermalDynamics:cover:0, Крышка (Перекрёстная труба)
ThermalDynamics:cover:0, Крышка (Труба для сортировки по модам)
ThermalDynamics:cover:0, Крышка (Труба для извлечения энергии)
ThermalDynamics:cover:0, Крышка (Труба гипер-рационирования)
ThermalDynamics:cover:0, Крышка (Проклятая земля)
ThermalDynamics:cover:0, Крышка (Железный шип)
ThermalDynamics:cover:0, Крышка (Алмазный шип)
ThermalDynamics:cover:0, Крышка (Золотой шип)
ThermalDynamics:cover:0, Крышка (Деревянный шип)
ThermalDynamics:cover:0, Крышка (Улучшение карьера Края «Основа»)
ThermalDynamics:cover:0, Крышка (Улучшение карьера Края «Всемирные отверстия»)
ThermalDynamics:cover:0, Крышка (Улучшение карьера Края «Шёлковое касание»)
ThermalDynamics:cover:0, Крышка (Улучшение карьера Края «Удача I»)
ThermalDynamics:cover:0, Крышка (Улучшение карьера Края «Удача II»)
ThermalDynamics:cover:0, Крышка (Улучшение карьера Края «Удача III»)
ThermalDynamics:cover:0, Крышка (Улучшение карьера Края «Скорость I»)
ThermalDynamics:cover:0, Крышка (Улучшение карьера Края «Скорость II»)
ThermalDynamics:cover:0, Крышка (Улучшение карьера Края «Скорость III»)
ThermalDynamics:cover:0, Крышка (Улучшение карьера Края «Помпа»)
ThermalDynamics:cover:0, Крышка (Семена лилии Края)
ThermalDynamics:cover:0, Крышка (Красные часы)
ThermalDynamics:cover:0, Крышка (Эфирное стекло)
ThermalDynamics:cover:0, Крышка (Невыразимое стекло)
ThermalDynamics:cover:0, Крышка (Тёмное эфирное стекло)
ThermalDynamics:cover:0, Крышка (Эфирное стекло (Инвертированное))
ThermalDynamics:cover:0, Крышка (Невыразимое стекло (Инвертированное))
ThermalDynamics:cover:0, Крышка (Тёмное эфирное стекло (Инвертированное))
ThermalDynamics:cover:0, Крышка (Сжиженная слизь)
ThermalDynamics:cover:0, Крышка (Ветчина на кости)
ThermalDynamics:cover:0, Крышка (Плита светло-серой шерсти)
ThermalDynamics:cover:0, Крышка (Плита из бирюзовой шерсти)
ThermalDynamics:cover:0, Крышка (Плита из фиолетовой шерсти)
ThermalDynamics:cover:0, Крышка (Плита из синей шерсти)
ThermalDynamics:cover:0, Крышка (Плита из коричневой шерсти)
ThermalDynamics:cover:0, Крышка (Плита из зелёной шерсти)
ThermalDynamics:cover:0, Крышка (Плита из красной шерсти)
ThermalDynamics:cover:0, Крышка (Плита из чёрной шерсти)
ThermalDynamics:cover:0, Крышка (Плита из серой шерсти)
ThermalDynamics:cover:0, Крышка (Плита из серой шерсти)
ThermalDynamics:cover:0, Крышка (Плита из серой шерсти)
ThermalDynamics:cover:0, Крышка (Плита из серой шерсти)
ThermalDynamics:cover:0, Крышка (Плита из серой шерсти)
ThermalDynamics:cover:0, Крышка (Плита из серой шерсти)
ThermalDynamics:cover:0, Крышка (Плита из серой шерсти)
ThermalDynamics:cover:0, Крышка (Плита из серой шерсти)
ThermalDynamics:cover:0, Крышка (Колышек)
ThermalDynamics:cover:0, Крышка (Баррикада из дуба)
ThermalDynamics:cover:0, Крышка (Баррикада из ели)
ThermalDynamics:cover:0, Крышка (Баррикада из берёзы)
ThermalDynamics:cover:0, Крышка (Баррикада из тропического дерева)
ThermalDynamics:cover:0, Крышка (Бомба из слизи)
ThermalDynamics:cover:0, Крышка (Бомба из слизи)
ThermalDynamics:cover:0, Крышка (Застывшая синяя слизь)
ThermalDynamics:cover:0, Крышка (Застывшая зелёная слизь)
ThermalDynamics:cover:0, Крышка (Застывшая фиолетовая слизь)
ThermalDynamics:cover:0, Крышка (Слизневая трава)
ThermalDynamics:cover:0, Крышка (Слизневая трава)
ThermalDynamics:cover:0, Крышка (Слизневая листва)
ThermalDynamics:cover:0, Крышка (Слизневый саженец)
ThermalDynamics:cover:0, Крышка (Сточная слизь)
ThermalDynamics:cover:0, Крышка (Сточная кровь)
ThermalDynamics:cover:0, Крышка (Прыжковая панель)
ThermalDynamics:cover:0, Крышка (Факел)
ThermalDynamics:cover:0, Крышка (Лестница)
ThermalDynamics:cover:0, Крышка (Обсидиановый кирпич)
ThermalDynamics:cover:0, Крышка (Песчаниковый кирпич)
ThermalDynamics:cover:0, Крышка (Кирпич Нижнего мира)
ThermalDynamics:cover:0, Крышка (Кирпич из гладкого камня)
ThermalDynamics:cover:0, Крышка (Железный кирпич)
ThermalDynamics:cover:0, Крышка (Золотой кирпич)
ThermalDynamics:cover:0, Крышка (Лазуритовый кирпич)
ThermalDynamics:cover:0, Крышка (Алмазный кирпич)
ThermalDynamics:cover:0, Крышка (Красный кирпич)
ThermalDynamics:cover:0, Крышка (Костяной кирпич)
ThermalDynamics:cover:0, Крышка (Слизневый кирпич)
ThermalDynamics:cover:0, Крышка (Слизневый кирпич)
ThermalDynamics:cover:0, Крышка (Кирпич из камня Края)
ThermalDynamics:cover:0, Крышка (Обсидиановый кирпич)
ThermalDynamics:cover:0, Крышка (Красивый обсидиановый кирпич)
ThermalDynamics:cover:0, Крышка (Красивый песчаниковый кирпич)
ThermalDynamics:cover:0, Крышка (Красивый кирпич Нижнего мира)
ThermalDynamics:cover:0, Крышка (Красивый кирпич из гладкого камня)
ThermalDynamics:cover:0, Крышка (Красивый железный кирпич)
ThermalDynamics:cover:0, Крышка (Красивый золотой кирпич)
ThermalDynamics:cover:0, Крышка (Красивый лазуритовый кирпич)
ThermalDynamics:cover:0, Крышка (Красивый алмазный кирпич)
ThermalDynamics:cover:0, Крышка (Красивый красный кирпич)
ThermalDynamics:cover:0, Крышка (Красивый костяной кирпич)
ThermalDynamics:cover:0, Крышка (Красивый слизневый кирпич)
ThermalDynamics:cover:0, Крышка (Красивый слизневый кирпич)
ThermalDynamics:cover:0, Крышка (Кирпич из красивого камня Края)
ThermalDynamics:cover:0, Крышка (Красивый обсидиановый кирпич)
ThermalDynamics:cover:0, Крышка (Кирпич из красивого камня)
ThermalDynamics:cover:0, Крышка (Каменная дорога)
ThermalDynamics:cover:0, Крышка (Алюмитовый кирпич)
ThermalDynamics:cover:0, Крышка (Ардитовый кирпич)
ThermalDynamics:cover:0, Крышка (Кобальтовый кирпич)
ThermalDynamics:cover:0, Крышка (Мануллиновый кирпич)
ThermalDynamics:cover:0, Крышка (Красивый алюмитовый кирпич)
ThermalDynamics:cover:0, Крышка (Красивый ардитовый кирпич)
ThermalDynamics:cover:0, Крышка (Красивый кобальтовый кирпич)
ThermalDynamics:cover:0, Крышка (Красивый мануллиновый кирпич)
ThermalDynamics:cover:0, Крышка (Железный рудный куст)
ThermalDynamics:cover:0, Крышка (Золотой рудный куст)
ThermalDynamics:cover:0, Крышка (Медный рудный куст)
ThermalDynamics:cover:0, Крышка (Оловянный рудный куст)
ThermalDynamics:cover:0, Крышка (Алюминиевый рудный куст)
ThermalDynamics:cover:0, Крышка (Куст эссенции опыта)
ThermalDynamics:cover:0, Крышка (Кобальтовая руда)
ThermalDynamics:cover:0, Крышка (Ардитовая руда)
ThermalDynamics:cover:0, Крышка (Медная руда)
ThermalDynamics:cover:0, Крышка (Оловянная руда)
ThermalDynamics:cover:0, Крышка (Алюминиевая руда)
ThermalDynamics:cover:0, Крышка (Железная гравиевая руда)
ThermalDynamics:cover:0, Крышка (Золотая гравиевая руда)
ThermalDynamics:cover:0, Крышка (Медная гравиевая руда)
ThermalDynamics:cover:0, Крышка (Оловянная гравиевая руда)
ThermalDynamics:cover:0, Крышка (Алюминиевая гравиевая руда)
ThermalDynamics:cover:0, Крышка (Кобальтовая гравиевая руда)
ThermalDynamics:cover:0, Крышка (Деревянные рельсы)
ThermalDynamics:cover:0, Крышка (Кобальтовый блок)
ThermalDynamics:cover:0, Крышка (Ардитовый блок)
ThermalDynamics:cover:0, Крышка (Мануллиновый блок)
ThermalDynamics:cover:0, Крышка (Медный блок)
ThermalDynamics:cover:0, Крышка (Бронзовый блок)
ThermalDynamics:cover:0, Крышка (Оловянный блок)
ThermalDynamics:cover:0, Крышка (Алюминиевый блок)
ThermalDynamics:cover:0, Крышка (Блок алюминиевой латуни)
ThermalDynamics:cover:0, Крышка (Алюмитовый блок)
ThermalDynamics:cover:0, Крышка (Стальной блок)
ThermalDynamics:cover:0, Крышка (Блок спрессованного ока Края)
ThermalDynamics:cover:0, Крышка (Слизневая грязь)
ThermalDynamics:cover:0, Крышка (Цемент)
ThermalDynamics:cover:0, Крышка (Слизневая грязь)
ThermalDynamics:cover:0, Крышка (Кладбищенская почва)
ThermalDynamics:cover:0, Крышка (Священная почва)
ThermalDynamics:cover:0, Крышка (Земля из синей слизи)
ThermalDynamics:cover:0, Крышка (Слизевая почва)
ThermalDynamics:cover:0, Крышка (Расплавленное железо)
ThermalDynamics:cover:0, Крышка (Расплавленное золото)
ThermalDynamics:cover:0, Крышка (Расплавленная медь)
ThermalDynamics:cover:0, Крышка (Жидкое олово)
ThermalDynamics:cover:0, Крышка (Расплавленной алюминий)
ThermalDynamics:cover:0, Крышка (Расплавленный кобальт)
ThermalDynamics:cover:0, Крышка (Расплавленный ардит)
ThermalDynamics:cover:0, Крышка (Расплавленная бронза)
ThermalDynamics:cover:0, Крышка (Расплавленная алюминиевая латунь)
ThermalDynamics:cover:0, Крышка (Расплавленный мануллин)
ThermalDynamics:cover:0, Крышка (Расплавленный алюмит)
ThermalDynamics:cover:0, Крышка (Расплавленный обсидиан)
ThermalDynamics:cover:0, Крышка (Расплавленная сталь)
ThermalDynamics:cover:0, Крышка (Расплавленное стекло)
ThermalDynamics:cover:0, Крышка (Обожжённый камень)
ThermalDynamics:cover:0, Крышка (Сжиженный изумруд)
ThermalDynamics:cover:0, Крышка (Расплавленный никель)
ThermalDynamics:cover:0, Крышка (Расплавленный свинец)
ThermalDynamics:cover:0, Крышка (Расплавленное серебро)
ThermalDynamics:cover:0, Крышка (Расплавленная платина)
ThermalDynamics:cover:0, Крышка (Расплавленный инвар)
ThermalDynamics:cover:0, Крышка (Расплавленный электрум)
ThermalDynamics:cover:0, Крышка (Жидкость Края)
ThermalDynamics:cover:0, Крышка (Расплавленный ламиум)
ThermalDynamics:cover:0, Крышка (Расплавленный синал)
ThermalDynamics:cover:0, Крышка (Расплавленный мифрил)
ThermalDynamics:cover:0, Крышка (Расплавленный эндериум)
ThermalDynamics:cover:0, Крышка (Кровь)
ThermalDynamics:cover:0, Крышка (Клей)
ThermalDynamics:cover:0, Крышка (Расплавленное свиное железо)
ThermalDynamics:cover:0, Крышка (Плита из обожжённого кирпича)
ThermalDynamics:cover:0, Крышка (Плита из обожжённого камня)
ThermalDynamics:cover:0, Крышка (Плита из обожжённого булыжника)
ThermalDynamics:cover:0, Крышка (Плита из обожжённой брусчатки)
ThermalDynamics:cover:0, Крышка (Плита из обожжённой дороги)
ThermalDynamics:cover:0, Крышка (Красивая обожжённая плита)
ThermalDynamics:cover:0, Крышка (Резная обожжённая плита)
ThermalDynamics:cover:0, Крышка (Резная обожжённая плита)
ThermalDynamics:cover:0, Крышка (Плита из грубого бурого песчаника)
ThermalDynamics:cover:0, Крышка (Плита из грубого дорожного бурого песчаника)
ThermalDynamics:cover:0, Крышка (Плита из бурого песчаника)
ThermalDynamics:cover:0, Крышка (Плита из кирпича бурого песчаника)
ThermalDynamics:cover:0, Крышка (Плита из дорожного бурого песчаника)
ThermalDynamics:cover:0, Крышка (Плита из красивого бурого песчаника)
ThermalDynamics:cover:0, Крышка (Плита из резного бурого песчаника)
ThermalDynamics:cover:0, Крышка (Блок клея)
ThermalDynamics:cover:0, Крышка (Грубый бурый песчаник)
ThermalDynamics:cover:0, Крышка (Дорога из грубого бурого песчаника)
ThermalDynamics:cover:0, Крышка (Бурый песчаник)
ThermalDynamics:cover:0, Крышка (Кирпич из бурого песчаника)
ThermalDynamics:cover:0, Крышка (Дорога из бурого песчаника)
ThermalDynamics:cover:0, Крышка (Красивый бурый песчаник)
ThermalDynamics:cover:0, Крышка (Резной бурый песчаник)
ThermalDynamics:cover:0, Крышка (Прозрачное стекло)
ThermalDynamics:cover:0, Крышка (Прозрачная стеклянная панель)
ThermalDynamics:cover:0, Крышка (Белое стекло)
ThermalDynamics:cover:0, Крышка (Оранжевое стекло)
ThermalDynamics:cover:0, Крышка (Сиреневое стекло)
ThermalDynamics:cover:0, Крышка (Светло-синее стекло)
ThermalDynamics:cover:0, Крышка (Жёлтое стекло)
ThermalDynamics:cover:0, Крышка (Лаймовое стекло)
ThermalDynamics:cover:0, Крышка (Розовое стекло)
ThermalDynamics:cover:0, Крышка (Серое стекло)
ThermalDynamics:cover:0, Крышка (Светло-серое стекло)
ThermalDynamics:cover:0, Крышка (Бирюзовое стекло)
ThermalDynamics:cover:0, Крышка (Фиолетовое стекло)
ThermalDynamics:cover:0, Крышка (Синее стекло)
ThermalDynamics:cover:0, Крышка (Коричневое стекло)
ThermalDynamics:cover:0, Крышка (Зелёное стекло)
ThermalDynamics:cover:0, Крышка (Красное стекло)
ThermalDynamics:cover:0, Крышка (Чёрное стекло)
ThermalDynamics:cover:0, Крышка (Белая стеклянная панель)
ThermalDynamics:cover:0, Крышка (Оранжевая стеклянная панель)
ThermalDynamics:cover:0, Крышка (Сиреневая стеклянная панель)
ThermalDynamics:cover:0, Крышка (Светло-синяя стеклянная панель)
ThermalDynamics:cover:0, Крышка (Жёлтая стеклянная панель)
ThermalDynamics:cover:0, Крышка (Лаймовая стеклянная панель)
ThermalDynamics:cover:0, Крышка (Розовая стеклянная панель)
ThermalDynamics:cover:0, Крышка (Серая стеклянная панель)
ThermalDynamics:cover:0, Крышка (Светло-серая стеклянная панель)
ThermalDynamics:cover:0, Крышка (Бирюзовая стеклянная панель)
ThermalDynamics:cover:0, Крышка (Фиолетовая стеклянная панель)
ThermalDynamics:cover:0, Крышка (Синяя стеклянная панель)
ThermalDynamics:cover:0, Крышка (Коричневая стеклянная панель)
ThermalDynamics:cover:0, Крышка (Зелёная стеклянная панель)
ThermalDynamics:cover:0, Крышка (Красная стеклянная панель)
ThermalDynamics:cover:0, Крышка (Чёрная стеклянная панель)
ThermalDynamics:cover:0, Крышка (Расплавленный очищенный светокамень)
ThermalDynamics:cover:0, Крышка (Расплавленный осмий)
ThermalDynamics:cover:0, Крышка (Расплавленный покфениум)
ThermalDynamics:cover:0, Крышка (Расплавленный волшебный металл)
ThermalDynamics:cover:0, Крышка (Расплавленный красный аурум)
ThermalDynamics:cover:0, Крышка (Расплавленный деш)
ThermalDynamics:cover:0, Крышка (Расплавленная тёмная сталь)
ThermalDynamics:cover:0, Крышка (Расплавленный цинк)
ThermalDynamics:cover:0, Крышка (Расплавленная латунь)
ThermalDynamics:cover:0, Крышка (Расплавленный адамантин)
ThermalDynamics:cover:0, Крышка (Расплавленное проводящее железо)
ThermalDynamics:cover:0, Крышка (Расплавленная наэлектризованная сталь)
ThermalDynamics:cover:0, Крышка (Расплавленный энергетический сплав)
ThermalDynamics:cover:0, Крышка (Расплавленное пульсирующее золото)
ThermalDynamics:cover:0, Крышка (Расплавленное пульсирующее железо)
ThermalDynamics:cover:0, Крышка (Расплавленный сплав из красного камня)
ThermalDynamics:cover:0, Крышка (Жидкий кремний)
ThermalDynamics:cover:0, Крышка (Расплавленный соуларий)
ThermalDynamics:cover:0, Крышка (Расплавленная манасталь)
ThermalDynamics:cover:0, Крышка (Расплавленная террасталь)
ThermalDynamics:cover:0, Крышка (Расплавленный элементий)
ThermalDynamics:cover:0, Крышка (Расплавленный пустотный метал)
ThermalDynamics:cover:0, Крышка (Расплавленный бедрокий)
ThermalDynamics:cover:0, Крышка (Волшебный блок)
ThermalDynamics:cover:0, Крышка (Покфениумный блок)
ThermalDynamics:cover:0, Крышка (Блок красного аурума)
ThermalDynamics:cover:0, Крышка (Пропитанный Perditio огонь)
ThermalDynamics:cover:0, Крышка (Пропитанный Aqua огонь)
ThermalDynamics:cover:0, Крышка (Пропитанный Aer огонь)
ThermalDynamics:cover:0, Крышка (Пропитанный Ignis огонь)
ThermalDynamics:cover:0, Крышка (tile.gaseousLight.name)
ThermalDynamics:cover:0, Крышка (Пропитанный Terra огонь)
ThermalDynamics:cover:0, Крышка (Bedrock Portal)
ThermalDynamics:cover:0, Крышка (Ступеньки закоптившегося кварца)
ThermalDynamics:cover:0, Крышка (tile.gaseousShadow.name)
ThermalDynamics:cover:0, Крышка (Пропитанный Ordo огонь)
ThermalDynamics:cover:0, Крышка (Блок закоптившегося кварца)
ThermalDynamics:cover:0, Крышка (Резной блок закоптившегося кварца)
ThermalDynamics:cover:0, Крышка (Колонна из закоптившегося кварца)
ThermalDynamics:cover:0, Крышка (tile.nitorGas.name)
ThermalDynamics:cover:0, Крышка (Плита закоптившегося кварца)
ThermalDynamics:cover:0, Крышка (Плита закоптившегося кварца)
ThermalDynamics:cover:0, Крышка (Таумический торт)
ThermalDynamics:cover:0, Крышка (Мрачная роза)
ThermalDynamics:cover:0, Крышка (Блок звезды Нижнего мира)
ThermalDynamics:cover:0, Крышка (Мрачный куст роз)
ThermalDynamics:cover:0, Крышка (Tainted Log)
ThermalDynamics:cover:0, Крышка (Tainted Planks)
ThermalDynamics:cover:0, Крышка (Tainted Leaves)
ThermalDynamics:cover:0, Крышка (Tainted Sapling)
ThermalDynamics:cover:0, Крышка (Tainted Stone)
ThermalDynamics:cover:0, Крышка (Tainted Stone Bricks)
ThermalDynamics:cover:0, Крышка (Факел)
ThermalDynamics:cover:0, Крышка (Факел)
ThermalDynamics:cover:0, Крышка (tile.breatheableAir.name)
ThermalDynamics:cover:0, Крышка (tile.brightAir.name)
ThermalDynamics:cover:0, Крышка (tile.brightBreathableAir.name)
ThermalDynamics:cover:0, Крышка (Декоративный оловянный блок)
ThermalDynamics:cover:0, Крышка (Декоративный оловянный блок)
ThermalDynamics:cover:0, Крышка (Медная руда)
ThermalDynamics:cover:0, Крышка (Оловянная руда)
ThermalDynamics:cover:0, Крышка (Алюминиевая руда)
ThermalDynamics:cover:0, Крышка (Кремниевая руда)
ThermalDynamics:cover:0, Крышка (Медный блок)
ThermalDynamics:cover:0, Крышка (Оловянный блок)
ThermalDynamics:cover:0, Крышка (Алюминиевый блок)
ThermalDynamics:cover:0, Крышка (Блок метеоритного железа)
ThermalDynamics:cover:0, Крышка (Уплотнитель воздушного шлюза)
ThermalDynamics:cover:0, Крышка (Факел из светящегося камня)
ThermalDynamics:cover:0, Крышка (Медная руда)
ThermalDynamics:cover:0, Крышка (Оловянная руда)
ThermalDynamics:cover:0, Крышка (Сырная руда)
ThermalDynamics:cover:0, Крышка (Лунный грунт)
ThermalDynamics:cover:0, Крышка (Лунный камень)
ThermalDynamics:cover:0, Крышка (Лунный дёрн)
ThermalDynamics:cover:0, Крышка (Кирпич лунной сокровищницы)
ThermalDynamics:cover:0, Крышка (Блок сыра)
ThermalDynamics:cover:0, Крышка (Оловянные ступеньки)
ThermalDynamics:cover:0, Крышка (Оловянные ступеньки)
ThermalDynamics:cover:0, Крышка (Ступеньки из лунного камня)
ThermalDynamics:cover:0, Крышка (Ступеньки из кирпича лунной сокровищницы)
ThermalDynamics:cover:0, Крышка (Оловянная стена)
ThermalDynamics:cover:0, Крышка (Оловянная стена)
ThermalDynamics:cover:0, Крышка (Стена из лунного камня)
ThermalDynamics:cover:0, Крышка (Стена из кирпича лунной сокровищницы)
ThermalDynamics:cover:0, Крышка (Стена из марсианского булыжника)
ThermalDynamics:cover:0, Крышка (Стена из кирпича марсианской сокровищницы)
ThermalDynamics:cover:0, Крышка (Оловянная плита)
ThermalDynamics:cover:0, Крышка (Оловянная плита)
ThermalDynamics:cover:0, Крышка (Плита из лунного камня)
ThermalDynamics:cover:0, Крышка (Плита из кирпича лунной сокровищницы)
ThermalDynamics:cover:0, Крышка (Плита из марсианского булыжника)
ThermalDynamics:cover:0, Крышка (Плита из кирпича марсианской сокровищницы)
ThermalDynamics:cover:0, Крышка (tile.slabGCDouble.tinSlab.name)
ThermalDynamics:cover:0, Крышка (tile.slabGCDouble.tinSlab.name)
ThermalDynamics:cover:0, Крышка (tile.slabGCDouble.moonSlab.name)
ThermalDynamics:cover:0, Крышка (tile.slabGCDouble.moonBricksSlab.name)
ThermalDynamics:cover:0, Крышка (tile.slabGCDouble.marsSlab.name)
ThermalDynamics:cover:0, Крышка (tile.slabGCDouble.marsBricksSlab.name)
ThermalDynamics:cover:0, Крышка (Каменный факел)
ThermalDynamics:cover:0, Крышка (Каменный факел)
ThermalDynamics:cover:0, Крышка (Астероидный камень)
ThermalDynamics:cover:0, Крышка (Астероидный камень)
ThermalDynamics:cover:0, Крышка (Астероидный камень)
ThermalDynamics:cover:0, Крышка (Алюминиевая руда)
ThermalDynamics:cover:0, Крышка (Ильменитовая руда)
ThermalDynamics:cover:0, Крышка (Железная руда)
ThermalDynamics:cover:0, Крышка (Плотный лёд)
ThermalDynamics:cover:0, Крышка (Бактериальный осадок)
ThermalDynamics:cover:0, Крышка (Медная руда)
ThermalDynamics:cover:0, Крышка (Оловянная руда)
ThermalDynamics:cover:0, Крышка (Руда деш)
ThermalDynamics:cover:0, Крышка (Железная руда)
ThermalDynamics:cover:0, Крышка (Марсианский булыжник)
ThermalDynamics:cover:0, Крышка (Марсианский поверхностный камень)
ThermalDynamics:cover:0, Крышка (Марсианский подповерхностный камень)
ThermalDynamics:cover:0, Крышка (Кирпич марсианской сокровищницы)
ThermalDynamics:cover:0, Крышка (Блок деш)
ThermalDynamics:cover:0, Крышка (Марсианский камень)
ThermalDynamics:cover:0, Крышка (Пещерные лианы)
ThermalDynamics:cover:0, Крышка (Яйцо крипера)
ThermalDynamics:cover:0, Крышка (Ступеньки из марсианского булыжника)
ThermalDynamics:cover:0, Крышка (Ступеньки из кирпича марсианской сокровищницы)
ThermalDynamics:cover:0, Крышка (Осмиевый блок)
ThermalDynamics:cover:0, Крышка (Бронзовый блок)
ThermalDynamics:cover:0, Крышка (Очищенный обсидиан)
ThermalDynamics:cover:0, Крышка (Древесноугольный блок)
ThermalDynamics:cover:0, Крышка (Очищенный светящийся камень)
ThermalDynamics:cover:0, Крышка (Стальной блок)
ThermalDynamics:cover:0, Крышка (Каркас телепорта)
ThermalDynamics:cover:0, Крышка (Стальной корпус)
ThermalDynamics:cover:0, Крышка (Медный блок)
ThermalDynamics:cover:0, Крышка (Оловянный блок)
ThermalDynamics:cover:0, Крышка (Осмиевая руда)
ThermalDynamics:cover:0, Крышка (Медная руда)
ThermalDynamics:cover:0, Крышка (Оловянная руда)
ThermalDynamics:cover:0, Крышка (§8Черный Пластиковый блок)
ThermalDynamics:cover:0, Крышка (§cКрасный Пластиковый блок)
ThermalDynamics:cover:0, Крышка (§2Зеленый Пластиковый блок)
ThermalDynamics:cover:0, Крышка (§6Коричневый Пластиковый блок)
ThermalDynamics:cover:0, Крышка (§1Синий Пластиковый блок)
ThermalDynamics:cover:0, Крышка (§5Фиолетовый Пластиковый блок)
ThermalDynamics:cover:0, Крышка (§3Темно-Голубой Пластиковый блок)
ThermalDynamics:cover:0, Крышка (§7Светло-Серый Пластиковый блок)
ThermalDynamics:cover:0, Крышка (§8Серый Пластиковый блок)
ThermalDynamics:cover:0, Крышка (§dРозовый Пластиковый блок)
ThermalDynamics:cover:0, Крышка (§aСветло-Зеленый Пластиковый блок)
ThermalDynamics:cover:0, Крышка (§eЖелтый Пластиковый блок)
ThermalDynamics:cover:0, Крышка (§9Светло-Голубой Пластиковый блок)
ThermalDynamics:cover:0, Крышка (§dПурпурный Пластиковый блок)
ThermalDynamics:cover:0, Крышка (§6Оранжевый Пластиковый блок)
ThermalDynamics:cover:0, Крышка (§fБелый Пластиковый блок)
ThermalDynamics:cover:0, Крышка (§8Черный Гладкий пластиковый блок)
ThermalDynamics:cover:0, Крышка (§cКрасный Гладкий пластиковый блок)
ThermalDynamics:cover:0, Крышка (§2Зеленый Гладкий пластиковый блок)
ThermalDynamics:cover:0, Крышка (§6Коричневый Гладкий пластиковый блок)
ThermalDynamics:cover:0, Крышка (§1Синий Гладкий пластиковый блок)
ThermalDynamics:cover:0, Крышка (§5Фиолетовый Гладкий пластиковый блок)
ThermalDynamics:cover:0, Крышка (§3Темно-Голубой Гладкий пластиковый блок)
ThermalDynamics:cover:0, Крышка (§7Светло-Серый Гладкий пластиковый блок)
ThermalDynamics:cover:0, Крышка (§8Серый Гладкий пластиковый блок)
ThermalDynamics:cover:0, Крышка (§dРозовый Гладкий пластиковый блок)
ThermalDynamics:cover:0, Крышка (§aСветло-Зеленый Гладкий пластиковый блок)
ThermalDynamics:cover:0, Крышка (§eЖелтый Гладкий пластиковый блок)
ThermalDynamics:cover:0, Крышка (§9Светло-Голубой Гладкий пластиковый блок)
ThermalDynamics:cover:0, Крышка (§dПурпурный Гладкий пластиковый блок)
ThermalDynamics:cover:0, Крышка (§6Оранжевый Гладкий пластиковый блок)
ThermalDynamics:cover:0, Крышка (§fБелый Гладкий пластиковый блок)
ThermalDynamics:cover:0, Крышка (§8Черный Пластиковый светящийся блок)
ThermalDynamics:cover:0, Крышка (§cКрасный Пластиковый светящийся блок)
ThermalDynamics:cover:0, Крышка (§2Зеленый Пластиковый светящийся блок)
ThermalDynamics:cover:0, Крышка (§6Коричневый Пластиковый светящийся блок)
ThermalDynamics:cover:0, Крышка (§1Синий Пластиковый светящийся блок)
ThermalDynamics:cover:0, Крышка (§5Фиолетовый Пластиковый светящийся блок)
ThermalDynamics:cover:0, Крышка (§3Темно-Голубой Пластиковый светящийся блок)
ThermalDynamics:cover:0, Крышка (§7Светло-Серый Пластиковый светящийся блок)
ThermalDynamics:cover:0, Крышка (§8Серый Пластиковый светящийся блок)
ThermalDynamics:cover:0, Крышка (§dРозовый Пластиковый светящийся блок)
ThermalDynamics:cover:0, Крышка (§aСветло-Зеленый Пластиковый светящийся блок)
ThermalDynamics:cover:0, Крышка (§eЖелтый Пластиковый светящийся блок)
ThermalDynamics:cover:0, Крышка (§9Светло-Голубой Пластиковый светящийся блок)
ThermalDynamics:cover:0, Крышка (§dПурпурный Пластиковый светящийся блок)
ThermalDynamics:cover:0, Крышка (§6Оранжевый Пластиковый светящийся блок)
ThermalDynamics:cover:0, Крышка (§fБелый Пластиковый светящийся блок)
ThermalDynamics:cover:0, Крышка (§8Черный Укреплённый пластиковый блок)
ThermalDynamics:cover:0, Крышка (§cКрасный Укреплённый пластиковый блок)
ThermalDynamics:cover:0, Крышка (§2Зеленый Укреплённый пластиковый блок)
ThermalDynamics:cover:0, Крышка (§6Коричневый Укреплённый пластиковый блок)
ThermalDynamics:cover:0, Крышка (§1Синий Укреплённый пластиковый блок)
ThermalDynamics:cover:0, Крышка (§5Фиолетовый Укреплённый пластиковый блок)
ThermalDynamics:cover:0, Крышка (§3Темно-Голубой Укреплённый пластиковый блок)
ThermalDynamics:cover:0, Крышка (§7Светло-Серый Укреплённый пластиковый блок)
ThermalDynamics:cover:0, Крышка (§8Серый Укреплённый пластиковый блок)
ThermalDynamics:cover:0, Крышка (§dРозовый Укреплённый пластиковый блок)
ThermalDynamics:cover:0, Крышка (§aСветло-Зеленый Укреплённый пластиковый блок)
ThermalDynamics:cover:0, Крышка (§eЖелтый Укреплённый пластиковый блок)
ThermalDynamics:cover:0, Крышка (§9Светло-Голубой Укреплённый пластиковый блок)
ThermalDynamics:cover:0, Крышка (§dПурпурный Укреплённый пластиковый блок)
ThermalDynamics:cover:0, Крышка (§6Оранжевый Укреплённый пластиковый блок)
ThermalDynamics:cover:0, Крышка (§fБелый Укреплённый пластиковый блок)
ThermalDynamics:cover:0, Крышка (§8Черный Пластиковый путь)
ThermalDynamics:cover:0, Крышка (§cКрасный Пластиковый путь)
ThermalDynamics:cover:0, Крышка (§2Зеленый Пластиковый путь)
ThermalDynamics:cover:0, Крышка (§6Коричневый Пластиковый путь)
ThermalDynamics:cover:0, Крышка (§1Синий Пластиковый путь)
ThermalDynamics:cover:0, Крышка (§5Фиолетовый Пластиковый путь)
ThermalDynamics:cover:0, Крышка (§3Темно-Голубой Пластиковый путь)
ThermalDynamics:cover:0, Крышка (§7Светло-Серый Пластиковый путь)
ThermalDynamics:cover:0, Крышка (§8Серый Пластиковый путь)
ThermalDynamics:cover:0, Крышка (§dРозовый Пластиковый путь)
ThermalDynamics:cover:0, Крышка (§aСветло-Зеленый Пластиковый путь)
ThermalDynamics:cover:0, Крышка (§eЖелтый Пластиковый путь)
ThermalDynamics:cover:0, Крышка (§9Светло-Голубой Пластиковый путь)
ThermalDynamics:cover:0, Крышка (§dПурпурный Пластиковый путь)
ThermalDynamics:cover:0, Крышка (§6Оранжевый Пластиковый путь)
ThermalDynamics:cover:0, Крышка (§fБелый Пластиковый путь)
ThermalDynamics:cover:0, Крышка (§8Черный Пластиковый забор)
ThermalDynamics:cover:0, Крышка (§cКрасный Пластиковый забор)
ThermalDynamics:cover:0, Крышка (§2Зеленый Пластиковый забор)
ThermalDynamics:cover:0, Крышка (§6Коричневый Пластиковый забор)
ThermalDynamics:cover:0, Крышка (§1Синий Пластиковый забор)
ThermalDynamics:cover:0, Крышка (§5Фиолетовый Пластиковый забор)
ThermalDynamics:cover:0, Крышка (§3Темно-Голубой Пластиковый забор)
ThermalDynamics:cover:0, Крышка (§7Светло-Серый Пластиковый забор)
ThermalDynamics:cover:0, Крышка (§8Серый Пластиковый забор)
ThermalDynamics:cover:0, Крышка (§dРозовый Пластиковый забор)
ThermalDynamics:cover:0, Крышка (§aСветло-Зеленый Пластиковый забор)
ThermalDynamics:cover:0, Крышка (§eЖелтый Пластиковый забор)
ThermalDynamics:cover:0, Крышка (§9Светло-Голубой Пластиковый забор)
ThermalDynamics:cover:0, Крышка (§dПурпурный Пластиковый забор)
ThermalDynamics:cover:0, Крышка (§6Оранжевый Пластиковый забор)
ThermalDynamics:cover:0, Крышка (§fБелый Пластиковый забор)
ThermalDynamics:cover:0, Крышка (Блок соли)
ThermalDynamics:cover:0, Крышка (Сумеречный дуб)
ThermalDynamics:cover:0, Крышка (Сумеречная сосна)
ThermalDynamics:cover:0, Крышка (Сумеречная берёза)
ThermalDynamics:cover:0, Крышка (Тёмное дерево)
ThermalDynamics:cover:0, Крышка (Корни)
ThermalDynamics:cover:0, Крышка (Замшелые корни)
ThermalDynamics:cover:0, Крышка (Листва сумеречного дуба)
ThermalDynamics:cover:0, Крышка (Листва сумеречной сосны)
ThermalDynamics:cover:0, Крышка (Листва сумеречной берёзы)
ThermalDynamics:cover:0, Крышка (Разноцветная листва)
ThermalDynamics:cover:0, Крышка (Блок портала в сумеречный лес)
ThermalDynamics:cover:0, Крышка (Камень лабиринта)
ThermalDynamics:cover:0, Крышка (Кладка из камня лабиринта)
ThermalDynamics:cover:0, Крышка (Гладкая лабиринтовая кладка)
ThermalDynamics:cover:0, Крышка (Декоративная лабиринтовая кладка)
ThermalDynamics:cover:0, Крышка (Потресканая лабиринтовая кладка)
ThermalDynamics:cover:0, Крышка (Замшелая лабиринтовая кладка)
ThermalDynamics:cover:0, Крышка (Узорчатая лабиринтовая кладка)
ThermalDynamics:cover:0, Крышка (Двойная узорчатая лабиринтовая кладка)
ThermalDynamics:cover:0, Крышка (Хеджа)
ThermalDynamics:cover:0, Крышка (Баночка со светлячком)
ThermalDynamics:cover:0, Крышка (Покров мха)
ThermalDynamics:cover:0, Крышка (Четырёхлистный клевер)
ThermalDynamics:cover:0, Крышка (Сверкающая трава)
ThermalDynamics:cover:0, Крышка (Светогриб)
ThermalDynamics:cover:0, Крышка (Лесная трава)
ThermalDynamics:cover:0, Крышка (Мёртвый куст)
ThermalDynamics:cover:0, Крышка (Факелонтовый росток)
ThermalDynamics:cover:0, Крышка (Висячие корни)
ThermalDynamics:cover:0, Крышка (Анти верстак)
ThermalDynamics:cover:0, Крышка (Нагакамень)
ThermalDynamics:cover:0, Крышка (Нагакамень)
ThermalDynamics:cover:0, Крышка (Саженец сумеречного дуба)
ThermalDynamics:cover:0, Крышка (Саженец сумеречной сосны)
ThermalDynamics:cover:0, Крышка (Саженец сумеречной берёзы)
ThermalDynamics:cover:0, Крышка (Саженец тёмного дерева)
ThermalDynamics:cover:0, Крышка (Саженец большого сумеречного дуба)
ThermalDynamics:cover:0, Крышка (Саженец дерева времени)
ThermalDynamics:cover:0, Крышка (Саженец мудрого дерева)
ThermalDynamics:cover:0, Крышка (Саженец дерева шахтёра)
ThermalDynamics:cover:0, Крышка (Саженец сортировочного дерева)
ThermalDynamics:cover:0, Крышка (Саженец разноцветного дерева)
ThermalDynamics:cover:0, Крышка (Дерево времени)
ThermalDynamics:cover:0, Крышка (Загадочное дерево)
ThermalDynamics:cover:0, Крышка (Дерево шахтёра)
ThermalDynamics:cover:0, Крышка (Правильное дерево)
ThermalDynamics:cover:0, Крышка (Листва дерева времени)
ThermalDynamics:cover:0, Крышка (Листва мудрого дерева)
ThermalDynamics:cover:0, Крышка (Листва шахтёра)
ThermalDynamics:cover:0, Крышка (Листва сортировки)
ThermalDynamics:cover:0, Крышка (Дерево времени)
ThermalDynamics:cover:0, Крышка (Мудрое дерево)
ThermalDynamics:cover:0, Крышка (Ядро дерева шахтёра)
ThermalDynamics:cover:0, Крышка (Ядро дерева сортировки)
ThermalDynamics:cover:0, Крышка (Планки тёмной башни)
ThermalDynamics:cover:0, Крышка (Боковые планки тёмной башни)
ThermalDynamics:cover:0, Крышка (Трестнутые планки тёмной башни)
ThermalDynamics:cover:0, Крышка (Замшелые планки тёмной башни)
ThermalDynamics:cover:0, Крышка (Инфицированные планки тёмной башни)
ThermalDynamics:cover:0, Крышка (Восстанавливающийся блок)
ThermalDynamics:cover:0, Крышка (Исчезающий блок)
ThermalDynamics:cover:0, Крышка (Заблокированный восстанавливающийся блок)
ThermalDynamics:cover:0, Крышка (Разблокированый восстанавливающийся блок)
ThermalDynamics:cover:0, Крышка (Строитель башни)
ThermalDynamics:cover:0, Крышка (Карминитовый реактор)
ThermalDynamics:cover:0, Крышка (Восстанавливающийся блок)
ThermalDynamics:cover:0, Крышка (Активный восстанавливающийся блок)
ThermalDynamics:cover:0, Крышка (Блок строителя башни)
ThermalDynamics:cover:0, Крышка (Активный блок строители башни)
ThermalDynamics:cover:0, Крышка (Анти-строитель башни)
ThermalDynamics:cover:0, Крышка (Carminite Reactor Debris)
ThermalDynamics:cover:0, Крышка (Поддельное золото)
ThermalDynamics:cover:0, Крышка (Поддельный алмаз)
ThermalDynamics:cover:0, Крышка (Крепкий щит)
ThermalDynamics:cover:0, Крышка (Трофейный пьедестал)
ThermalDynamics:cover:0, Крышка (Активированный трофейный пьедестал)
ThermalDynamics:cover:0, Крышка (Блок Авроры)
ThermalDynamics:cover:0, Крышка (Подземные кирпичи)
ThermalDynamics:cover:0, Крышка (Потресканные поздемные кирпичи)
ThermalDynamics:cover:0, Крышка (Замшелые подземные кирпичи)
ThermalDynamics:cover:0, Крышка (Шипы)
ThermalDynamics:cover:0, Крышка (Зелёные шипы)
ThermalDynamics:cover:0, Крышка (Истлевшие шипы)
ThermalDynamics:cover:0, Крышка (Шипастая роза)
ThermalDynamics:cover:0, Крышка (Thorn Leaves)
ThermalDynamics:cover:0, Крышка (Бобовые листья)
ThermalDynamics:cover:0, Крышка (Влажный камень смерти)
ThermalDynamics:cover:0, Крышка (Потрескавшийся камень смерти)
ThermalDynamics:cover:0, Крышка (Камень смерти)
ThermalDynamics:cover:0, Крышка (Листва тёмного дерева)
ThermalDynamics:cover:0, Крышка (Колонна Авроры)
ThermalDynamics:cover:0, Крышка (Плита Авроры)
ThermalDynamics:cover:0, Крышка (Плита Авроры)
ThermalDynamics:cover:0, Крышка (Тролльштеин)
ThermalDynamics:cover:0, Крышка (Прозрачное облако)
ThermalDynamics:cover:0, Крышка (Взбытое облако)
ThermalDynamics:cover:0, Крышка (Гигантский булыжник)
ThermalDynamics:cover:0, Крышка (Гигантское дерево)
ThermalDynamics:cover:0, Крышка (Гигантские листья)
ThermalDynamics:cover:0, Крышка (Гигантский обсидиан)
ThermalDynamics:cover:0, Крышка (Анбеоновая почва)
ThermalDynamics:cover:0, Крышка (Огромный стебель)
ThermalDynamics:cover:0, Крышка (Огромный грибрил)
ThermalDynamics:cover:0, Крышка (Тролловидр)
ThermalDynamics:cover:0, Крышка (Спелый тролльбер)
ThermalDynamics:cover:0, Крышка (Тролльбер)
ThermalDynamics:cover:0, Крышка (Block of Knightmetal)
ThermalDynamics:cover:0, Крышка (Huge Lily Pad)
ThermalDynamics:cover:0, Крышка (Huge Water Lily)
ThermalDynamics:cover:0, Крышка (Slide Trap)
ThermalDynamics:cover:0, Крышка (Slide Trap 1)
ThermalDynamics:cover:0, Крышка (Slide Trap 2)
ThermalDynamics:cover:0, Крышка (Slide Trap 3)
ThermalDynamics:cover:0, Крышка (Castle Brick)
ThermalDynamics:cover:0, Крышка (Worn Castle Brick)
ThermalDynamics:cover:0, Крышка (Cracked Castle Brick)
ThermalDynamics:cover:0, Крышка (Castle Roof Tile)
ThermalDynamics:cover:0, Крышка (Blue Castle Rune Brick)
ThermalDynamics:cover:0, Крышка (Yellow Castle Rune Brick)
ThermalDynamics:cover:0, Крышка (Pink Castle Rune Brick)
ThermalDynamics:cover:0, Крышка (Violet Castle Rune Brick)
ThermalDynamics:cover:0, Крышка (Violet Force Field)
ThermalDynamics:cover:0, Крышка (Pink Force Field)
ThermalDynamics:cover:0, Крышка (Orange Force Field)
ThermalDynamics:cover:0, Крышка (Green Force Field)
ThermalDynamics:cover:0, Крышка (Blue Force Field)
ThermalDynamics:cover:0, Крышка (Cinder Log [NYI])
ThermalDynamics:cover:0, Крышка (Blue Castle Door)
ThermalDynamics:cover:0, Крышка (Blue Castle Door)
ThermalDynamics:cover:0, Крышка (Twilight Oak Planks)
ThermalDynamics:cover:0, Крышка (Canopy Planks)
ThermalDynamics:cover:0, Крышка (Mangrove Planks)
ThermalDynamics:cover:0, Крышка (Darkwood Planks)
ThermalDynamics:cover:0, Крышка (Timewood Planks)
ThermalDynamics:cover:0, Крышка (Transwood Planks)
ThermalDynamics:cover:0, Крышка (Minewood Planks)
ThermalDynamics:cover:0, Крышка (Sortingwood Planks)
ThermalDynamics:cover:0, Крышка (Искаженная древесина)
ThermalDynamics:cover:0, Крышка (Доски из Искаженной древесины)
ThermalDynamics:cover:0, Крышка (Искаженная листва)
ThermalDynamics:cover:0, Крышка (Саженец Искаженного Дерева)
ThermalDynamics:cover:0, Крышка (Атропа Белладонна)
ThermalDynamics:cover:0, Крышка (Exubitura Rose)
ThermalDynamics:cover:0, Крышка (Infused Quartz Block)
ThermalDynamics:cover:0, Крышка (Chiseled Infused Quartz Block)
ThermalDynamics:cover:0, Крышка (Infused Quartz Pillar Block)
ThermalDynamics:cover:0, Крышка (Infused Quartz Slab)
ThermalDynamics:cover:0, Крышка (Infused Quartz Stair)
ThermalDynamics:cover:0, Крышка (Лёд)
ThermalDynamics:cover:0, Крышка (Алхимит)
ThermalDynamics:cover:0, Крышка (Шоколадный блок)
ThermalDynamics:cover:0, Крышка (Evanescent)
ThermalDynamics:cover:0, Крышка (Граница измерения)
ThermalDynamics:cover:0, Крышка (Блок мозга)
ThermalDynamics:cover:0, Крышка (Пыль)
ThermalDynamics:cover:0, Крышка (Кластер глаз)
ThermalDynamics:cover:0, Крышка (Кость)
ThermalDynamics:cover:0, Крышка (Блок плоти)
ThermalDynamics:cover:0, Крышка (Белый кристалл)
ThermalDynamics:cover:0, Крышка (Оранжевый кристалл)
ThermalDynamics:cover:0, Крышка (Сиреневый кристалл)
ThermalDynamics:cover:0, Крышка (Голубой кристалл)
ThermalDynamics:cover:0, Крышка (Жёлтый кристалл)
ThermalDynamics:cover:0, Крышка (Лаймовый кристалл)
ThermalDynamics:cover:0, Крышка (Розовый кристалл)
ThermalDynamics:cover:0, Крышка (Серый кристалл)
ThermalDynamics:cover:0, Крышка (Светло-серый кристалл)
ThermalDynamics:cover:0, Крышка (Бирюзовый кристалл)
ThermalDynamics:cover:0, Крышка (Фиолетовый кристалл)
ThermalDynamics:cover:0, Крышка (Синий кристалл)
ThermalDynamics:cover:0, Крышка (Коричневый кристалл)
ThermalDynamics:cover:0, Крышка (Зелёный кристалл)
ThermalDynamics:cover:0, Крышка (Красный кристалл)
ThermalDynamics:cover:0, Крышка (Чёрный кристалл)
ThermalDynamics:cover:0, Крышка (Глубинный кристалл)
ThermalDynamics:cover:0, Крышка (Сингулярные останки)
ThermalDynamics:cover:0, Крышка (tile.null.name)
ThermalDynamics:cover:0, Крышка (Планарные врата)
ThermalDynamics:cover:0, Крышка (Беладонна)
ThermalDynamics:cover:0, Крышка (Мандрагора)
ThermalDynamics:cover:0, Крышка (Водный артишок)
ThermalDynamics:cover:0, Крышка (Подснежник)
ThermalDynamics:cover:0, Крышка (Горькая полынь)
ThermalDynamics:cover:0, Крышка (Майндрейк)
ThermalDynamics:cover:0, Крышка (Wolfsbane)
ThermalDynamics:cover:0, Крышка (Garlic)
ThermalDynamics:cover:0, Крышка (Рябиновый росток)
ThermalDynamics:cover:0, Крышка (Ольховый росток)
ThermalDynamics:cover:0, Крышка (Боярышниковый росток)
ThermalDynamics:cover:0, Крышка (Рябина)
ThermalDynamics:cover:0, Крышка (Ольха)
ThermalDynamics:cover:0, Крышка (Боярышник)
ThermalDynamics:cover:0, Крышка (Рябиновые листья)
ThermalDynamics:cover:0, Крышка (Ольховые листья)
ThermalDynamics:cover:0, Крышка (Боярышниковые листья)
ThermalDynamics:cover:0, Крышка (Ежевика Края)
ThermalDynamics:cover:0, Крышка (Дикая ежевика)
ThermalDynamics:cover:0, Крышка (Сверкающий сорняк)
ThermalDynamics:cover:0, Крышка (Лишайник)
ThermalDynamics:cover:0, Крышка (Плавучая лилия)
ThermalDynamics:cover:0, Крышка (Роза - ловушка (паутина))
ThermalDynamics:cover:0, Крышка (Роза - ловушка (чернила))
ThermalDynamics:cover:0, Крышка (Роза - ловушка (шипы))
ThermalDynamics:cover:0, Крышка (Роза - ловушка (ростки))
ThermalDynamics:cover:0, Крышка (Одуванчик - ловушка (паутина))
ThermalDynamics:cover:0, Крышка (Одуванчик - ловушка (чернила))
ThermalDynamics:cover:0, Крышка (Одуванчик - ловушка (шипы))
ThermalDynamics:cover:0, Крышка (Одуванчик - ловушка (ростки))
ThermalDynamics:cover:0, Крышка (Кустарник - ловушка (паутина))
ThermalDynamics:cover:0, Крышка (Кустарник - ловушка (чернила))
ThermalDynamics:cover:0, Крышка (Кустарник - ловушка (шипы))
ThermalDynamics:cover:0, Крышка (Кустарник - ловушка (ростки))
ThermalDynamics:cover:0, Крышка (Янтарный мох)
ThermalDynamics:cover:0, Крышка (Мухоловка)
ThermalDynamics:cover:0, Крышка (Тонкий шелк)
ThermalDynamics:cover:0, Крышка (Web)
ThermalDynamics:cover:0, Крышка (Vine)
ThermalDynamics:cover:0, Крышка (Кактус)
ThermalDynamics:cover:0, Крышка (tile.lilypad.name)
ThermalDynamics:cover:0, Крышка (Рябиновые доски)
ThermalDynamics:cover:0, Крышка (Ольховые доски)
ThermalDynamics:cover:0, Крышка (Боярышниковые доски)
ThermalDynamics:cover:0, Крышка (Рябиновые ступеньки)
ThermalDynamics:cover:0, Крышка (Ольховые ступеньки)
ThermalDynamics:cover:0, Крышка (Боярышниковые ступеньки)
ThermalDynamics:cover:0, Крышка (Рябиновая плита)
ThermalDynamics:cover:0, Крышка (Ольховая плита)
ThermalDynamics:cover:0, Крышка (Боярышниковая плита)
ThermalDynamics:cover:0, Крышка (Рябиновая плита)
ThermalDynamics:cover:0, Крышка (Ольховая плита)
ThermalDynamics:cover:0, Крышка (Боярышниковая плита)
ThermalDynamics:cover:0, Крышка (Деревянная дверь из рябины)
ThermalDynamics:cover:0, Крышка (Деревянная дверь из ольхи)
ThermalDynamics:cover:0, Крышка (Торба)
ThermalDynamics:cover:0, Крышка (Окровавленная торба)
ThermalDynamics:cover:0, Крышка (Сияющий початок)
ThermalDynamics:cover:0, Крышка (Частокол из дуба)
ThermalDynamics:cover:0, Крышка (Частокол из ели)
ThermalDynamics:cover:0, Крышка (Частокол из березы)
ThermalDynamics:cover:0, Крышка (Частокол из джунгевого дерева)
ThermalDynamics:cover:0, Крышка (Частокол из рябины)
ThermalDynamics:cover:0, Крышка (Частокол из ольхи)
ThermalDynamics:cover:0, Крышка (Частокол из боярышника)
ThermalDynamics:cover:0, Крышка (Частокол из акации)
ThermalDynamics:cover:0, Крышка (Частокол из темного дуба)
ThermalDynamics:cover:0, Крышка (Ice Stockade)
ThermalDynamics:cover:0, Крышка (Вечный лед)
ThermalDynamics:cover:0, Крышка (Ice Door)
ThermalDynamics:cover:0, Крышка (Ice Stairs)
ThermalDynamics:cover:0, Крышка (Ice Slab)
ThermalDynamics:cover:0, Крышка (Ice Slab)
ThermalDynamics:cover:0, Крышка (Ice Fence)
ThermalDynamics:cover:0, Крышка (Ice Gate)
ThermalDynamics:cover:0, Крышка (Ice Pressure Plate)
ThermalDynamics:cover:0, Крышка (Snow Pressure Plate)
ThermalDynamics:cover:0, Крышка (Snow Stairs)
ThermalDynamics:cover:0, Крышка (Snow Slab)
ThermalDynamics:cover:0, Крышка (Snow Slab)
ThermalDynamics:cover:0, Крышка (Infinity Egg)
ThermalDynamics:cover:0, Крышка (Dirt)
ThermalDynamics:cover:0, Крышка (Grass)
ThermalDynamics:cover:0, Крышка (Blood-stained Wool)
ThermalDynamics:cover:0, Крышка (White Shaded Glass)
ThermalDynamics:cover:0, Крышка (Orange Shaded Glass)
ThermalDynamics:cover:0, Крышка (Magenta Shaded Glass)
ThermalDynamics:cover:0, Крышка (Light Blue Shaded Glass)
ThermalDynamics:cover:0, Крышка (Yellow Shaded Glass)
ThermalDynamics:cover:0, Крышка (Lime Shaded Glass)
ThermalDynamics:cover:0, Крышка (Pink Shaded Glass)
ThermalDynamics:cover:0, Крышка (Gray Shaded Glass)
ThermalDynamics:cover:0, Крышка (Silver Shaded Glass)
ThermalDynamics:cover:0, Крышка (Cyan Shaded Glass)
ThermalDynamics:cover:0, Крышка (Purple Shaded Glass)
ThermalDynamics:cover:0, Крышка (Blue Shaded Glass)
ThermalDynamics:cover:0, Крышка (Brown Shaded Glass)
ThermalDynamics:cover:0, Крышка (Green Shaded Glass)
ThermalDynamics:cover:0, Крышка (Red Shaded Glass)
ThermalDynamics:cover:0, Крышка (Black Shaded Glass)
ThermalDynamics:cover:0, Крышка (White Shaded Glass)
ThermalDynamics:cover:0, Крышка (Orange Shaded Glass)
ThermalDynamics:cover:0, Крышка (Magenta Shaded Glass)
ThermalDynamics:cover:0, Крышка (Light Blue Shaded Glass)
ThermalDynamics:cover:0, Крышка (Yellow Shaded Glass)
ThermalDynamics:cover:0, Крышка (Lime Shaded Glass)
ThermalDynamics:cover:0, Крышка (Pink Shaded Glass)
ThermalDynamics:cover:0, Крышка (Gray Shaded Glass)
ThermalDynamics:cover:0, Крышка (Silver Shaded Glass)
ThermalDynamics:cover:0, Крышка (Cyan Shaded Glass)
ThermalDynamics:cover:0, Крышка (Purple Shaded Glass)
ThermalDynamics:cover:0, Крышка (Blue Shaded Glass)
ThermalDynamics:cover:0, Крышка (Brown Shaded Glass)
ThermalDynamics:cover:0, Крышка (Green Shaded Glass)
ThermalDynamics:cover:0, Крышка (Red Shaded Glass)
ThermalDynamics:cover:0, Крышка (Black Shaded Glass)
ThermalDynamics:cover:0, Крышка (Mirror Surface)
ThermalDynamics:cover:0, Крышка (Твердь)
ThermalDynamics:cover:0, Крышка (Пыточный камень)
ThermalDynamics:cover:0, Крышка (Портал духов)
ThermalDynamics:cover:0, Крышка (Портал Мучений)
ThermalDynamics:cover:0, Крышка (tile.witchery:light.name)
ThermalDynamics:cover:0, Крышка (Sun Collector)
ThermalDynamics:cover:0, Крышка (Ритуальный символ)
ThermalDynamics:cover:0, Крышка (Потусторонний символ)
ThermalDynamics:cover:0, Крышка (Адский символ)
ThermalDynamics:cover:0, Крышка (Flowing Spirit)
ThermalDynamics:cover:0, Крышка (Flowing Spirit)
ThermalDynamics:cover:0, Крышка (Disease)
ThermalDynamics:cover:0, Крышка (tile.witchery:brew.name)
ThermalDynamics:cover:0, Крышка (Райский Дёрн)
ThermalDynamics:cover:0, Крышка (Зачарованный Райский Дёрн)
ThermalDynamics:cover:0, Крышка (Райская земля)
ThermalDynamics:cover:0, Крышка (Святой Камень)
ThermalDynamics:cover:0, Крышка (Замшелый Святой Камень)
ThermalDynamics:cover:0, Крышка (Святой кирпич)
ThermalDynamics:cover:0, Крышка (Холодное Облако)
ThermalDynamics:cover:0, Крышка (Голубое Облако)
ThermalDynamics:cover:0, Крышка (Золотое Облако)
ThermalDynamics:cover:0, Крышка (Аэро-гель)
ThermalDynamics:cover:0, Крышка (Быстро-песок)
ThermalDynamics:cover:0, Крышка (Ледяной камень)
ThermalDynamics:cover:0, Крышка (Руда Амброзиума)
ThermalDynamics:cover:0, Крышка (Занитовая Руда)
ThermalDynamics:cover:0, Крышка (Гравититовая Руда)
ThermalDynamics:cover:0, Крышка (Зачарованный Гравитит)
ThermalDynamics:cover:0, Крышка (Занитный Блок)
ThermalDynamics:cover:0, Крышка (Небесные листья)
ThermalDynamics:cover:0, Крышка (Золотые Дубовые листья)
ThermalDynamics:cover:0, Крышка (Кристальные листья)
ThermalDynamics:cover:0, Крышка (Кристальная листва)
ThermalDynamics:cover:0, Крышка (Фиолетовые листья)
ThermalDynamics:cover:0, Крышка (Украшенные Фиолетовые листья)
ThermalDynamics:cover:0, Крышка (Подарок)
ThermalDynamics:cover:0, Крышка (Небесное древо)
ThermalDynamics:cover:0, Крышка (Золотой Дуб)
ThermalDynamics:cover:0, Крышка (Небесные доски)
ThermalDynamics:cover:0, Крышка (Быстро-стекло)
ThermalDynamics:cover:0, Крышка (Факел из амброзиума)
ThermalDynamics:cover:0, Крышка (Саженец Ягодного Куста)
ThermalDynamics:cover:0, Крышка (Ягодный Куст)
ThermalDynamics:cover:0, Крышка (Фиолетовый Цветок)
ThermalDynamics:cover:0, Крышка (Белый Цветок)
ThermalDynamics:cover:0, Крышка (Саженец Райского Дуба)
ThermalDynamics:cover:0, Крышка (Саженец Золотого Дуба)
ThermalDynamics:cover:0, Крышка (Солнечный алтарь)
ThermalDynamics:cover:0, Крышка (Портал Рая)
ThermalDynamics:cover:0, Крышка (Колонна)
ThermalDynamics:cover:0, Крышка (Резная колонна)
ThermalDynamics:cover:0, Крышка (Резной Камень)
ThermalDynamics:cover:0, Крышка (Свето-резной Камень)
ThermalDynamics:cover:0, Крышка (Ангельский Камень)
ThermalDynamics:cover:0, Крышка (Свето-ангельский Камень)
ThermalDynamics:cover:0, Крышка (Адский Камень)
ThermalDynamics:cover:0, Крышка (Светло-адский Камень)
ThermalDynamics:cover:0, Крышка (Резной Камень)
ThermalDynamics:cover:0, Крышка (Свето-резной Камень)
ThermalDynamics:cover:0, Крышка (Ангельский Камень)
ThermalDynamics:cover:0, Крышка (Свето-ангельский Камень)
ThermalDynamics:cover:0, Крышка (Адский Камень)
ThermalDynamics:cover:0, Крышка (Светло-адский Камень)
ThermalDynamics:cover:0, Крышка (Резной Камень)
ThermalDynamics:cover:0, Крышка (Ангельский Камень)
ThermalDynamics:cover:0, Крышка (Адский Камень)
ThermalDynamics:cover:0, Крышка (Забор Небесного древа)
ThermalDynamics:cover:0, Крышка (Деревянная Калитка)
ThermalDynamics:cover:0, Крышка (Резной Забор)
ThermalDynamics:cover:0, Крышка (Ангельский Забор)
ThermalDynamics:cover:0, Крышка (Адский Забор)
ThermalDynamics:cover:0, Крышка (Ограда из Святого Камня)
ThermalDynamics:cover:0, Крышка (Ограда из Кирпича)
ThermalDynamics:cover:0, Крышка (Ограда из Замшелого Булыжника)
ThermalDynamics:cover:0, Крышка (Стена из аэро-геля)
ThermalDynamics:cover:0, Крышка (Каменные Ступеньки)
ThermalDynamics:cover:0, Крышка (Ангельские Ступеньки)
ThermalDynamics:cover:0, Крышка (Адскиe Ступеньки)
ThermalDynamics:cover:0, Крышка (Ступеньки Небесного древа)
ThermalDynamics:cover:0, Крышка (Каменные Ступеньки)
ThermalDynamics:cover:0, Крышка (Кирпичные Ступеньки)
ThermalDynamics:cover:0, Крышка (Замшелые Ступеньки)
ThermalDynamics:cover:0, Крышка (Лестница из аэро-геля)
ThermalDynamics:cover:0, Крышка (Двойная Плита из Небесного древа)
ThermalDynamics:cover:0, Крышка (Каменная Двойная Плита)
ThermalDynamics:cover:0, Крышка (Ангельская Двойная Плита)
ThermalDynamics:cover:0, Крышка (Адская Двойная Плита)
ThermalDynamics:cover:0, Крышка (Двойная Плита из Булыжника)
ThermalDynamics:cover:0, Крышка (Двойная плита из Замшелого Булыжника)
ThermalDynamics:cover:0, Крышка (Двойная Плита из Кирпича)
ThermalDynamics:cover:0, Крышка (Лестница из аэро-геля)
ThermalDynamics:cover:0, Крышка (Плита из Небесного древа)
ThermalDynamics:cover:0, Крышка (Каменная Плита)
ThermalDynamics:cover:0, Крышка (Ангельская Плита)
ThermalDynamics:cover:0, Крышка (Адская Плита)
ThermalDynamics:cover:0, Крышка (Плита из Булыжника)
ThermalDynamics:cover:0, Крышка (Плита из Замшелого Булыжника)
ThermalDynamics:cover:0, Крышка (Кирпичная Плита)
ThermalDynamics:cover:0, Крышка (Ступеньки из аэро-геля)
ThermalDynamics:cover:0, Крышка (Небесная книжная полка)
ThermalDynamics:cover:0, Крышка (Skyroot Bed)
ThermalDynamics:retriever:0, Поисковик
ThermalDynamics:retriever:1, Усиленный поисковик
ThermalDynamics:retriever:2, Укреплённый поисковик
ThermalDynamics:retriever:3, Синаловый поисковик
ThermalDynamics:retriever:4, Резонирующий поисковик
ThermalDynamics:relay:0, Красное реле
universalsingularities:universal.vanilla.singularity:0, Coal Singularity
universalsingularities:universal.vanilla.singularity:1, Emerald Singularity
universalsingularities:universal.vanilla.singularity:2, Diamond Singularity
universalsingularities:universal.general.singularity:0, Aluminum Singularity
universalsingularities:universal.general.singularity:1, Brass Singularity
universalsingularities:universal.general.singularity:2, Bronze Singularity
universalsingularities:universal.general.singularity:3, Charcoal Singularity
universalsingularities:universal.general.singularity:4, Electrum Singularity
universalsingularities:universal.general.singularity:5, Invar Singularity
universalsingularities:universal.general.singularity:6, Magnesium Singularity
universalsingularities:universal.general.singularity:7, Osmium Singularity
universalsingularities:universal.general.singularity:8, Peridot Singularity
universalsingularities:universal.general.singularity:9, Ruby Singularity
universalsingularities:universal.general.singularity:10, Sapphire Singularity
universalsingularities:universal.general.singularity:11, Steel Singularity
universalsingularities:universal.general.singularity:12, Titanium Singularity
universalsingularities:universal.general.singularity:13, Tungsten Singularity
universalsingularities:universal.general.singularity:14, Uranium Singularity
universalsingularities:universal.general.singularity:15, Zinc Singularity
universalsingularities:universal.bigReactors.singularity:0, Blutonium Singularity
universalsingularities:universal.bigReactors.singularity:1, Cyanite Singularity
universalsingularities:universal.bigReactors.singularity:2, Graphite Singularity
universalsingularities:universal.bigReactors.singularity:3, Ludicrite Singularity
universalsingularities:universal.bigReactors.singularity:4, Yellorium Singularity
universalsingularities:universal.draconicEvolution.singularity:0, Draconium Singularity
universalsingularities:universal.draconicEvolution.singularity:1, Awakened Draconium Singularity
universalsingularities:universal.enderIO.singularity:0, Conductive Iron Singularity
universalsingularities:universal.enderIO.singularity:1, Electrical Steel Singularity
universalsingularities:universal.enderIO.singularity:2, Energetic Alloy Singularity
universalsingularities:universal.enderIO.singularity:3, Dark Steel Singularity
universalsingularities:universal.enderIO.singularity:4, Pulsating Iron Singularity
universalsingularities:universal.enderIO.singularity:5, Redstone Alloy Singularity
universalsingularities:universal.enderIO.singularity:6, Soularium Singularity
universalsingularities:universal.enderIO.singularity:7, Vibrant Alloy Singularity
universalsingularities:universal.extraPlanets.singularity:0, Blue Gem Singularity
universalsingularities:universal.extraPlanets.singularity:1, Carbon Singularity
universalsingularities:universal.extraPlanets.singularity:2, Crystal Singularity
universalsingularities:universal.extraPlanets.singularity:3, Palladium Singularity
universalsingularities:universal.extraPlanets.singularity:4, Red Gem Singularity
universalsingularities:universal.extraPlanets.singularity:5, White Gem Singularity
universalsingularities:universal.extraTiC.singularity:0, Fairy Singularity
universalsingularities:universal.extraTiC.singularity:1, Pokefennium Singularity
universalsingularities:universal.extraUtilities.singularity:0, Unstable Ingot Singularity
universalsingularities:universal.mekanism.singularity:0, Refined Glowstone Singularity
universalsingularities:universal.mekanism.singularity:1, Refined Obsidian Singularity
universalsingularities:universal.metallurgy.singularity:0, Bitumen Singularity
universalsingularities:universal.metallurgy.singularity:1, Phosphorus Singularity
universalsingularities:universal.metallurgy.singularity:2, Potash Singularity
universalsingularities:universal.metallurgy.singularity:3, Saltpeter Singularity
universalsingularities:universal.metallurgy.singularity:4, Sulfur Singularity
universalsingularities:universal.metallurgy.singularity:5, Angmallen Singularity
universalsingularities:universal.metallurgy.singularity:6, Damascus Steel Singularity
universalsingularities:universal.metallurgy.singularity:7, Hepatizon Singularity
universalsingularities:universal.metallurgy.singularity:8, Desichalkos Singularity
universalsingularities:universal.metallurgy.singularity:9, Black Steel Singularity
universalsingularities:universal.metallurgy.singularity:10, Celenegil Singularity
universalsingularities:universal.metallurgy.singularity:11, Haderoth Singularity
universalsingularities:universal.metallurgy.singularity:12, Quicksilver Singularity
universalsingularities:universal.metallurgy.singularity:13, Tartarite Singularity
universalsingularities:universal.metallurgy.singularity:14, Amordrine Singularity
universalsingularities:universal.metallurgy.singularity:15, Inolashite Singularity
universalsingularities:universal.metallurgy.singularity:16, Shadow Steel Singularity
universalsingularities:universal.pneumaticCraft.singularity:0, Compressed Iron Singularity
universalsingularities:universal.projectRed.singularity:0, Electrotine Singularity
universalsingularities:universal.redstoneArsenal.singularity:0, Fluxed Electrum Singularity
universalsingularities:universal.redstoneArsenal.singularity:1, Flux Crystal Singularity
universalsingularities:universal.tinkersConstruct.singularity:0, Aluminum Brass Singularity
universalsingularities:universal.tinkersConstruct.singularity:1, Alumite Singularity
universalsingularities:universal.tinkersConstruct.singularity:2, Ardite Singularity
universalsingularities:universal.tinkersConstruct.singularity:3, Cobalt Singularity
universalsingularities:universal.tinkersConstruct.singularity:4, Ender Singularity
universalsingularities:universal.tinkersConstruct.singularity:5, Glue Singularity
universalsingularities:universal.tinkersConstruct.singularity:6, Manyullyn Singularity
witchery:ingredient:0, Канделябр
witchery:ingredient:1, Кубок
witchery:ingredient:2, Чаша (Наполненная)
witchery:ingredient:3, Ловец снов "Быстрый Бег"
witchery:ingredient:4, Ловец снов "Железный Кулак"
witchery:ingredient:5, Ловец снов "Ускорение"
witchery:ingredient:6, Ловец снов "Кошмары"
witchery:ingredient:7, Костяная игла
witchery:ingredient:8, Метла
witchery:ingredient:9, Зачарованная метла
witchery:ingredient:10, Камень силы
witchery:ingredient:11, Камень силы (заряженный)
witchery:ingredient:12, Камень возврата
witchery:ingredient:14, Мутандис
witchery:ingredient:15, Мутандис Экстремис
witchery:ingredient:16, Известь
witchery:ingredient:17, Гипс
witchery:ingredient:18, Древесный прах
witchery:ingredient:21, Цветок беладонны
witchery:ingredient:22, Цветок мандрагоры
witchery:ingredient:23, Сердце Демона
witchery:ingredient:24, Шерсть летучей мыши
witchery:ingredient:25, Язык собаки
witchery:ingredient:26, Кувшин из мягкой глины
witchery:ingredient:27, Глиняный кувшин
witchery:ingredient:28, Вонючий дым
witchery:ingredient:29, Алмазное испарение
witchery:ingredient:30, Купоросовое масло
witchery:ingredient:31, Выдох демона
witchery:ingredient:32, Дыхание богини
witchery:ingredient:33, Сила возрождения
witchery:ingredient:34, Дуновение магии
witchery:ingredient:35, Запах неудачи
witchery:ingredient:36, Благоухание чистоты
witchery:ingredient:37, Слеза богини
witchery:ingredient:38, Абсолютное зло
witchery:ingredient:39, Капля удачи
witchery:ingredient:40, Суп из Редстоуна
witchery:ingredient:41, Мазь полета
witchery:ingredient:42, Призрак света
witchery:ingredient:43, Душа мира
witchery:ingredient:44, Дух потустороннего мира
witchery:ingredient:45, Адская враждебность
witchery:ingredient:46, Ведьмовство: Сбор ароматов
witchery:ingredient:47, Ведьмовство: Дистилляция
witchery:ingredient:48, Ведьмовство: Магия Кругов
witchery:ingredient:49, Ведьмовство: Зелья и Отвары
witchery:ingredient:50, Сырая свинина?
witchery:ingredient:51, Жареная свинина?
witchery:ingredient:52, Деревянная дверь из рябины
witchery:ingredient:53, Деревянная дверь из ольхи
witchery:ingredient:54, Ключ от рябиновой двери
witchery:ingredient:55, Камень
witchery:ingredient:56, Густая паутина
witchery:ingredient:57, Зелье из лианы
witchery:ingredient:58, Зелье из паутины
witchery:ingredient:59, Зелье из колючек
witchery:ingredient:60, Зелье из чернил
witchery:ingredient:61, Зелье проращивания
witchery:ingredient:62, Зелье эрозии
witchery:ingredient:63, Ягоды рябины
witchery:ingredient:64, Камень некроманта
witchery:ingredient:65, Зелье возвышения
witchery:ingredient:66, Спектральная пыль
witchery:ingredient:67, Роса края
witchery:ingredient:69, Клубень водного артишока
witchery:ingredient:70, Семечко триффида
witchery:ingredient:71, Зелье абсурда
witchery:ingredient:72, Пропитанная кожа
witchery:ingredient:73, Фильтр запахов
witchery:ingredient:74, Сердце крипера
witchery:ingredient:75, Зелье любви
witchery:ingredient:76, Зелье мороза
witchery:ingredient:77, Зелье глубин
witchery:ingredient:78, Сосулька
witchery:ingredient:79, Замороженное сердце
witchery:ingredient:80, Демоническая кровь
witchery:ingredient:81, Ведьмовство: Травоведение
witchery:ingredient:82, Ветвь энта
witchery:ingredient:83, Мистическая мазь
witchery:ingredient:84, Рябиновый брелок
witchery:ingredient:85, Отвар из жабьих языков
witchery:ingredient:86, Отвар проклятого прыжка
witchery:ingredient:87, Отвар погребов
witchery:ingredient:88, Отвар инфекций
witchery:ingredient:89, Крыло совы
witchery:ingredient:90, Жабий коготь
witchery:ingredient:91, Червивое яблоко
witchery:ingredient:92, Кварцовая сфера
witchery:ingredient:93, Масло неизбежности
witchery:ingredient:94, Камень пророка
witchery:ingredient:95, Настой сна
witchery:ingredient:96, Настой преследующего духа
witchery:ingredient:97, Настой транжиры
witchery:ingredient:98, Яблоко
witchery:ingredient:99, Порванный шелк
witchery:ingredient:100, Спутавшаяся нить
witchery:ingredient:101, Вымученная пряжа
witchery:ingredient:102, Золотая нить
witchery:ingredient:103, Сладкозвучный голод
witchery:ingredient:104, Ловец снов "Сила"
witchery:ingredient:105, Очищенное молоко
witchery:ingredient:106, Книга биомов
witchery:ingredient:107, Ведьмовство: Симвология
witchery:ingredient:108, Концентрированный комок летучих мышей
witchery:ingredient:109, Варево летучих мышей
witchery:ingredient:110, Дар причудливого мышления
witchery:ingredient:111, Горькая полынь
witchery:ingredient:112, Приглушенный Дух
witchery:ingredient:113, Загаданное желание
witchery:ingredient:114, Концентрированный Страх
witchery:ingredient:115, Настой Пустых Слез
witchery:ingredient:116, Затвердевающий настой (Камень)
witchery:ingredient:117, Затвердевающий настой (Земля)
witchery:ingredient:118, Затвердевающий настой (Песок)
witchery:ingredient:119, Затвердевающий настой (Песчаник)
witchery:ingredient:120, Затвердевающий настой (Эрозия)
witchery:ingredient:121, Основа зачарованных настоев
witchery:ingredient:122, Зачарованный настой парения
witchery:ingredient:123, Зачарованный могильный настой
witchery:ingredient:124, Настой открытий
witchery:ingredient:125, Настой Замещения
witchery:ingredient:126, Застывший Дух
witchery:ingredient:127, Ведьмовство: Колдовство и идолы
witchery:ingredient:128, Могильный прах
witchery:ingredient:129, Череп Бинки
witchery:ingredient:130, Катализатор рассеивания
witchery:ingredient:131, Рассеивающая кожа
witchery:ingredient:132, Деревянный болт
witchery:ingredient:133, Рассеивающий болт
witchery:ingredient:134, Костяной болт
witchery:ingredient:135, Расщепляющий болт
witchery:ingredient:136, Душа Демона Голода
witchery:ingredient:137, Душа Демона Печали
witchery:ingredient:138, Душа Демона Страха
witchery:ingredient:139, Душа Демона Мучений
witchery:ingredient:140, Демонический контракт
witchery:ingredient:141, Мучение
witchery:ingredient:142, Живое Пламя
witchery:ingredient:143, Устойчивость к огню
witchery:ingredient:144, Испарение
witchery:ingredient:145, Огненное касание
witchery:ingredient:146, Плавящийся факел
witchery:ingredient:148, Кобольдитовая пыль
witchery:ingredient:149, Кобольдитовый самородок
witchery:ingredient:150, Кобольдитовый слиток
witchery:ingredient:151, Пентакль
witchery:ingredient:152, Ice Door
witchery:ingredient:153, Anointing Paste
witchery:ingredient:154, Subdued Village Spirit
witchery:ingredient:155, Silver Bolt
witchery:ingredient:156, Wolfsbane
witchery:ingredient:157, Silver Deposits
witchery:ingredient:158, Raw Lambchop
witchery:ingredient:159, Cooked Lambchop
witchery:ingredient:160, Torn Page
witchery:ingredient:161, Woven Cruor
witchery:ingredient:162, Wooden Stake
witchery:ingredient:163, Warm Blood
witchery:ingredient:164, Lilith's Blood
witchery:ingredient:165, Heart of Gold
witchery:taglockkit, Набор для сбора ДНК
witchery:poppet:0, Кукла
witchery:poppet:1, Кукла защиты от земли
witchery:poppet:2, Кукла защиты от воды
witchery:poppet:3, Кукла защиты от огня
witchery:poppet:4, Кукла защиты от голода
witchery:poppet:5, Кукла защиты инструментов
witchery:poppet:6, Кукла защиты от смерти
witchery:poppet:7, Кукла защиты от вуду
witchery:poppet:8, Кукла вуду
witchery:poppet:9, Вампирическая кукла
witchery:poppet:10, Кукла защиты кукол
witchery:poppet:11, Кукла защиты брони
witchery:potion:0, Универсальный антидот
witchery:coffin, Coffin
witchery:stew, Meaty Stew
witchery:stewraw, Raw Meaty Stew
witchery:mirror, Mirror
witchery:chalkritual, Ритуальный мел
witchery:chalkotherwhere, Мел потустороннего мира
witchery:chalkinfernal, Адский мел
witchery:chalkheart, Золотой мел
witchery:boline, Боллин
witchery:arthana, Артана
witchery:huntsmanspear, Копье охотника
witchery:handbow, Арбалет охотника на ведьм
witchery:deathshand, Рука Смерти
witchery:silversword, Silver Sword
witchery:canesword, Cane Sword
witchery:witchhand, Рука ведьмы
witchery:circletalisman:0, Талисман круга
witchery:circletalisman:1, Талисман круга (Малый - Ритуальный)
witchery:circletalisman:2, Талисман круга (Малый - Потусторонний)
witchery:circletalisman:3, Талисман круга (Малый - Адский)
witchery:circletalisman:8, Талисман круга (Средний - Ритуальный)
witchery:circletalisman:16, Талисман круга (Средний - Потусторонний)
witchery:circletalisman:24, Талисман круга (Средний - Адский)
witchery:circletalisman:64, Талисман круга (Большой - Ритуальный)
witchery:circletalisman:128, Талисман круга (Большой - Потусторонний)
witchery:circletalisman:192, Талисман круга (Большой - Адский)
witchery:mysticbranch, Мистический отросток
witchery:divinerwater, Водный прорицатель
witchery:divinerlava, Лавовый прорицатель
witchery:polynesiacharm, Дар понимания животных
witchery:devilstonguecharm, Дар Дьявольского обояния
witchery:mutator, Мутировавший сук
witchery:louse:0, Вошь - паразит
witchery:brewbag, Заплечная сумка для варева
witchery:spectralstone:0, Спектральный камень
witchery:spectralstone:17, Спектральный камень
witchery:spectralstone:18, Спектральный камень
witchery:spectralstone:19, Спектральный камень
witchery:shelfcompass, Компас полки для кукол
witchery:kobolditepickaxe, Кобольдитовая кирка
witchery:dupstaff, Посох удвоения
witchery:brewbottle:0, Brew
witchery:brew.fuel:0, Brew of Combustion
witchery:brew.water, Brew of Endless Water
witchery:bookbiomes2, Book of Biomes (Extended Edition)
witchery:biomenote:0, Biome Beach
witchery:cauldronbook:0, Witches' Brews
witchery:leonardsurn:0, Leonard's Urn
witchery:leonardsurn:1, Leonard's Urn
witchery:leonardsurn:2, Leonard's Urn
witchery:leonardsurn:3, Leonard's Urn
witchery:playercompass, Player Compass
witchery:mooncharm, Moon Charm
witchery:hornofthehunt, Horn of the Hunt
witchery:wolftoken, Creative Bat/Wolf Token
witchery:glassgoblet:0, Glass Goblet
witchery:sungrenade, Sun Grenade
witchery:vampirebook:0, Observations of an Immortal
witchery:vampirebook:9, Observations of an Immortal
witchery:dupgrenade, Duplication Grenade
witchery:witchhat, Шляпа ведьмы
witchery:babashat, Колпак Бабы Яги
witchery:witchrobe, Ведьмин балахон
witchery:necromancerrobe, Балахон некроманта
witchery:bitingbelt, Кусающийся ремень
witchery:barkbelt, Лаящий ремень
witchery:iceslippers, Коньки
witchery:rubyslippers, Рубиновые тапочки
witchery:seepingshoes, Плетеные ботинки
witchery:hunterhat, Шляпа охотника на ведьм
witchery:huntercoat, Плащ охотника на ведьм
witchery:hunterlegs, Штаны охотника на ведьм
witchery:hunterboots, Ботинки охотника на ведьм
witchery:hunterhatsilvered, Witch Hunter Hat (Silvered)
witchery:huntercoatsilvered, Witch Hunter Coat (Silvered)
witchery:hunterlegssilvered, Witch Hunter Trousers (Silvered)
witchery:hunterbootssilvered, Witch Hunter Boots (Silvered)
witchery:hunterhatgarlicked, Witch Hunter Dawn Hat
witchery:huntercoatgarlicked, Witch Hunter Dawn Coat
witchery:hunterlegsgarlicked, Witch Hunter Dawn Trousers
witchery:hunterbootsgarlicked, Witch Hunter Dawn Boots
witchery:deathscowl, Капюшон Смерти
witchery:deathsrobe, Роба Смерти
witchery:deathsfeet, Обувь Смерти
witchery:quiverofmog, Колчан Мога
witchery:gurdleofgulg, Пояс Гулга
witchery:kobolditehelm, Twisting Band
witchery:earmuffs, Earmuffs
witchery:vampirehat, Vampire Top Hat
witchery:vampirehelmet, Vampire Helmet
witchery:vampirecoat, Vampire Dress Coat
witchery:vampirecoat_female, Vampire Dress Jacket (Ladies)
witchery:vampirechaincoat, Vampire Chain Coat
witchery:vampirechaincoat_female, Vampire Chain Coat (Ladies)
witchery:vampirelegs, Vampire Trousers
witchery:vampirelegs_kilt, Vampire Skirted Trousers
witchery:vampireboots, Vampire Oxford Boots
witchery:seedsbelladonna, Семена беладонны
witchery:seedsmandrake, Семена мандрагоры
witchery:seedsartichoke, Семена водного артишока
witchery:seedssnowbell, Семена подснежника
witchery:seedswormwood, Семена горькой полыни
witchery:seedsmindrake, Луковица майндрейка
witchery:seedswolfsbane, Wolfsbane Seeds
witchery:garlic, Garlic
witchery:bucketspirit, Ведро духов
witchery:buckethollowtears, Ведро Пустых Слез
witchery:bucketbrew, item.witchery:bucketbrew.name
IguanaTweaksTConstruct:rubberChicken, item.iguana.tcon.rubberChicken.name
IguanaTweaksTConstruct:skullItem:0, Голова странника Края
IguanaTweaksTConstruct:skullItem:1, Голова свиночеловека
IguanaTweaksTConstruct:skullItem:2, Голова ифрита
IguanaTweaksTConstruct:skullItem:3, Голова бурана
IguanaTweaksTConstruct:wearableBucket, item.iguana.tcon.wearable.name
IguanaTweaksTConstruct:clayBucketUnfired, Необожжённое глиняное ведро
IguanaTweaksTConstruct:clayBucketFired, Обожжённое глиняное ведро
IguanaTweaksTConstruct:clayBucketWater, Глиняное ведро воды
IguanaTweaksTConstruct:clayBucketLava, Глиняное ведро лавы
IguanaTweaksTConstruct:clayBucketMilk, Глиняное ведро молока
IguanaTweaksTConstruct:clayBucketsTinkers:0, Глиняное ведро расплавленного железа
IguanaTweaksTConstruct:clayBucketsTinkers:1, Глиняное ведро расплавленного золота
IguanaTweaksTConstruct:clayBucketsTinkers:2, Глиняное ведро расплавленной меди
IguanaTweaksTConstruct:clayBucketsTinkers:3, Глиняное ведро расплавленного олова
IguanaTweaksTConstruct:clayBucketsTinkers:4, Глиняное ведро расплавленного алюминия
IguanaTweaksTConstruct:clayBucketsTinkers:5, Глиняное ведро расплавленного кобальта
IguanaTweaksTConstruct:clayBucketsTinkers:6, Глиняное ведро расплавленного ардита
IguanaTweaksTConstruct:clayBucketsTinkers:7, Глиняное ведро расплавленной бронзы
IguanaTweaksTConstruct:clayBucketsTinkers:8, Глиняное ведро расплавленной алюминиевой латуни
IguanaTweaksTConstruct:clayBucketsTinkers:9, Глиняное ведро расплавленного мануллина
IguanaTweaksTConstruct:clayBucketsTinkers:10, Глиняное ведро расплавленного алюмита
IguanaTweaksTConstruct:clayBucketsTinkers:11, Глиняное ведро расплавленного обсидиана
IguanaTweaksTConstruct:clayBucketsTinkers:12, Глиняное ведро расплавленной стали
IguanaTweaksTConstruct:clayBucketsTinkers:13, Глиняное ведро расплавленного стекла
IguanaTweaksTConstruct:clayBucketsTinkers:14, Глиняное ведро расплавленного обожжённого камня
IguanaTweaksTConstruct:clayBucketsTinkers:15, Глиняное ведро сжиженного изумруда
IguanaTweaksTConstruct:clayBucketsTinkers:16, Глиняное ведро крови
IguanaTweaksTConstruct:clayBucketsTinkers:17, Глиняное ведро расплавленного никеля
IguanaTweaksTConstruct:clayBucketsTinkers:18, Глиняное ведро расплавленного свинца
IguanaTweaksTConstruct:clayBucketsTinkers:19, Глиняное ведро расплавленного серебра
IguanaTweaksTConstruct:clayBucketsTinkers:20, Глиняное ведро расплавленной платины
IguanaTweaksTConstruct:clayBucketsTinkers:21, Глиняное ведро расплавленного инвара
IguanaTweaksTConstruct:clayBucketsTinkers:22, Глиняное ведро расплавленного электрума
IguanaTweaksTConstruct:clayBucketsTinkers:23, Глиняное ведро жидкости Края
IguanaTweaksTConstruct:clayBucketsTinkers:24, Глиняное ведро жидкой слизи
IguanaTweaksTConstruct:clayBucketsTinkers:25, Глиняное ведро липкого клея
IguanaTweaksTConstruct:clayBucketsTinkers:26, Глиняное ведро расплавленного свиного железа
IguanaTweaksTConstruct:clayBucketsTinkers:27, Глиняное ведро расплавленного ламиума
IguanaTweaksTConstruct:clayBucketsTinkers:28, Глиняное ведро расплавленного синала
IguanaTweaksTConstruct:clayBucketsTinkers:29, Глиняное ведро расплавленного мифрила
IguanaTweaksTConstruct:clayBucketsTinkers:30, Глиняное ведро расплавленного эндериума
ForgeMicroblock:sawStone, Каменная пила
ForgeMicroblock:sawIron, Железная пила
ForgeMicroblock:sawDiamond, Алмазная пила
ForgeMicroblock:stoneRod, Каменная палка
aether_legacy:zanite_gemstone, Занитный Камень
aether_legacy:ambrosium_shard, Амброзиум
aether_legacy:golden_amber, Золотой Янтарь
aether_legacy:aechor_petal, Листок Цветка Моа
aether_legacy:swet_ball, Сладкий шарик
aether_legacy:skyroot_pickaxe, Кирка из небесного дерева
aether_legacy:skyroot_axe, Топор из небесного дерева
aether_legacy:skyroot_shovel, Лопата из небесного дерева
aether_legacy:holystone_pickaxe, Кирка из святого камня
aether_legacy:holystone_axe, Топор из святого камня
aether_legacy:holystone_shovel, Лопата из святого камня
aether_legacy:zanite_pickaxe, Занитная Кирка
aether_legacy:zanite_axe, Занитный Топор
aether_legacy:zanite_shovel, Занитная Лопата
aether_legacy:gravitite_pickaxe, Граветитовая Кирка
aether_legacy:gravitite_axe, Гравититовый Топор
aether_legacy:gravitite_shovel, Гравититовая Лопата
aether_legacy:valkyrie_pickaxe, Кирка Валькирии
aether_legacy:valkyrie_axe, Топор Валькирии
aether_legacy:valkyrie_shovel, Лопата Валькирии
aether_legacy:zanite_helmet, Занитный Шлем
aether_legacy:zanite_chestplate, Занитный Нагрудник
aether_legacy:zanite_leggings, Занитные Штаны
aether_legacy:zanite_boots, Занитные Ботинки
aether_legacy:gravitite_helmet, Граветитовый Шлем
aether_legacy:gravitite_chestplate, Граветитовый Нагрудник
aether_legacy:gravitite_leggings, Гравититовые Штаны
aether_legacy:gravitite_boots, Гравититовые Ботинки
aether_legacy:neptune_helmet, Шлем Нептуна
aether_legacy:neptune_chestplate, Нагрудник Нептуна
aether_legacy:neptune_leggings, Штаны Нептуна
aether_legacy:neptune_boots, Ботинки Нептуна
aether_legacy:phoenix_helmet, Шлем Феникса
aether_legacy:phoenix_chestplate, Нагрудник Феникса
aether_legacy:phoenix_leggings, Штаны Феникса
aether_legacy:phoenix_boots, Ботинки Феникса
aether_legacy:obsidian_helmet, Обсидиановый Шлем
aether_legacy:obsidian_chestplate, Обсидиановый Нагрудник
aether_legacy:obsidian_leggings, Обсидиановые Штаны
aether_legacy:obsidian_boots, Обсидиановые Ботинки
aether_legacy:valkyrie_helmet, Шлем Валькирии
aether_legacy:valkyrie_chestplate, Нагрудник Валькирии
aether_legacy:valkyrie_leggings, Штаны Валькирии
aether_legacy:valkyrie_boots, Ботинки Валькирии
aether_legacy:blueberry, Синяя Ягода
aether_legacy:enchanted_blueberry, Зачарованная Ягода
aether_legacy:white_apple, Белое Яблоко
aether_legacy:gummy_swet:0, Синяя Мармеладная конфета
aether_legacy:gummy_swet:1, Золотая Мармеладная конфета
aether_legacy:healing_stone, Камень исцеления
aether_legacy:candy_cane, Конфета
aether_legacy:gingerbread_man, Имбирно-хлебный Человечик
aether_legacy:skyroot_stick, Палка
aether_legacy:victory_medal, Победная Медаль
aether_legacy:dungeon_key:0, Бронзовый Ключ
aether_legacy:dungeon_key:1, Серебряный Ключ
aether_legacy:dungeon_key:2, Золотой Ключ
aether_legacy:skyroot_bucket:0, Ведро из небесного дерева
aether_legacy:skyroot_bucket:1, Ведро из небесного дерева с Водой
aether_legacy:skyroot_bucket:2, Ведро из небесного дерева с Ядом
aether_legacy:skyroot_bucket:3, Ведро из небесного дерева с Отравой
aether_legacy:skyroot_bucket:4, Ведро из небесного дерева с Молоком
aether_legacy:cold_parachute, Холодный Парашют
aether_legacy:golden_parachute, Золотой Парашют
aether_legacy:moa_egg, item.moa_egg.name
aether_legacy:dart_shooter:0, Золотая Духовая Трубка
aether_legacy:dart_shooter:1, Ядовитая Духовая Трубка
aether_legacy:dart_shooter:2, Зачарованная Духовая Трубка
aether_legacy:phoenix_bow, Лук Феникса
aether_legacy:dart:0, Золотой Дротик
aether_legacy:dart:1, Отравленный Дротик
aether_legacy:dart:2, Зачарованный Дротик
aether_legacy:skyroot_sword, Меч из небесного дерева
aether_legacy:holystone_sword, Меч из святого камня
aether_legacy:zanite_sword, Занитный Меч
aether_legacy:gravitite_sword, Гравититовый Меч
aether_legacy:flaming_sword, Огненный Меч
aether_legacy:lightning_sword, Меч Молнии
aether_legacy:holy_sword, Святой Меч
aether_legacy:vampire_blade, Вампирский Меч
aether_legacy:pig_slayer, Свинной Нож
aether_legacy:candy_cane_sword, Конфетный Меч
aether_legacy:notch_hammer, Молот Нотча
aether_legacy:leather_gloves, Кожаные Перчатки
aether_legacy:iron_gloves, Железные Перчатки
aether_legacy:golden_gloves, Золотые Перчатки
aether_legacy:chain_gloves, Кольчужные Перчатки
aether_legacy:diamond_gloves, Алмазные Перчатки
aether_legacy:zanite_gloves, Занитные Перчатки
aether_legacy:gravitite_gloves, Гравититовые Перчатки
aether_legacy:neptune_gloves, Перчатки Нептуна
aether_legacy:phoenix_gloves, Перчатки Феникса
aether_legacy:obsidian_gloves, Обсидиановые Перчатки
aether_legacy:valkyrie_gloves, Перчатки Валькирии
aether_legacy:iron_ring, Железное Кольцо
aether_legacy:golden_ring, Золотое Кольцо
aether_legacy:zanite_ring, Занитное Кольцо
aether_legacy:ice_ring, Ледяное Кольцо
aether_legacy:iron_pendant, Железный Кулон
aether_legacy:golden_pendant, Золотой Кулон
aether_legacy:zanite_pendant, Занитный Кулон
aether_legacy:ice_pendant, Ледяной Кулон
aether_legacy:red_cape, Красный Плащ
aether_legacy:blue_cape, Синий Плащ
aether_legacy:yellow_cape, Желтый Плащ
aether_legacy:white_cape, Белый Плащ
aether_legacy:swet_cape, Плащ-Прыжка
aether_legacy:invisibility_cape, Плащ-Невидимка
aether_legacy:agility_cape, Плащ-Ловкости
aether_legacy:valkyrie_cape, Плащ Вальикрии
aether_legacy:golden_feather, Золотое Перо
aether_legacy:regeneration_stone, Камень Регенерации
aether_legacy:iron_bubble, Железный Пузырь
aether_legacy:life_shard, Палочка Жизни
aether_legacy:cloud_staff, Облачный Staff
aether_legacy:nature_staff, Посох Природы
aether_legacy:lightning_knife, Нож Молнии
aether_legacy:valkyrie_lance, Меч Валькирии
aether_legacy:sentry_boots, Каменные Ботинки
aether_legacy:aether_tune, Мелодия Рая
aether_legacy:ascending_dawn, Восходящая Заря
aether_legacy:welcoming_skies, Приветствуя Небо
aether_legacy:legacy, Legacy
aether_legacy:repulsion_shield, Щит отталкивания
aether_legacy:lore_book, Книга знаний
aether_legacy:developer_stick, Палка разработчика
aether_legacy:aether_spawn_egg:0, Нерест Моа
aether_legacy:aether_spawn_egg:1, Нерест Летающая Свинья
aether_legacy:aether_spawn_egg:2, Нерест Летающая Корова
aether_legacy:aether_spawn_egg:3, Нерест Овца
aether_legacy:aether_spawn_egg:4, Нерест Воздушный зайчик
aether_legacy:aether_spawn_egg:5, Нерест Кит
aether_legacy:aether_spawn_egg:6, Нерест Слайм
aether_legacy:aether_spawn_egg:7, Нерест Василиск
aether_legacy:aether_spawn_egg:8, Нерест Часовой
aether_legacy:aether_spawn_egg:9, Нерест Зефир
aether_legacy:aether_spawn_egg:10, Нерест Цветок Моа
aether_legacy:aether_spawn_egg:11, Нерест Имитатор
aether_legacy:skyroot_bed_item, Skyroot Bed
aether_legacy:aether_portal_frame, Aether Portal Frame